품목,시도,시군구,k2,적정온도,경고임계,위험임계,결실개시년,경제수명년,현재재배면적_ha,현재단수_kg_ha,현재단가_원kg,시나리오,중심연도,생육기기온,편차,판정,저온요구도
밤,경북,상주시,상주,19.7,1.3,2.0,5,30,7.6,5379.0,3398.0,관측,2005,19.73,0.03,경고,1184
밤,경북,상주시,상주,19.7,1.3,2.0,5,30,7.6,5379.0,3398.0,ssp245,2028,21.32,1.62,주의,1010
밤,경북,상주시,상주,19.7,1.3,2.0,5,30,7.6,5379.0,3398.0,ssp245,2038,21.72,2.02,위험,967
밤,경북,상주시,상주,19.7,1.3,2.0,5,30,7.6,5379.0,3398.0,ssp245,2048,22.11,2.41,위험,927
밤,경북,상주시,상주,19.7,1.3,2.0,5,30,7.6,5379.0,3398.0,ssp245,2058,22.49,2.79,위험,890
밤,경북,상주시,상주,19.7,1.3,2.0,5,30,7.6,5379.0,3398.0,ssp245,2068,22.77,3.07,위험,858
밤,경북,상주시,상주,19.7,1.3,2.0,5,30,7.6,5379.0,3398.0,ssp245,2078,23.09,3.39,위험,816
밤,경북,상주시,상주,19.7,1.3,2.0,5,30,7.6,5379.0,3398.0,ssp585,2028,21.49,1.79,주의,1009
밤,경북,상주시,상주,19.7,1.3,2.0,5,30,7.6,5379.0,3398.0,ssp585,2038,22.05,2.35,위험,936
밤,경북,상주시,상주,19.7,1.3,2.0,5,30,7.6,5379.0,3398.0,ssp585,2048,22.68,2.98,위험,856
밤,경북,상주시,상주,19.7,1.3,2.0,5,30,7.6,5379.0,3398.0,ssp585,2058,23.4,3.7,위험,779
밤,경북,상주시,상주,19.7,1.3,2.0,5,30,7.6,5379.0,3398.0,ssp585,2068,24.16,4.46,위험,674
밤,경북,상주시,상주,19.7,1.3,2.0,5,30,7.6,5379.0,3398.0,ssp585,2078,24.94,5.24,위험,585
밤,경북,청도군,청도,19.7,1.3,2.0,5,30,22.6,2590.0,2798.0,관측,2005,19.87,0.17,경고,1329
밤,경북,청도군,청도,19.7,1.3,2.0,5,30,22.6,2590.0,2798.0,ssp245,2028,22.15,2.45,위험,1135
밤,경북,청도군,청도,19.7,1.3,2.0,5,30,22.6,2590.0,2798.0,ssp245,2038,22.77,3.07,위험,1087
밤,경북,청도군,청도,19.7,1.3,2.0,5,30,22.6,2590.0,2798.0,ssp245,2048,23.32,3.62,위험,1039
밤,경북,청도군,청도,19.7,1.3,2.0,5,30,22.6,2590.0,2798.0,ssp245,2058,23.88,4.18,위험,999
밤,경북,청도군,청도,19.7,1.3,2.0,5,30,22.6,2590.0,2798.0,ssp245,2068,24.28,4.58,위험,969
밤,경북,청도군,청도,19.7,1.3,2.0,5,30,22.6,2590.0,2798.0,ssp245,2078,24.73,5.03,위험,922
밤,경북,청도군,청도,19.7,1.3,2.0,5,30,22.6,2590.0,2798.0,ssp585,2028,22.36,2.66,위험,1144
밤,경북,청도군,청도,19.7,1.3,2.0,5,30,22.6,2590.0,2798.0,ssp585,2038,23.22,3.52,위험,1062
밤,경북,청도군,청도,19.7,1.3,2.0,5,30,22.6,2590.0,2798.0,ssp585,2048,24.16,4.46,위험,974
밤,경북,청도군,청도,19.7,1.3,2.0,5,30,22.6,2590.0,2798.0,ssp585,2058,25.18,5.48,위험,887
밤,경북,청도군,청도,19.7,1.3,2.0,5,30,22.6,2590.0,2798.0,ssp585,2068,26.22,6.52,위험,761
밤,경북,청도군,청도,19.7,1.3,2.0,5,30,22.6,2590.0,2798.0,ssp585,2078,27.21,7.51,위험,655
밤,경남,산청군,산청,19.7,1.3,2.0,5,30,195.0,7945.0,2038.0,관측,2005,19.49,-0.21,적합,1114
밤,경남,산청군,산청,19.7,1.3,2.0,5,30,195.0,7945.0,2038.0,ssp245,2028,21.31,1.61,주의,933
밤,경남,산청군,산청,19.7,1.3,2.0,5,30,195.0,7945.0,2038.0,ssp245,2038,21.81,2.11,위험,885
밤,경남,산청군,산청,19.7,1.3,2.0,5,30,195.0,7945.0,2038.0,ssp245,2048,22.27,2.57,위험,843
밤,경남,산청군,산청,19.7,1.3,2.0,5,30,195.0,7945.0,2038.0,ssp245,2058,22.72,3.02,위험,807
밤,경남,산청군,산청,19.7,1.3,2.0,5,30,195.0,7945.0,2038.0,ssp245,2068,23.04,3.34,위험,778
밤,경남,산청군,산청,19.7,1.3,2.0,5,30,195.0,7945.0,2038.0,ssp245,2078,23.42,3.72,위험,732
밤,경남,산청군,산청,19.7,1.3,2.0,5,30,195.0,7945.0,2038.0,ssp585,2028,21.54,1.84,주의,929
밤,경남,산청군,산청,19.7,1.3,2.0,5,30,195.0,7945.0,2038.0,ssp585,2038,22.21,2.51,위험,853
밤,경남,산청군,산청,19.7,1.3,2.0,5,30,195.0,7945.0,2038.0,ssp585,2048,22.95,3.25,위험,771
밤,경남,산청군,산청,19.7,1.3,2.0,5,30,195.0,7945.0,2038.0,ssp585,2058,23.79,4.09,위험,692
밤,경남,산청군,산청,19.7,1.3,2.0,5,30,195.0,7945.0,2038.0,ssp585,2068,24.63,4.93,위험,582
밤,경남,산청군,산청,19.7,1.3,2.0,5,30,195.0,7945.0,2038.0,ssp585,2078,25.46,5.76,위험,503
밤,전남,영암군,영암,19.7,1.3,2.0,5,30,,,1697.0,관측,2005,20.3,0.6,경고,987
밤,전남,영암군,영암,19.7,1.3,2.0,5,30,,,1697.0,ssp245,2028,22.3,2.6,위험,805
밤,전남,영암군,영암,19.7,1.3,2.0,5,30,,,1697.0,ssp245,2038,22.8,3.1,위험,757
밤,전남,영암군,영암,19.7,1.3,2.0,5,30,,,1697.0,ssp245,2048,23.29,3.59,위험,711
밤,전남,영암군,영암,19.7,1.3,2.0,5,30,,,1697.0,ssp245,2058,23.76,4.06,위험,669
밤,전남,영암군,영암,19.7,1.3,2.0,5,30,,,1697.0,ssp245,2068,24.15,4.45,위험,635
밤,전남,영암군,영암,19.7,1.3,2.0,5,30,,,1697.0,ssp245,2078,24.56,4.86,위험,596
밤,전남,영암군,영암,19.7,1.3,2.0,5,30,,,1697.0,ssp585,2028,22.43,2.73,위험,807
밤,전남,영암군,영암,19.7,1.3,2.0,5,30,,,1697.0,ssp585,2038,23.19,3.49,위험,728
밤,전남,영암군,영암,19.7,1.3,2.0,5,30,,,1697.0,ssp585,2048,23.98,4.28,위험,635
밤,전남,영암군,영암,19.7,1.3,2.0,5,30,,,1697.0,ssp585,2058,24.86,5.16,위험,566
밤,전남,영암군,영암,19.7,1.3,2.0,5,30,,,1697.0,ssp585,2068,25.79,6.09,위험,475
밤,전남,영암군,영암,19.7,1.3,2.0,5,30,,,1697.0,ssp585,2078,26.68,6.98,위험,395
밤,전남,순천시,순천,19.7,1.3,2.0,5,30,397.5,2944.0,2238.0,관측,2005,20.99,1.29,경고,705
밤,전남,순천시,순천,19.7,1.3,2.0,5,30,397.5,2944.0,2238.0,ssp245,2028,22.97,3.27,위험,535
밤,전남,순천시,순천,19.7,1.3,2.0,5,30,397.5,2944.0,2238.0,ssp245,2038,23.51,3.81,위험,495
밤,전남,순천시,순천,19.7,1.3,2.0,5,30,397.5,2944.0,2238.0,ssp245,2048,24.0,4.3,위험,463
밤,전남,순천시,순천,19.7,1.3,2.0,5,30,397.5,2944.0,2238.0,ssp245,2058,24.49,4.79,위험,430
밤,전남,순천시,순천,19.7,1.3,2.0,5,30,397.5,2944.0,2238.0,ssp245,2068,24.85,5.15,위험,412
밤,전남,순천시,순천,19.7,1.3,2.0,5,30,397.5,2944.0,2238.0,ssp245,2078,25.27,5.57,위험,377
밤,전남,순천시,순천,19.7,1.3,2.0,5,30,397.5,2944.0,2238.0,ssp585,2028,23.17,3.47,위험,535
밤,전남,순천시,순천,19.7,1.3,2.0,5,30,397.5,2944.0,2238.0,ssp585,2038,23.92,4.22,위험,477
밤,전남,순천시,순천,19.7,1.3,2.0,5,30,397.5,2944.0,2238.0,ssp585,2048,24.73,5.03,위험,405
밤,전남,순천시,순천,19.7,1.3,2.0,5,30,397.5,2944.0,2238.0,ssp585,2058,25.62,5.92,위험,343
밤,전남,순천시,순천,19.7,1.3,2.0,5,30,397.5,2944.0,2238.0,ssp585,2068,26.53,6.83,위험,254
밤,전남,순천시,순천,19.7,1.3,2.0,5,30,397.5,2944.0,2238.0,ssp585,2078,27.41,7.71,위험,178
밤,전북,완주군,완주,19.7,1.3,2.0,5,30,8.0,1085.0,2500.0,관측,2005,20.09,0.39,경고,1243
밤,전북,완주군,완주,19.7,1.3,2.0,5,30,8.0,1085.0,2500.0,ssp245,2028,21.86,2.16,위험,1046
밤,전북,완주군,완주,19.7,1.3,2.0,5,30,8.0,1085.0,2500.0,ssp245,2038,22.34,2.64,위험,992
밤,전북,완주군,완주,19.7,1.3,2.0,5,30,8.0,1085.0,2500.0,ssp245,2048,22.78,3.08,위험,946
밤,전북,완주군,완주,19.7,1.3,2.0,5,30,8.0,1085.0,2500.0,ssp245,2058,23.2,3.5,위험,906
밤,전북,완주군,완주,19.7,1.3,2.0,5,30,8.0,1085.0,2500.0,ssp245,2068,23.5,3.8,위험,873
밤,전북,완주군,완주,19.7,1.3,2.0,5,30,8.0,1085.0,2500.0,ssp245,2078,23.87,4.17,위험,821
밤,전북,완주군,완주,19.7,1.3,2.0,5,30,8.0,1085.0,2500.0,ssp585,2028,22.07,2.37,위험,1036
밤,전북,완주군,완주,19.7,1.3,2.0,5,30,8.0,1085.0,2500.0,ssp585,2038,22.72,3.02,위험,951
밤,전북,완주군,완주,19.7,1.3,2.0,5,30,8.0,1085.0,2500.0,ssp585,2048,23.44,3.74,위험,858
밤,전북,완주군,완주,19.7,1.3,2.0,5,30,8.0,1085.0,2500.0,ssp585,2058,24.22,4.52,위험,770
밤,전북,완주군,완주,19.7,1.3,2.0,5,30,8.0,1085.0,2500.0,ssp585,2068,25.03,5.33,위험,648
밤,전북,완주군,완주,19.7,1.3,2.0,5,30,8.0,1085.0,2500.0,ssp585,2078,25.82,6.12,위험,563
밤,경남,하동군,하동,19.7,1.3,2.0,5,30,846.5,2006.0,2059.0,관측,2005,21.0,1.3,주의,928
밤,경남,하동군,하동,19.7,1.3,2.0,5,30,846.5,2006.0,2059.0,ssp245,2028,22.81,3.11,위험,747
밤,경남,하동군,하동,19.7,1.3,2.0,5,30,846.5,2006.0,2059.0,ssp245,2038,23.3,3.6,위험,698
밤,경남,하동군,하동,19.7,1.3,2.0,5,30,846.5,2006.0,2059.0,ssp245,2048,23.76,4.06,위험,656
밤,경남,하동군,하동,19.7,1.3,2.0,5,30,846.5,2006.0,2059.0,ssp245,2058,24.21,4.51,위험,619
밤,경남,하동군,하동,19.7,1.3,2.0,5,30,846.5,2006.0,2059.0,ssp245,2068,24.54,4.84,위험,590
밤,경남,하동군,하동,19.7,1.3,2.0,5,30,846.5,2006.0,2059.0,ssp245,2078,24.92,5.22,위험,553
밤,경남,하동군,하동,19.7,1.3,2.0,5,30,846.5,2006.0,2059.0,ssp585,2028,23.01,3.31,위험,753
밤,경남,하동군,하동,19.7,1.3,2.0,5,30,846.5,2006.0,2059.0,ssp585,2038,23.68,3.98,위험,676
밤,경남,하동군,하동,19.7,1.3,2.0,5,30,846.5,2006.0,2059.0,ssp585,2048,24.43,4.73,위험,593
밤,경남,하동군,하동,19.7,1.3,2.0,5,30,846.5,2006.0,2059.0,ssp585,2058,25.26,5.56,위험,526
밤,경남,하동군,하동,19.7,1.3,2.0,5,30,846.5,2006.0,2059.0,ssp585,2068,26.11,6.41,위험,444
밤,경남,하동군,하동,19.7,1.3,2.0,5,30,846.5,2006.0,2059.0,ssp585,2078,26.94,7.24,위험,377
밤,경남,함양군,함양,19.7,1.3,2.0,5,30,275.0,3567.0,1994.0,관측,2005,19.5,-0.2,적합,1231
밤,경남,함양군,함양,19.7,1.3,2.0,5,30,275.0,3567.0,1994.0,ssp245,2028,21.32,1.62,주의,1034
밤,경남,함양군,함양,19.7,1.3,2.0,5,30,275.0,3567.0,1994.0,ssp245,2038,21.81,2.11,위험,982
밤,경남,함양군,함양,19.7,1.3,2.0,5,30,275.0,3567.0,1994.0,ssp245,2048,22.27,2.57,위험,937
밤,경남,함양군,함양,19.7,1.3,2.0,5,30,275.0,3567.0,1994.0,ssp245,2058,22.71,3.01,위험,898
밤,경남,함양군,함양,19.7,1.3,2.0,5,30,275.0,3567.0,1994.0,ssp245,2068,23.03,3.33,위험,868
밤,경남,함양군,함양,19.7,1.3,2.0,5,30,275.0,3567.0,1994.0,ssp245,2078,23.4,3.7,위험,819
밤,경남,함양군,함양,19.7,1.3,2.0,5,30,275.0,3567.0,1994.0,ssp585,2028,21.55,1.85,주의,1028
밤,경남,함양군,함양,19.7,1.3,2.0,5,30,275.0,3567.0,1994.0,ssp585,2038,22.21,2.51,위험,947
밤,경남,함양군,함양,19.7,1.3,2.0,5,30,275.0,3567.0,1994.0,ssp585,2048,22.96,3.26,위험,860
밤,경남,함양군,함양,19.7,1.3,2.0,5,30,275.0,3567.0,1994.0,ssp585,2058,23.78,4.08,위험,775
밤,경남,함양군,함양,19.7,1.3,2.0,5,30,275.0,3567.0,1994.0,ssp585,2068,24.63,4.93,위험,660
밤,경남,함양군,함양,19.7,1.3,2.0,5,30,275.0,3567.0,1994.0,ssp585,2078,25.46,5.76,위험,568
밤,전남,장성군,장성,19.7,1.3,2.0,5,30,8.6,93.0,3602.0,관측,2005,19.74,0.04,경고,1117
밤,전남,장성군,장성,19.7,1.3,2.0,5,30,8.6,93.0,3602.0,ssp245,2028,21.82,2.12,위험,922
밤,전남,장성군,장성,19.7,1.3,2.0,5,30,8.6,93.0,3602.0,ssp245,2038,22.36,2.66,위험,872
밤,전남,장성군,장성,19.7,1.3,2.0,5,30,8.6,93.0,3602.0,ssp245,2048,22.87,3.17,위험,823
밤,전남,장성군,장성,19.7,1.3,2.0,5,30,8.6,93.0,3602.0,ssp245,2058,23.36,3.66,위험,780
밤,전남,장성군,장성,19.7,1.3,2.0,5,30,8.6,93.0,3602.0,ssp245,2068,23.73,4.03,위험,744
밤,전남,장성군,장성,19.7,1.3,2.0,5,30,8.6,93.0,3602.0,ssp245,2078,24.16,4.46,위험,691
밤,전남,장성군,장성,19.7,1.3,2.0,5,30,8.6,93.0,3602.0,ssp585,2028,21.99,2.29,위험,928
밤,전남,장성군,장성,19.7,1.3,2.0,5,30,8.6,93.0,3602.0,ssp585,2038,22.75,3.05,위험,843
밤,전남,장성군,장성,19.7,1.3,2.0,5,30,8.6,93.0,3602.0,ssp585,2048,23.56,3.86,위험,746
밤,전남,장성군,장성,19.7,1.3,2.0,5,30,8.6,93.0,3602.0,ssp585,2058,24.47,4.77,위험,658
밤,전남,장성군,장성,19.7,1.3,2.0,5,30,8.6,93.0,3602.0,ssp585,2068,25.44,5.74,위험,549
밤,전남,장성군,장성,19.7,1.3,2.0,5,30,8.6,93.0,3602.0,ssp585,2078,26.37,6.67,위험,464
밤,전남,구례군,구례,19.7,1.3,2.0,5,30,390.5,2206.0,2198.0,관측,2005,20.3,0.6,경고,1156
밤,전남,구례군,구례,19.7,1.3,2.0,5,30,390.5,2206.0,2198.0,ssp245,2028,22.19,2.49,위험,955
밤,전남,구례군,구례,19.7,1.3,2.0,5,30,390.5,2206.0,2198.0,ssp245,2038,22.71,3.01,위험,902
밤,전남,구례군,구례,19.7,1.3,2.0,5,30,390.5,2206.0,2198.0,ssp245,2048,23.18,3.48,위험,858
밤,전남,구례군,구례,19.7,1.3,2.0,5,30,390.5,2206.0,2198.0,ssp245,2058,23.64,3.94,위험,818
밤,전남,구례군,구례,19.7,1.3,2.0,5,30,390.5,2206.0,2198.0,ssp245,2068,23.98,4.28,위험,785
밤,전남,구례군,구례,19.7,1.3,2.0,5,30,390.5,2206.0,2198.0,ssp245,2078,24.38,4.68,위험,734
밤,전남,구례군,구례,19.7,1.3,2.0,5,30,390.5,2206.0,2198.0,ssp585,2028,22.41,2.71,위험,959
밤,전남,구례군,구례,19.7,1.3,2.0,5,30,390.5,2206.0,2198.0,ssp585,2038,23.11,3.41,위험,875
밤,전남,구례군,구례,19.7,1.3,2.0,5,30,390.5,2206.0,2198.0,ssp585,2048,23.88,4.18,위험,784
밤,전남,구례군,구례,19.7,1.3,2.0,5,30,390.5,2206.0,2198.0,ssp585,2058,24.73,5.03,위험,698
밤,전남,구례군,구례,19.7,1.3,2.0,5,30,390.5,2206.0,2198.0,ssp585,2068,25.61,5.91,위험,580
밤,전남,구례군,구례,19.7,1.3,2.0,5,30,390.5,2206.0,2198.0,ssp585,2078,26.46,6.76,위험,497
밤,전남,곡성군,곡성,19.7,1.3,2.0,5,30,20.8,4841.0,2215.0,관측,2005,19.93,0.23,경고,1177
밤,전남,곡성군,곡성,19.7,1.3,2.0,5,30,20.8,4841.0,2215.0,ssp245,2028,21.89,2.19,위험,983
밤,전남,곡성군,곡성,19.7,1.3,2.0,5,30,20.8,4841.0,2215.0,ssp245,2038,22.43,2.73,위험,930
밤,전남,곡성군,곡성,19.7,1.3,2.0,5,30,20.8,4841.0,2215.0,ssp245,2048,22.91,3.21,위험,885
밤,전남,곡성군,곡성,19.7,1.3,2.0,5,30,20.8,4841.0,2215.0,ssp245,2058,23.39,3.69,위험,845
밤,전남,곡성군,곡성,19.7,1.3,2.0,5,30,20.8,4841.0,2215.0,ssp245,2068,23.74,4.04,위험,812
밤,전남,곡성군,곡성,19.7,1.3,2.0,5,30,20.8,4841.0,2215.0,ssp245,2078,24.15,4.45,위험,759
밤,전남,곡성군,곡성,19.7,1.3,2.0,5,30,20.8,4841.0,2215.0,ssp585,2028,22.12,2.42,위험,969
밤,전남,곡성군,곡성,19.7,1.3,2.0,5,30,20.8,4841.0,2215.0,ssp585,2038,22.84,3.14,위험,886
밤,전남,곡성군,곡성,19.7,1.3,2.0,5,30,20.8,4841.0,2215.0,ssp585,2048,23.64,3.94,위험,792
밤,전남,곡성군,곡성,19.7,1.3,2.0,5,30,20.8,4841.0,2215.0,ssp585,2058,24.5,4.8,위험,706
밤,전남,곡성군,곡성,19.7,1.3,2.0,5,30,20.8,4841.0,2215.0,ssp585,2068,25.4,5.7,위험,586
밤,전남,곡성군,곡성,19.7,1.3,2.0,5,30,20.8,4841.0,2215.0,ssp585,2078,26.26,6.56,위험,509
밤,경남,진주시,진주,19.7,1.3,2.0,5,30,161.8,2744.0,2089.0,관측,2005,20.04,0.34,경고,1199
밤,경남,진주시,진주,19.7,1.3,2.0,5,30,161.8,2744.0,2089.0,ssp245,2028,21.82,2.12,위험,1032
밤,경남,진주시,진주,19.7,1.3,2.0,5,30,161.8,2744.0,2089.0,ssp245,2038,22.33,2.63,위험,988
밤,경남,진주시,진주,19.7,1.3,2.0,5,30,161.8,2744.0,2089.0,ssp245,2048,22.78,3.08,위험,947
밤,경남,진주시,진주,19.7,1.3,2.0,5,30,161.8,2744.0,2089.0,ssp245,2058,23.21,3.51,위험,912
밤,경남,진주시,진주,19.7,1.3,2.0,5,30,161.8,2744.0,2089.0,ssp245,2068,23.54,3.84,위험,884
밤,경남,진주시,진주,19.7,1.3,2.0,5,30,161.8,2744.0,2089.0,ssp245,2078,23.91,4.21,위험,838
밤,경남,진주시,진주,19.7,1.3,2.0,5,30,161.8,2744.0,2089.0,ssp585,2028,22.05,2.35,위험,1034
밤,경남,진주시,진주,19.7,1.3,2.0,5,30,161.8,2744.0,2089.0,ssp585,2038,22.7,3.0,위험,962
밤,경남,진주시,진주,19.7,1.3,2.0,5,30,161.8,2744.0,2089.0,ssp585,2048,23.44,3.74,위험,881
밤,경남,진주시,진주,19.7,1.3,2.0,5,30,161.8,2744.0,2089.0,ssp585,2058,24.27,4.57,위험,803
밤,경남,진주시,진주,19.7,1.3,2.0,5,30,161.8,2744.0,2089.0,ssp585,2068,25.11,5.41,위험,691
밤,경남,진주시,진주,19.7,1.3,2.0,5,30,161.8,2744.0,2089.0,ssp585,2078,25.94,6.24,위험,607
밤,경북,구미시,구미,19.7,1.3,2.0,5,30,3.9,1258.0,3071.0,관측,2005,20.03,0.33,경고,1190
밤,경북,구미시,구미,19.7,1.3,2.0,5,30,3.9,1258.0,3071.0,ssp245,2028,21.71,2.01,위험,1024
밤,경북,구미시,구미,19.7,1.3,2.0,5,30,3.9,1258.0,3071.0,ssp245,2038,22.16,2.46,위험,982
밤,경북,구미시,구미,19.7,1.3,2.0,5,30,3.9,1258.0,3071.0,ssp245,2048,22.58,2.88,위험,943
밤,경북,구미시,구미,19.7,1.3,2.0,5,30,3.9,1258.0,3071.0,ssp245,2058,22.97,3.27,위험,908
밤,경북,구미시,구미,19.7,1.3,2.0,5,30,3.9,1258.0,3071.0,ssp245,2068,23.26,3.56,위험,879
밤,경북,구미시,구미,19.7,1.3,2.0,5,30,3.9,1258.0,3071.0,ssp245,2078,23.6,3.9,위험,837
밤,경북,구미시,구미,19.7,1.3,2.0,5,30,3.9,1258.0,3071.0,ssp585,2028,21.89,2.19,위험,1023
밤,경북,구미시,구미,19.7,1.3,2.0,5,30,3.9,1258.0,3071.0,ssp585,2038,22.49,2.79,위험,951
밤,경북,구미시,구미,19.7,1.3,2.0,5,30,3.9,1258.0,3071.0,ssp585,2048,23.16,3.46,위험,875
밤,경북,구미시,구미,19.7,1.3,2.0,5,30,3.9,1258.0,3071.0,ssp585,2058,23.9,4.2,위험,800
밤,경북,구미시,구미,19.7,1.3,2.0,5,30,3.9,1258.0,3071.0,ssp585,2068,24.69,4.99,위험,694
밤,경북,구미시,구미,19.7,1.3,2.0,5,30,3.9,1258.0,3071.0,ssp585,2078,25.48,5.78,위험,606
밤,경남,밀양시,밀양,19.7,1.3,2.0,5,30,61.8,1868.0,2586.0,관측,2005,20.31,0.61,경고,1184
밤,경남,밀양시,밀양,19.7,1.3,2.0,5,30,61.8,1868.0,2586.0,ssp245,2028,22.5,2.8,위험,988
밤,경남,밀양시,밀양,19.7,1.3,2.0,5,30,61.8,1868.0,2586.0,ssp245,2038,23.1,3.4,위험,940
밤,경남,밀양시,밀양,19.7,1.3,2.0,5,30,61.8,1868.0,2586.0,ssp245,2048,23.62,3.92,위험,892
밤,경남,밀양시,밀양,19.7,1.3,2.0,5,30,61.8,1868.0,2586.0,ssp245,2058,24.15,4.45,위험,851
밤,경남,밀양시,밀양,19.7,1.3,2.0,5,30,61.8,1868.0,2586.0,ssp245,2068,24.54,4.84,위험,821
밤,경남,밀양시,밀양,19.7,1.3,2.0,5,30,61.8,1868.0,2586.0,ssp245,2078,24.99,5.29,위험,772
밤,경남,밀양시,밀양,19.7,1.3,2.0,5,30,61.8,1868.0,2586.0,ssp585,2028,22.71,3.01,위험,995
밤,경남,밀양시,밀양,19.7,1.3,2.0,5,30,61.8,1868.0,2586.0,ssp585,2038,23.53,3.83,위험,912
밤,경남,밀양시,밀양,19.7,1.3,2.0,5,30,61.8,1868.0,2586.0,ssp585,2048,24.43,4.73,위험,823
밤,경남,밀양시,밀양,19.7,1.3,2.0,5,30,61.8,1868.0,2586.0,ssp585,2058,25.42,5.72,위험,734
밤,경남,밀양시,밀양,19.7,1.3,2.0,5,30,61.8,1868.0,2586.0,ssp585,2068,26.41,6.71,위험,609
밤,경남,밀양시,밀양,19.7,1.3,2.0,5,30,61.8,1868.0,2586.0,ssp585,2078,27.37,7.67,위험,529
밤,경북,의성군,의성,19.7,1.3,2.0,5,30,26.7,160.0,3384.0,관측,2005,18.97,-0.73,적합,1644
밤,경북,의성군,의성,19.7,1.3,2.0,5,30,26.7,160.0,3384.0,ssp245,2028,20.78,1.08,경고,1456
밤,경북,의성군,의성,19.7,1.3,2.0,5,30,26.7,160.0,3384.0,ssp245,2038,21.23,1.53,주의,1411
밤,경북,의성군,의성,19.7,1.3,2.0,5,30,26.7,160.0,3384.0,ssp245,2048,21.67,1.97,주의,1367
밤,경북,의성군,의성,19.7,1.3,2.0,5,30,26.7,160.0,3384.0,ssp245,2058,22.09,2.39,위험,1327
밤,경북,의성군,의성,19.7,1.3,2.0,5,30,26.7,160.0,3384.0,ssp245,2068,22.4,2.7,위험,1292
밤,경북,의성군,의성,19.7,1.3,2.0,5,30,26.7,160.0,3384.0,ssp245,2078,22.77,3.07,위험,1247
밤,경북,의성군,의성,19.7,1.3,2.0,5,30,26.7,160.0,3384.0,ssp585,2028,20.93,1.23,경고,1460
밤,경북,의성군,의성,19.7,1.3,2.0,5,30,26.7,160.0,3384.0,ssp585,2038,21.58,1.88,주의,1379
밤,경북,의성군,의성,19.7,1.3,2.0,5,30,26.7,160.0,3384.0,ssp585,2048,22.28,2.58,위험,1294
밤,경북,의성군,의성,19.7,1.3,2.0,5,30,26.7,160.0,3384.0,ssp585,2058,23.08,3.38,위험,1208
밤,경북,의성군,의성,19.7,1.3,2.0,5,30,26.7,160.0,3384.0,ssp585,2068,23.93,4.23,위험,1090
밤,경북,의성군,의성,19.7,1.3,2.0,5,30,26.7,160.0,3384.0,ssp585,2078,24.78,5.08,위험,987
밤,경남,함안군,함안,19.7,1.3,2.0,5,30,8.1,1137.0,3250.0,관측,2005,20.11,0.41,경고,1350
밤,경남,함안군,함안,19.7,1.3,2.0,5,30,8.1,1137.0,3250.0,ssp245,2028,22.0,2.3,위험,1180
밤,경남,함안군,함안,19.7,1.3,2.0,5,30,8.1,1137.0,3250.0,ssp245,2038,22.53,2.83,위험,1135
밤,경남,함안군,함안,19.7,1.3,2.0,5,30,8.1,1137.0,3250.0,ssp245,2048,23.01,3.31,위험,1092
밤,경남,함안군,함안,19.7,1.3,2.0,5,30,8.1,1137.0,3250.0,ssp245,2058,23.47,3.77,위험,1055
밤,경남,함안군,함안,19.7,1.3,2.0,5,30,8.1,1137.0,3250.0,ssp245,2068,23.83,4.13,위험,1027
밤,경남,함안군,함안,19.7,1.3,2.0,5,30,8.1,1137.0,3250.0,ssp245,2078,24.22,4.52,위험,980
밤,경남,함안군,함안,19.7,1.3,2.0,5,30,8.1,1137.0,3250.0,ssp585,2028,22.19,2.49,위험,1188
밤,경남,함안군,함안,19.7,1.3,2.0,5,30,8.1,1137.0,3250.0,ssp585,2038,22.89,3.19,위험,1113
밤,경남,함안군,함안,19.7,1.3,2.0,5,30,8.1,1137.0,3250.0,ssp585,2048,23.68,3.98,위험,1031
밤,경남,함안군,함안,19.7,1.3,2.0,5,30,8.1,1137.0,3250.0,ssp585,2058,24.56,4.86,위험,950
밤,경남,함안군,함안,19.7,1.3,2.0,5,30,8.1,1137.0,3250.0,ssp585,2068,25.46,5.76,위험,832
밤,경남,함안군,함안,19.7,1.3,2.0,5,30,8.1,1137.0,3250.0,ssp585,2078,26.35,6.65,위험,731
밤,경북,김천시,김천,19.7,1.3,2.0,5,30,11.4,709.0,3400.0,관측,2005,19.89,0.19,경고,1337
밤,경북,김천시,김천,19.7,1.3,2.0,5,30,11.4,709.0,3400.0,ssp245,2028,21.58,1.88,주의,1164
밤,경북,김천시,김천,19.7,1.3,2.0,5,30,11.4,709.0,3400.0,ssp245,2038,22.04,2.34,위험,1120
밤,경북,김천시,김천,19.7,1.3,2.0,5,30,11.4,709.0,3400.0,ssp245,2048,22.47,2.77,위험,1080
밤,경북,김천시,김천,19.7,1.3,2.0,5,30,11.4,709.0,3400.0,ssp245,2058,22.86,3.16,위험,1045
밤,경북,김천시,김천,19.7,1.3,2.0,5,30,11.4,709.0,3400.0,ssp245,2068,23.16,3.46,위험,1016
밤,경북,김천시,김천,19.7,1.3,2.0,5,30,11.4,709.0,3400.0,ssp245,2078,23.5,3.8,위험,973
밤,경북,김천시,김천,19.7,1.3,2.0,5,30,11.4,709.0,3400.0,ssp585,2028,21.78,2.08,위험,1164
밤,경북,김천시,김천,19.7,1.3,2.0,5,30,11.4,709.0,3400.0,ssp585,2038,22.39,2.69,위험,1090
밤,경북,김천시,김천,19.7,1.3,2.0,5,30,11.4,709.0,3400.0,ssp585,2048,23.08,3.38,위험,1013
밤,경북,김천시,김천,19.7,1.3,2.0,5,30,11.4,709.0,3400.0,ssp585,2058,23.84,4.14,위험,936
밤,경북,김천시,김천,19.7,1.3,2.0,5,30,11.4,709.0,3400.0,ssp585,2068,24.62,4.92,위험,830
밤,경북,김천시,김천,19.7,1.3,2.0,5,30,11.4,709.0,3400.0,ssp585,2078,25.42,5.72,위험,743
밤,충남,논산시,논산,19.7,1.3,2.0,5,30,40.3,3302.0,3068.0,관측,2005,19.76,0.06,경고,1340
밤,충남,논산시,논산,19.7,1.3,2.0,5,30,40.3,3302.0,3068.0,ssp245,2028,21.51,1.81,주의,1153
밤,충남,논산시,논산,19.7,1.3,2.0,5,30,40.3,3302.0,3068.0,ssp245,2038,21.97,2.27,위험,1102
밤,충남,논산시,논산,19.7,1.3,2.0,5,30,40.3,3302.0,3068.0,ssp245,2048,22.42,2.72,위험,1058
밤,충남,논산시,논산,19.7,1.3,2.0,5,30,40.3,3302.0,3068.0,ssp245,2058,22.83,3.13,위험,1020
밤,충남,논산시,논산,19.7,1.3,2.0,5,30,40.3,3302.0,3068.0,ssp245,2068,23.13,3.43,위험,987
밤,충남,논산시,논산,19.7,1.3,2.0,5,30,40.3,3302.0,3068.0,ssp245,2078,23.5,3.8,위험,936
밤,충남,논산시,논산,19.7,1.3,2.0,5,30,40.3,3302.0,3068.0,ssp585,2028,21.71,2.01,위험,1143
밤,충남,논산시,논산,19.7,1.3,2.0,5,30,40.3,3302.0,3068.0,ssp585,2038,22.35,2.65,위험,1061
밤,충남,논산시,논산,19.7,1.3,2.0,5,30,40.3,3302.0,3068.0,ssp585,2048,23.05,3.35,위험,972
밤,충남,논산시,논산,19.7,1.3,2.0,5,30,40.3,3302.0,3068.0,ssp585,2058,23.81,4.11,위험,888
밤,충남,논산시,논산,19.7,1.3,2.0,5,30,40.3,3302.0,3068.0,ssp585,2068,24.63,4.93,위험,770
밤,충남,논산시,논산,19.7,1.3,2.0,5,30,40.3,3302.0,3068.0,ssp585,2078,25.45,5.75,위험,668
밤,전북,순창군,순창,19.7,1.3,2.0,5,30,308.9,2308.0,2683.0,관측,2005,19.84,0.14,경고,1242
밤,전북,순창군,순창,19.7,1.3,2.0,5,30,308.9,2308.0,2683.0,ssp245,2028,21.95,2.25,위험,1033
밤,전북,순창군,순창,19.7,1.3,2.0,5,30,308.9,2308.0,2683.0,ssp245,2038,22.52,2.82,위험,977
밤,전북,순창군,순창,19.7,1.3,2.0,5,30,308.9,2308.0,2683.0,ssp245,2048,23.04,3.34,위험,927
밤,전북,순창군,순창,19.7,1.3,2.0,5,30,308.9,2308.0,2683.0,ssp245,2058,23.55,3.85,위험,885
밤,전북,순창군,순창,19.7,1.3,2.0,5,30,308.9,2308.0,2683.0,ssp245,2068,23.92,4.22,위험,849
밤,전북,순창군,순창,19.7,1.3,2.0,5,30,308.9,2308.0,2683.0,ssp245,2078,24.36,4.66,위험,792
밤,전북,순창군,순창,19.7,1.3,2.0,5,30,308.9,2308.0,2683.0,ssp585,2028,22.18,2.48,위험,1002
밤,전북,순창군,순창,19.7,1.3,2.0,5,30,308.9,2308.0,2683.0,ssp585,2038,22.96,3.26,위험,914
밤,전북,순창군,순창,19.7,1.3,2.0,5,30,308.9,2308.0,2683.0,ssp585,2048,23.81,4.11,위험,813
밤,전북,순창군,순창,19.7,1.3,2.0,5,30,308.9,2308.0,2683.0,ssp585,2058,24.74,5.04,위험,719
밤,전북,순창군,순창,19.7,1.3,2.0,5,30,308.9,2308.0,2683.0,ssp585,2068,25.71,6.01,위험,604
밤,전북,순창군,순창,19.7,1.3,2.0,5,30,308.9,2308.0,2683.0,ssp585,2078,26.63,6.93,위험,519
밤,전남,나주시,나주,19.7,1.3,2.0,5,30,3.3,225.0,2999.0,관측,2005,20.36,0.66,경고,1056
밤,전남,나주시,나주,19.7,1.3,2.0,5,30,3.3,225.0,2999.0,ssp245,2028,22.31,2.61,위험,881
밤,전남,나주시,나주,19.7,1.3,2.0,5,30,3.3,225.0,2999.0,ssp245,2038,22.81,3.11,위험,836
밤,전남,나주시,나주,19.7,1.3,2.0,5,30,3.3,225.0,2999.0,ssp245,2048,23.3,3.6,위험,791
밤,전남,나주시,나주,19.7,1.3,2.0,5,30,3.3,225.0,2999.0,ssp245,2058,23.75,4.05,위험,751
밤,전남,나주시,나주,19.7,1.3,2.0,5,30,3.3,225.0,2999.0,ssp245,2068,24.12,4.42,위험,718
밤,전남,나주시,나주,19.7,1.3,2.0,5,30,3.3,225.0,2999.0,ssp245,2078,24.53,4.83,위험,669
밤,전남,나주시,나주,19.7,1.3,2.0,5,30,3.3,225.0,2999.0,ssp585,2028,22.46,2.76,위험,886
밤,전남,나주시,나주,19.7,1.3,2.0,5,30,3.3,225.0,2999.0,ssp585,2038,23.19,3.49,위험,809
밤,전남,나주시,나주,19.7,1.3,2.0,5,30,3.3,225.0,2999.0,ssp585,2048,23.96,4.26,위험,720
밤,전남,나주시,나주,19.7,1.3,2.0,5,30,3.3,225.0,2999.0,ssp585,2058,24.82,5.12,위험,639
밤,전남,나주시,나주,19.7,1.3,2.0,5,30,3.3,225.0,2999.0,ssp585,2068,25.73,6.03,위험,540
밤,전남,나주시,나주,19.7,1.3,2.0,5,30,3.3,225.0,2999.0,ssp585,2078,26.62,6.92,위험,463
밤,경북,예천군,예천,19.7,1.3,2.0,5,30,1.7,2182.0,3364.0,관측,2005,18.99,-0.71,적합,1467
밤,경북,예천군,예천,19.7,1.3,2.0,5,30,1.7,2182.0,3364.0,ssp245,2028,20.64,0.94,경고,1285
밤,경북,예천군,예천,19.7,1.3,2.0,5,30,1.7,2182.0,3364.0,ssp245,2038,21.06,1.36,주의,1242
밤,경북,예천군,예천,19.7,1.3,2.0,5,30,1.7,2182.0,3364.0,ssp245,2048,21.46,1.76,주의,1200
밤,경북,예천군,예천,19.7,1.3,2.0,5,30,1.7,2182.0,3364.0,ssp245,2058,21.85,2.15,위험,1161
밤,경북,예천군,예천,19.7,1.3,2.0,5,30,1.7,2182.0,3364.0,ssp245,2068,22.13,2.43,위험,1127
밤,경북,예천군,예천,19.7,1.3,2.0,5,30,1.7,2182.0,3364.0,ssp245,2078,22.47,2.77,위험,1083
밤,경북,예천군,예천,19.7,1.3,2.0,5,30,1.7,2182.0,3364.0,ssp585,2028,20.81,1.11,경고,1286
밤,경북,예천군,예천,19.7,1.3,2.0,5,30,1.7,2182.0,3364.0,ssp585,2038,21.39,1.69,주의,1210
밤,경북,예천군,예천,19.7,1.3,2.0,5,30,1.7,2182.0,3364.0,ssp585,2048,22.02,2.32,위험,1127
밤,경북,예천군,예천,19.7,1.3,2.0,5,30,1.7,2182.0,3364.0,ssp585,2058,22.76,3.06,위험,1046
밤,경북,예천군,예천,19.7,1.3,2.0,5,30,1.7,2182.0,3364.0,ssp585,2068,23.54,3.84,위험,936
밤,경북,예천군,예천,19.7,1.3,2.0,5,30,1.7,2182.0,3364.0,ssp585,2078,24.33,4.63,위험,841
밤,경북,문경시,문경,19.7,1.3,2.0,5,30,3.5,376.0,2500.0,관측,2005,18.73,-0.97,적합,1307
밤,경북,문경시,문경,19.7,1.3,2.0,5,30,3.5,376.0,2500.0,ssp245,2028,20.32,0.62,경고,1106
밤,경북,문경시,문경,19.7,1.3,2.0,5,30,3.5,376.0,2500.0,ssp245,2038,20.73,1.03,경고,1059
밤,경북,문경시,문경,19.7,1.3,2.0,5,30,3.5,376.0,2500.0,ssp245,2048,21.12,1.42,주의,1015
밤,경북,문경시,문경,19.7,1.3,2.0,5,30,3.5,376.0,2500.0,ssp245,2058,21.5,1.8,주의,973
밤,경북,문경시,문경,19.7,1.3,2.0,5,30,3.5,376.0,2500.0,ssp245,2068,21.78,2.08,위험,938
밤,경북,문경시,문경,19.7,1.3,2.0,5,30,3.5,376.0,2500.0,ssp245,2078,22.11,2.41,위험,892
밤,경북,문경시,문경,19.7,1.3,2.0,5,30,3.5,376.0,2500.0,ssp585,2028,20.5,0.8,경고,1108
밤,경북,문경시,문경,19.7,1.3,2.0,5,30,3.5,376.0,2500.0,ssp585,2038,21.06,1.36,주의,1027
밤,경북,문경시,문경,19.7,1.3,2.0,5,30,3.5,376.0,2500.0,ssp585,2048,21.68,1.98,주의,939
밤,경북,문경시,문경,19.7,1.3,2.0,5,30,3.5,376.0,2500.0,ssp585,2058,22.41,2.71,위험,855
밤,경북,문경시,문경,19.7,1.3,2.0,5,30,3.5,376.0,2500.0,ssp585,2068,23.18,3.48,위험,742
밤,경북,문경시,문경,19.7,1.3,2.0,5,30,3.5,376.0,2500.0,ssp585,2078,23.95,4.25,위험,650
밤,충북,옥천군,옥천,19.7,1.3,2.0,5,30,6.1,8902.0,3455.0,관측,2005,19.36,-0.34,적합,1379
밤,충북,옥천군,옥천,19.7,1.3,2.0,5,30,6.1,8902.0,3455.0,ssp245,2028,20.89,1.19,경고,1201
밤,충북,옥천군,옥천,19.7,1.3,2.0,5,30,6.1,8902.0,3455.0,ssp245,2038,21.28,1.58,주의,1155
밤,충북,옥천군,옥천,19.7,1.3,2.0,5,30,6.1,8902.0,3455.0,ssp245,2048,21.66,1.96,주의,1116
밤,충북,옥천군,옥천,19.7,1.3,2.0,5,30,6.1,8902.0,3455.0,ssp245,2058,22.02,2.32,위험,1079
밤,충북,옥천군,옥천,19.7,1.3,2.0,5,30,6.1,8902.0,3455.0,ssp245,2068,22.3,2.6,위험,1046
밤,충북,옥천군,옥천,19.7,1.3,2.0,5,30,6.1,8902.0,3455.0,ssp245,2078,22.61,2.91,위험,1003
밤,충북,옥천군,옥천,19.7,1.3,2.0,5,30,6.1,8902.0,3455.0,ssp585,2028,21.05,1.35,주의,1196
밤,충북,옥천군,옥천,19.7,1.3,2.0,5,30,6.1,8902.0,3455.0,ssp585,2038,21.62,1.92,주의,1120
밤,충북,옥천군,옥천,19.7,1.3,2.0,5,30,6.1,8902.0,3455.0,ssp585,2048,22.22,2.52,위험,1038
밤,충북,옥천군,옥천,19.7,1.3,2.0,5,30,6.1,8902.0,3455.0,ssp585,2058,22.92,3.22,위험,959
밤,충북,옥천군,옥천,19.7,1.3,2.0,5,30,6.1,8902.0,3455.0,ssp585,2068,23.66,3.96,위험,854
밤,충북,옥천군,옥천,19.7,1.3,2.0,5,30,6.1,8902.0,3455.0,ssp585,2078,24.41,4.71,위험,763
밤,충북,보은군,보은,19.7,1.3,2.0,5,30,8.8,4510.0,3478.0,관측,2005,18.37,-1.33,적합,1520
밤,충북,보은군,보은,19.7,1.3,2.0,5,30,8.8,4510.0,3478.0,ssp245,2028,19.9,0.2,경고,1328
밤,충북,보은군,보은,19.7,1.3,2.0,5,30,8.8,4510.0,3478.0,ssp245,2038,20.29,0.59,경고,1281
밤,충북,보은군,보은,19.7,1.3,2.0,5,30,8.8,4510.0,3478.0,ssp245,2048,20.66,0.96,경고,1238
밤,충북,보은군,보은,19.7,1.3,2.0,5,30,8.8,4510.0,3478.0,ssp245,2058,21.02,1.32,주의,1198
밤,충북,보은군,보은,19.7,1.3,2.0,5,30,8.8,4510.0,3478.0,ssp245,2068,21.3,1.6,주의,1164
밤,충북,보은군,보은,19.7,1.3,2.0,5,30,8.8,4510.0,3478.0,ssp245,2078,21.61,1.91,주의,1119
밤,충북,보은군,보은,19.7,1.3,2.0,5,30,8.8,4510.0,3478.0,ssp585,2028,20.08,0.38,경고,1321
밤,충북,보은군,보은,19.7,1.3,2.0,5,30,8.8,4510.0,3478.0,ssp585,2038,20.63,0.93,경고,1242
밤,충북,보은군,보은,19.7,1.3,2.0,5,30,8.8,4510.0,3478.0,ssp585,2048,21.23,1.53,주의,1157
밤,충북,보은군,보은,19.7,1.3,2.0,5,30,8.8,4510.0,3478.0,ssp585,2058,21.93,2.23,위험,1074
밤,충북,보은군,보은,19.7,1.3,2.0,5,30,8.8,4510.0,3478.0,ssp585,2068,22.67,2.97,위험,964
밤,충북,보은군,보은,19.7,1.3,2.0,5,30,8.8,4510.0,3478.0,ssp585,2078,23.43,3.73,위험,872
밤,경남,의령군,의령,19.7,1.3,2.0,5,30,49.1,3483.0,2306.0,관측,2005,19.9,0.2,경고,1251
밤,경남,의령군,의령,19.7,1.3,2.0,5,30,49.1,3483.0,2306.0,ssp245,2028,21.74,2.04,위험,1081
밤,경남,의령군,의령,19.7,1.3,2.0,5,30,49.1,3483.0,2306.0,ssp245,2038,22.26,2.56,위험,1037
밤,경남,의령군,의령,19.7,1.3,2.0,5,30,49.1,3483.0,2306.0,ssp245,2048,22.72,3.02,위험,995
밤,경남,의령군,의령,19.7,1.3,2.0,5,30,49.1,3483.0,2306.0,ssp245,2058,23.17,3.47,위험,960
밤,경남,의령군,의령,19.7,1.3,2.0,5,30,49.1,3483.0,2306.0,ssp245,2068,23.5,3.8,위험,932
밤,경남,의령군,의령,19.7,1.3,2.0,5,30,49.1,3483.0,2306.0,ssp245,2078,23.88,4.18,위험,887
밤,경남,의령군,의령,19.7,1.3,2.0,5,30,49.1,3483.0,2306.0,ssp585,2028,21.96,2.26,위험,1085
밤,경남,의령군,의령,19.7,1.3,2.0,5,30,49.1,3483.0,2306.0,ssp585,2038,22.63,2.93,위험,1012
밤,경남,의령군,의령,19.7,1.3,2.0,5,30,49.1,3483.0,2306.0,ssp585,2048,23.39,3.69,위험,931
밤,경남,의령군,의령,19.7,1.3,2.0,5,30,49.1,3483.0,2306.0,ssp585,2058,24.24,4.54,위험,853
밤,경남,의령군,의령,19.7,1.3,2.0,5,30,49.1,3483.0,2306.0,ssp585,2068,25.1,5.4,위험,740
밤,경남,의령군,의령,19.7,1.3,2.0,5,30,49.1,3483.0,2306.0,ssp585,2078,25.94,6.24,위험,665
밤,전북,정읍시,정읍,19.7,1.3,2.0,5,30,5.7,409.0,4571.0,관측,2005,20.13,0.43,경고,1041
밤,전북,정읍시,정읍,19.7,1.3,2.0,5,30,5.7,409.0,4571.0,ssp245,2028,22.0,2.3,위험,851
밤,전북,정읍시,정읍,19.7,1.3,2.0,5,30,5.7,409.0,4571.0,ssp245,2038,22.5,2.8,위험,801
밤,전북,정읍시,정읍,19.7,1.3,2.0,5,30,5.7,409.0,4571.0,ssp245,2048,22.96,3.26,위험,754
밤,전북,정읍시,정읍,19.7,1.3,2.0,5,30,5.7,409.0,4571.0,ssp245,2058,23.4,3.7,위험,714
밤,전북,정읍시,정읍,19.7,1.3,2.0,5,30,5.7,409.0,4571.0,ssp245,2068,23.73,4.03,위험,680
밤,전북,정읍시,정읍,19.7,1.3,2.0,5,30,5.7,409.0,4571.0,ssp245,2078,24.12,4.42,위험,635
밤,전북,정읍시,정읍,19.7,1.3,2.0,5,30,5.7,409.0,4571.0,ssp585,2028,22.18,2.48,위험,840
밤,전북,정읍시,정읍,19.7,1.3,2.0,5,30,5.7,409.0,4571.0,ssp585,2038,22.86,3.16,위험,758
밤,전북,정읍시,정읍,19.7,1.3,2.0,5,30,5.7,409.0,4571.0,ssp585,2048,23.61,3.91,위험,666
밤,전북,정읍시,정읍,19.7,1.3,2.0,5,30,5.7,409.0,4571.0,ssp585,2058,24.44,4.74,위험,593
밤,전북,정읍시,정읍,19.7,1.3,2.0,5,30,5.7,409.0,4571.0,ssp585,2068,25.32,5.62,위험,500
밤,전북,정읍시,정읍,19.7,1.3,2.0,5,30,5.7,409.0,4571.0,ssp585,2078,26.16,6.46,위험,420
밤,충남,부여군,부여,19.7,1.3,2.0,5,30,3178.9,2636.0,2887.0,관측,2005,19.57,-0.13,적합,1306
밤,충남,부여군,부여,19.7,1.3,2.0,5,30,3178.9,2636.0,2887.0,ssp245,2028,21.42,1.72,주의,1114
밤,충남,부여군,부여,19.7,1.3,2.0,5,30,3178.9,2636.0,2887.0,ssp245,2038,21.91,2.21,위험,1061
밤,충남,부여군,부여,19.7,1.3,2.0,5,30,3178.9,2636.0,2887.0,ssp245,2048,22.36,2.66,위험,1015
밤,충남,부여군,부여,19.7,1.3,2.0,5,30,3178.9,2636.0,2887.0,ssp245,2058,22.79,3.09,위험,977
밤,충남,부여군,부여,19.7,1.3,2.0,5,30,3178.9,2636.0,2887.0,ssp245,2068,23.11,3.41,위험,942
밤,충남,부여군,부여,19.7,1.3,2.0,5,30,3178.9,2636.0,2887.0,ssp245,2078,23.5,3.8,위험,891
밤,충남,부여군,부여,19.7,1.3,2.0,5,30,3178.9,2636.0,2887.0,ssp585,2028,21.6,1.9,주의,1114
밤,충남,부여군,부여,19.7,1.3,2.0,5,30,3178.9,2636.0,2887.0,ssp585,2038,22.27,2.57,위험,1029
밤,충남,부여군,부여,19.7,1.3,2.0,5,30,3178.9,2636.0,2887.0,ssp585,2048,23.0,3.3,위험,937
밤,충남,부여군,부여,19.7,1.3,2.0,5,30,3178.9,2636.0,2887.0,ssp585,2058,23.8,4.1,위험,856
밤,충남,부여군,부여,19.7,1.3,2.0,5,30,3178.9,2636.0,2887.0,ssp585,2068,24.66,4.96,위험,732
밤,충남,부여군,부여,19.7,1.3,2.0,5,30,3178.9,2636.0,2887.0,ssp585,2078,25.5,5.8,위험,625
밤,전북,부안군,부안,19.7,1.3,2.0,5,30,,,2747.0,관측,2005,19.63,-0.07,적합,1057
밤,전북,부안군,부안,19.7,1.3,2.0,5,30,,,2747.0,ssp245,2028,21.39,1.69,주의,873
밤,전북,부안군,부안,19.7,1.3,2.0,5,30,,,2747.0,ssp245,2038,21.86,2.16,위험,826
밤,전북,부안군,부안,19.7,1.3,2.0,5,30,,,2747.0,ssp245,2048,22.3,2.6,위험,780
밤,전북,부안군,부안,19.7,1.3,2.0,5,30,,,2747.0,ssp245,2058,22.71,3.01,위험,741
밤,전북,부안군,부안,19.7,1.3,2.0,5,30,,,2747.0,ssp245,2068,23.02,3.32,위험,709
밤,전북,부안군,부안,19.7,1.3,2.0,5,30,,,2747.0,ssp245,2078,23.39,3.69,위험,662
밤,전북,부안군,부안,19.7,1.3,2.0,5,30,,,2747.0,ssp585,2028,21.54,1.84,주의,874
밤,전북,부안군,부안,19.7,1.3,2.0,5,30,,,2747.0,ssp585,2038,22.2,2.5,위험,796
밤,전북,부안군,부안,19.7,1.3,2.0,5,30,,,2747.0,ssp585,2048,22.9,3.2,위험,708
밤,전북,부안군,부안,19.7,1.3,2.0,5,30,,,2747.0,ssp585,2058,23.68,3.98,위험,628
밤,전북,부안군,부안,19.7,1.3,2.0,5,30,,,2747.0,ssp585,2068,24.52,4.82,위험,538
밤,전북,부안군,부안,19.7,1.3,2.0,5,30,,,2747.0,ssp585,2078,25.33,5.63,위험,463
밤,강원,강릉시,강릉,19.7,1.3,2.0,5,30,15.5,180.0,3452.0,관측,2005,19.73,0.03,경고,834
밤,강원,강릉시,강릉,19.7,1.3,2.0,5,30,15.5,180.0,3452.0,ssp245,2028,21.87,2.17,위험,618
밤,강원,강릉시,강릉,19.7,1.3,2.0,5,30,15.5,180.0,3452.0,ssp245,2038,22.41,2.71,위험,581
밤,강원,강릉시,강릉,19.7,1.3,2.0,5,30,15.5,180.0,3452.0,ssp245,2048,22.91,3.21,위험,543
밤,강원,강릉시,강릉,19.7,1.3,2.0,5,30,15.5,180.0,3452.0,ssp245,2058,23.43,3.73,위험,510
밤,강원,강릉시,강릉,19.7,1.3,2.0,5,30,15.5,180.0,3452.0,ssp245,2068,23.76,4.06,위험,491
밤,강원,강릉시,강릉,19.7,1.3,2.0,5,30,15.5,180.0,3452.0,ssp245,2078,24.2,4.5,위험,453
밤,강원,강릉시,강릉,19.7,1.3,2.0,5,30,15.5,180.0,3452.0,ssp585,2028,21.97,2.27,위험,634
밤,강원,강릉시,강릉,19.7,1.3,2.0,5,30,15.5,180.0,3452.0,ssp585,2038,22.76,3.06,위험,567
밤,강원,강릉시,강릉,19.7,1.3,2.0,5,30,15.5,180.0,3452.0,ssp585,2048,23.62,3.92,위험,497
밤,강원,강릉시,강릉,19.7,1.3,2.0,5,30,15.5,180.0,3452.0,ssp585,2058,24.58,4.88,위험,426
밤,강원,강릉시,강릉,19.7,1.3,2.0,5,30,15.5,180.0,3452.0,ssp585,2068,25.6,5.9,위험,327
밤,강원,강릉시,강릉,19.7,1.3,2.0,5,30,15.5,180.0,3452.0,ssp585,2078,26.58,6.88,위험,250
밤,경북,경산시,경산,19.7,1.3,2.0,5,30,3.3,230.0,2499.0,관측,2005,20.96,1.26,경고,1013
밤,경북,경산시,경산,19.7,1.3,2.0,5,30,3.3,230.0,2499.0,ssp245,2028,23.12,3.42,위험,829
밤,경북,경산시,경산,19.7,1.3,2.0,5,30,3.3,230.0,2499.0,ssp245,2038,23.7,4.0,위험,784
밤,경북,경산시,경산,19.7,1.3,2.0,5,30,3.3,230.0,2499.0,ssp245,2048,24.22,4.52,위험,739
밤,경북,경산시,경산,19.7,1.3,2.0,5,30,3.3,230.0,2499.0,ssp245,2058,24.74,5.04,위험,701
밤,경북,경산시,경산,19.7,1.3,2.0,5,30,3.3,230.0,2499.0,ssp245,2068,25.12,5.42,위험,673
밤,경북,경산시,경산,19.7,1.3,2.0,5,30,3.3,230.0,2499.0,ssp245,2078,25.55,5.85,위험,631
밤,경북,경산시,경산,19.7,1.3,2.0,5,30,3.3,230.0,2499.0,ssp585,2028,23.33,3.63,위험,836
밤,경북,경산시,경산,19.7,1.3,2.0,5,30,3.3,230.0,2499.0,ssp585,2038,24.14,4.44,위험,757
밤,경북,경산시,경산,19.7,1.3,2.0,5,30,3.3,230.0,2499.0,ssp585,2048,25.03,5.33,위험,674
밤,경북,경산시,경산,19.7,1.3,2.0,5,30,3.3,230.0,2499.0,ssp585,2058,25.99,6.29,위험,600
밤,경북,경산시,경산,19.7,1.3,2.0,5,30,3.3,230.0,2499.0,ssp585,2068,26.98,7.28,위험,514
밤,경북,경산시,경산,19.7,1.3,2.0,5,30,3.3,230.0,2499.0,ssp585,2078,27.92,8.22,위험,441
밤,전남,보성군,보성,19.7,1.3,2.0,5,30,44.0,5430.0,2436.0,관측,2005,18.99,-0.71,적합,1192
밤,전남,보성군,보성,19.7,1.3,2.0,5,30,44.0,5430.0,2436.0,ssp245,2028,21.23,1.53,주의,987
밤,전남,보성군,보성,19.7,1.3,2.0,5,30,44.0,5430.0,2436.0,ssp245,2038,21.82,2.12,위험,932
밤,전남,보성군,보성,19.7,1.3,2.0,5,30,44.0,5430.0,2436.0,ssp245,2048,22.38,2.68,위험,882
밤,전남,보성군,보성,19.7,1.3,2.0,5,30,44.0,5430.0,2436.0,ssp245,2058,22.93,3.23,위험,838
밤,전남,보성군,보성,19.7,1.3,2.0,5,30,44.0,5430.0,2436.0,ssp245,2068,23.36,3.66,위험,802
밤,전남,보성군,보성,19.7,1.3,2.0,5,30,44.0,5430.0,2436.0,ssp245,2078,23.83,4.13,위험,744
밤,전남,보성군,보성,19.7,1.3,2.0,5,30,44.0,5430.0,2436.0,ssp585,2028,21.4,1.7,주의,968
밤,전남,보성군,보성,19.7,1.3,2.0,5,30,44.0,5430.0,2436.0,ssp585,2038,22.27,2.57,위험,880
밤,전남,보성군,보성,19.7,1.3,2.0,5,30,44.0,5430.0,2436.0,ssp585,2048,23.19,3.49,위험,778
밤,전남,보성군,보성,19.7,1.3,2.0,5,30,44.0,5430.0,2436.0,ssp585,2058,24.19,4.49,위험,681
밤,전남,보성군,보성,19.7,1.3,2.0,5,30,44.0,5430.0,2436.0,ssp585,2068,25.22,5.52,위험,560
밤,전남,보성군,보성,19.7,1.3,2.0,5,30,44.0,5430.0,2436.0,ssp585,2078,26.19,6.49,위험,475
밤,전북,고창군,고창,19.7,1.3,2.0,5,30,6.8,55.0,2748.0,관측,2005,19.93,0.23,경고,1017
밤,전북,고창군,고창,19.7,1.3,2.0,5,30,6.8,55.0,2748.0,ssp245,2028,21.62,1.92,주의,848
밤,전북,고창군,고창,19.7,1.3,2.0,5,30,6.8,55.0,2748.0,ssp245,2038,22.06,2.36,위험,804
밤,전북,고창군,고창,19.7,1.3,2.0,5,30,6.8,55.0,2748.0,ssp245,2048,22.47,2.77,위험,762
밤,전북,고창군,고창,19.7,1.3,2.0,5,30,6.8,55.0,2748.0,ssp245,2058,22.86,3.16,위험,725
밤,전북,고창군,고창,19.7,1.3,2.0,5,30,6.8,55.0,2748.0,ssp245,2068,23.16,3.46,위험,695
밤,전북,고창군,고창,19.7,1.3,2.0,5,30,6.8,55.0,2748.0,ssp245,2078,23.51,3.81,위험,659
밤,전북,고창군,고창,19.7,1.3,2.0,5,30,6.8,55.0,2748.0,ssp585,2028,21.76,2.06,위험,847
밤,전북,고창군,고창,19.7,1.3,2.0,5,30,6.8,55.0,2748.0,ssp585,2038,22.38,2.68,위험,774
밤,전북,고창군,고창,19.7,1.3,2.0,5,30,6.8,55.0,2748.0,ssp585,2048,23.03,3.33,위험,691
밤,전북,고창군,고창,19.7,1.3,2.0,5,30,6.8,55.0,2748.0,ssp585,2058,23.77,4.07,위험,630
밤,전북,고창군,고창,19.7,1.3,2.0,5,30,6.8,55.0,2748.0,ssp585,2068,24.57,4.87,위험,547
밤,전북,고창군,고창,19.7,1.3,2.0,5,30,6.8,55.0,2748.0,ssp585,2078,25.34,5.64,위험,476
밤,전남,무안군,무안,19.7,1.3,2.0,5,30,3.5,61.0,3002.0,관측,2005,19.9,0.2,경고,918
밤,전남,무안군,무안,19.7,1.3,2.0,5,30,3.5,61.0,3002.0,ssp245,2028,21.7,2.0,주의,755
밤,전남,무안군,무안,19.7,1.3,2.0,5,30,3.5,61.0,3002.0,ssp245,2038,22.16,2.46,위험,713
밤,전남,무안군,무안,19.7,1.3,2.0,5,30,3.5,61.0,3002.0,ssp245,2048,22.6,2.9,위험,671
밤,전남,무안군,무안,19.7,1.3,2.0,5,30,3.5,61.0,3002.0,ssp245,2058,23.01,3.31,위험,634
밤,전남,무안군,무안,19.7,1.3,2.0,5,30,3.5,61.0,3002.0,ssp245,2068,23.35,3.65,위험,611
밤,전남,무안군,무안,19.7,1.3,2.0,5,30,3.5,61.0,3002.0,ssp245,2078,23.72,4.02,위험,581
밤,전남,무안군,무안,19.7,1.3,2.0,5,30,3.5,61.0,3002.0,ssp585,2028,21.84,2.14,위험,743
밤,전남,무안군,무안,19.7,1.3,2.0,5,30,3.5,61.0,3002.0,ssp585,2038,22.52,2.82,위험,673
밤,전남,무안군,무안,19.7,1.3,2.0,5,30,3.5,61.0,3002.0,ssp585,2048,23.21,3.51,위험,599
밤,전남,무안군,무안,19.7,1.3,2.0,5,30,3.5,61.0,3002.0,ssp585,2058,23.99,4.29,위험,545
밤,전남,무안군,무안,19.7,1.3,2.0,5,30,3.5,61.0,3002.0,ssp585,2068,24.83,5.13,위험,462
밤,전남,무안군,무안,19.7,1.3,2.0,5,30,3.5,61.0,3002.0,ssp585,2078,25.64,5.94,위험,390
밤,충북,충주시,충주,19.7,1.3,2.0,5,30,884.9,2529.0,3510.0,관측,2005,19.2,-0.5,적합,1479
밤,충북,충주시,충주,19.7,1.3,2.0,5,30,884.9,2529.0,3510.0,ssp245,2028,20.7,1.0,경고,1282
밤,충북,충주시,충주,19.7,1.3,2.0,5,30,884.9,2529.0,3510.0,ssp245,2038,21.08,1.38,주의,1235
밤,충북,충주시,충주,19.7,1.3,2.0,5,30,884.9,2529.0,3510.0,ssp245,2048,21.44,1.74,주의,1190
밤,충북,충주시,충주,19.7,1.3,2.0,5,30,884.9,2529.0,3510.0,ssp245,2058,21.8,2.1,위험,1148
밤,충북,충주시,충주,19.7,1.3,2.0,5,30,884.9,2529.0,3510.0,ssp245,2068,22.07,2.37,위험,1115
밤,충북,충주시,충주,19.7,1.3,2.0,5,30,884.9,2529.0,3510.0,ssp245,2078,22.38,2.68,위험,1068
밤,충북,충주시,충주,19.7,1.3,2.0,5,30,884.9,2529.0,3510.0,ssp585,2028,20.87,1.17,경고,1278
밤,충북,충주시,충주,19.7,1.3,2.0,5,30,884.9,2529.0,3510.0,ssp585,2038,21.41,1.71,주의,1196
밤,충북,충주시,충주,19.7,1.3,2.0,5,30,884.9,2529.0,3510.0,ssp585,2048,22.0,2.3,위험,1109
밤,충북,충주시,충주,19.7,1.3,2.0,5,30,884.9,2529.0,3510.0,ssp585,2058,22.69,2.99,위험,1025
밤,충북,충주시,충주,19.7,1.3,2.0,5,30,884.9,2529.0,3510.0,ssp585,2068,23.42,3.72,위험,910
밤,충북,충주시,충주,19.7,1.3,2.0,5,30,884.9,2529.0,3510.0,ssp585,2078,24.18,4.48,위험,815
밤,경남,합천군,합천,19.7,1.3,2.0,5,30,395.6,4189.0,2041.0,관측,2005,19.99,0.29,경고,1229
밤,경남,합천군,합천,19.7,1.3,2.0,5,30,395.6,4189.0,2041.0,ssp245,2028,21.79,2.09,위험,1050
밤,경남,합천군,합천,19.7,1.3,2.0,5,30,395.6,4189.0,2041.0,ssp245,2038,22.29,2.59,위험,1004
밤,경남,합천군,합천,19.7,1.3,2.0,5,30,395.6,4189.0,2041.0,ssp245,2048,22.74,3.04,위험,961
밤,경남,합천군,합천,19.7,1.3,2.0,5,30,395.6,4189.0,2041.0,ssp245,2058,23.17,3.47,위험,926
밤,경남,합천군,합천,19.7,1.3,2.0,5,30,395.6,4189.0,2041.0,ssp245,2068,23.49,3.79,위험,897
밤,경남,합천군,합천,19.7,1.3,2.0,5,30,395.6,4189.0,2041.0,ssp245,2078,23.84,4.14,위험,851
밤,경남,합천군,합천,19.7,1.3,2.0,5,30,395.6,4189.0,2041.0,ssp585,2028,22.01,2.31,위험,1054
밤,경남,합천군,합천,19.7,1.3,2.0,5,30,395.6,4189.0,2041.0,ssp585,2038,22.66,2.96,위험,979
밤,경남,합천군,합천,19.7,1.3,2.0,5,30,395.6,4189.0,2041.0,ssp585,2048,23.4,3.7,위험,896
밤,경남,합천군,합천,19.7,1.3,2.0,5,30,395.6,4189.0,2041.0,ssp585,2058,24.21,4.51,위험,817
밤,경남,합천군,합천,19.7,1.3,2.0,5,30,395.6,4189.0,2041.0,ssp585,2068,25.04,5.34,위험,704
밤,경남,합천군,합천,19.7,1.3,2.0,5,30,395.6,4189.0,2041.0,ssp585,2078,25.84,6.14,위험,617
밤,경남,거창군,거창,19.7,1.3,2.0,5,30,103.3,5209.0,2430.0,관측,2005,18.73,-0.97,적합,1412
밤,경남,거창군,거창,19.7,1.3,2.0,5,30,103.3,5209.0,2430.0,ssp245,2028,20.49,0.79,경고,1210
밤,경남,거창군,거창,19.7,1.3,2.0,5,30,103.3,5209.0,2430.0,ssp245,2038,20.97,1.27,경고,1157
밤,경남,거창군,거창,19.7,1.3,2.0,5,30,103.3,5209.0,2430.0,ssp245,2048,21.41,1.71,주의,1111
밤,경남,거창군,거창,19.7,1.3,2.0,5,30,103.3,5209.0,2430.0,ssp245,2058,21.84,2.14,위험,1071
밤,경남,거창군,거창,19.7,1.3,2.0,5,30,103.3,5209.0,2430.0,ssp245,2068,22.15,2.45,위험,1040
밤,경남,거창군,거창,19.7,1.3,2.0,5,30,103.3,5209.0,2430.0,ssp245,2078,22.5,2.8,위험,991
밤,경남,거창군,거창,19.7,1.3,2.0,5,30,103.3,5209.0,2430.0,ssp585,2028,20.71,1.01,경고,1206
밤,경남,거창군,거창,19.7,1.3,2.0,5,30,103.3,5209.0,2430.0,ssp585,2038,21.36,1.66,주의,1122
밤,경남,거창군,거창,19.7,1.3,2.0,5,30,103.3,5209.0,2430.0,ssp585,2048,22.09,2.39,위험,1033
밤,경남,거창군,거창,19.7,1.3,2.0,5,30,103.3,5209.0,2430.0,ssp585,2058,22.88,3.18,위험,947
밤,경남,거창군,거창,19.7,1.3,2.0,5,30,103.3,5209.0,2430.0,ssp585,2068,23.7,4.0,위험,829
밤,경남,거창군,거창,19.7,1.3,2.0,5,30,103.3,5209.0,2430.0,ssp585,2078,24.5,4.8,위험,733
밤,전남,영광군,영광,19.7,1.3,2.0,5,30,19.9,597.0,3526.0,관측,2005,19.91,0.21,경고,1065
밤,전남,영광군,영광,19.7,1.3,2.0,5,30,19.9,597.0,3526.0,ssp245,2028,21.61,1.91,주의,900
밤,전남,영광군,영광,19.7,1.3,2.0,5,30,19.9,597.0,3526.0,ssp245,2038,22.05,2.35,위험,858
밤,전남,영광군,영광,19.7,1.3,2.0,5,30,19.9,597.0,3526.0,ssp245,2048,22.46,2.76,위험,816
밤,전남,영광군,영광,19.7,1.3,2.0,5,30,19.9,597.0,3526.0,ssp245,2058,22.84,3.14,위험,779
밤,전남,영광군,영광,19.7,1.3,2.0,5,30,19.9,597.0,3526.0,ssp245,2068,23.15,3.45,위험,750
밤,전남,영광군,영광,19.7,1.3,2.0,5,30,19.9,597.0,3526.0,ssp245,2078,23.5,3.8,위험,707
밤,전남,영광군,영광,19.7,1.3,2.0,5,30,19.9,597.0,3526.0,ssp585,2028,21.77,2.07,위험,886
밤,전남,영광군,영광,19.7,1.3,2.0,5,30,19.9,597.0,3526.0,ssp585,2038,22.39,2.69,위험,814
밤,전남,영광군,영광,19.7,1.3,2.0,5,30,19.9,597.0,3526.0,ssp585,2048,23.04,3.34,위험,734
밤,전남,영광군,영광,19.7,1.3,2.0,5,30,19.9,597.0,3526.0,ssp585,2058,23.77,4.07,위험,665
밤,전남,영광군,영광,19.7,1.3,2.0,5,30,19.9,597.0,3526.0,ssp585,2068,24.55,4.85,위험,583
밤,전남,영광군,영광,19.7,1.3,2.0,5,30,19.9,597.0,3526.0,ssp585,2078,25.32,5.62,위험,514
밤,경남,창원시,창원,19.7,1.3,2.0,5,30,28.3,22.0,4142.0,관측,2005,20.83,1.13,경고,672
밤,경남,창원시,창원,19.7,1.3,2.0,5,30,28.3,22.0,4142.0,ssp245,2028,22.76,3.06,위험,529
밤,경남,창원시,창원,19.7,1.3,2.0,5,30,28.3,22.0,4142.0,ssp245,2038,23.31,3.61,위험,495
밤,경남,창원시,창원,19.7,1.3,2.0,5,30,28.3,22.0,4142.0,ssp245,2048,23.79,4.09,위험,463
밤,경남,창원시,창원,19.7,1.3,2.0,5,30,28.3,22.0,4142.0,ssp245,2058,24.26,4.56,위험,432
밤,경남,창원시,창원,19.7,1.3,2.0,5,30,28.3,22.0,4142.0,ssp245,2068,24.62,4.92,위험,415
밤,경남,창원시,창원,19.7,1.3,2.0,5,30,28.3,22.0,4142.0,ssp245,2078,25.02,5.32,위험,382
밤,경남,창원시,창원,19.7,1.3,2.0,5,30,28.3,22.0,4142.0,ssp585,2028,22.95,3.25,위험,537
밤,경남,창원시,창원,19.7,1.3,2.0,5,30,28.3,22.0,4142.0,ssp585,2038,23.67,3.97,위험,481
밤,경남,창원시,창원,19.7,1.3,2.0,5,30,28.3,22.0,4142.0,ssp585,2048,24.47,4.77,위험,416
밤,경남,창원시,창원,19.7,1.3,2.0,5,30,28.3,22.0,4142.0,ssp585,2058,25.37,5.67,위험,356
밤,경남,창원시,창원,19.7,1.3,2.0,5,30,28.3,22.0,4142.0,ssp585,2068,26.28,6.58,위험,266
밤,경남,창원시,창원,19.7,1.3,2.0,5,30,28.3,22.0,4142.0,ssp585,2078,27.18,7.48,위험,192
밤,충남,공주시,공주,19.7,1.3,2.0,5,30,3569.8,1864.0,2748.0,관측,2005,19.84,0.14,경고,1344
밤,충남,공주시,공주,19.7,1.3,2.0,5,30,3569.8,1864.0,2748.0,ssp245,2028,21.61,1.91,주의,1155
밤,충남,공주시,공주,19.7,1.3,2.0,5,30,3569.8,1864.0,2748.0,ssp245,2038,22.07,2.37,위험,1106
밤,충남,공주시,공주,19.7,1.3,2.0,5,30,3569.8,1864.0,2748.0,ssp245,2048,22.5,2.8,위험,1063
밤,충남,공주시,공주,19.7,1.3,2.0,5,30,3569.8,1864.0,2748.0,ssp245,2058,22.92,3.22,위험,1024
밤,충남,공주시,공주,19.7,1.3,2.0,5,30,3569.8,1864.0,2748.0,ssp245,2068,23.23,3.53,위험,989
밤,충남,공주시,공주,19.7,1.3,2.0,5,30,3569.8,1864.0,2748.0,ssp245,2078,23.6,3.9,위험,940
밤,충남,공주시,공주,19.7,1.3,2.0,5,30,3569.8,1864.0,2748.0,ssp585,2028,21.79,2.09,위험,1146
밤,충남,공주시,공주,19.7,1.3,2.0,5,30,3569.8,1864.0,2748.0,ssp585,2038,22.44,2.74,위험,1067
밤,충남,공주시,공주,19.7,1.3,2.0,5,30,3569.8,1864.0,2748.0,ssp585,2048,23.15,3.45,위험,977
밤,충남,공주시,공주,19.7,1.3,2.0,5,30,3569.8,1864.0,2748.0,ssp585,2058,23.93,4.23,위험,895
밤,충남,공주시,공주,19.7,1.3,2.0,5,30,3569.8,1864.0,2748.0,ssp585,2068,24.78,5.08,위험,776
밤,충남,공주시,공주,19.7,1.3,2.0,5,30,3569.8,1864.0,2748.0,ssp585,2078,25.63,5.93,위험,673
밤,전남,해남군,해남,19.7,1.3,2.0,5,30,,,,관측,2005,19.81,0.11,경고,1004
밤,전남,해남군,해남,19.7,1.3,2.0,5,30,,,,ssp245,2028,21.83,2.13,위험,818
밤,전남,해남군,해남,19.7,1.3,2.0,5,30,,,,ssp245,2038,22.34,2.64,위험,770
밤,전남,해남군,해남,19.7,1.3,2.0,5,30,,,,ssp245,2048,22.82,3.12,위험,723
밤,전남,해남군,해남,19.7,1.3,2.0,5,30,,,,ssp245,2058,23.31,3.61,위험,680
밤,전남,해남군,해남,19.7,1.3,2.0,5,30,,,,ssp245,2068,23.69,3.99,위험,646
밤,전남,해남군,해남,19.7,1.3,2.0,5,30,,,,ssp245,2078,24.1,4.4,위험,596
밤,전남,해남군,해남,19.7,1.3,2.0,5,30,,,,ssp585,2028,21.96,2.26,위험,814
밤,전남,해남군,해남,19.7,1.3,2.0,5,30,,,,ssp585,2038,22.73,3.03,위험,734
밤,전남,해남군,해남,19.7,1.3,2.0,5,30,,,,ssp585,2048,23.53,3.83,위험,642
밤,전남,해남군,해남,19.7,1.3,2.0,5,30,,,,ssp585,2058,24.42,4.72,위험,561
밤,전남,해남군,해남,19.7,1.3,2.0,5,30,,,,ssp585,2068,25.36,5.66,위험,468
밤,전남,해남군,해남,19.7,1.3,2.0,5,30,,,,ssp585,2078,26.25,6.55,위험,387
밤,전북,남원시,남원,19.7,1.3,2.0,5,30,15.6,3546.0,2783.0,관측,2005,19.49,-0.21,적합,1330
밤,전북,남원시,남원,19.7,1.3,2.0,5,30,15.6,3546.0,2783.0,ssp245,2028,21.36,1.66,주의,1129
밤,전북,남원시,남원,19.7,1.3,2.0,5,30,15.6,3546.0,2783.0,ssp245,2038,21.87,2.17,위험,1075
밤,전북,남원시,남원,19.7,1.3,2.0,5,30,15.6,3546.0,2783.0,ssp245,2048,22.33,2.63,위험,1030
밤,전북,남원시,남원,19.7,1.3,2.0,5,30,15.6,3546.0,2783.0,ssp245,2058,22.78,3.08,위험,989
밤,전북,남원시,남원,19.7,1.3,2.0,5,30,15.6,3546.0,2783.0,ssp245,2068,23.11,3.41,위험,957
밤,전북,남원시,남원,19.7,1.3,2.0,5,30,15.6,3546.0,2783.0,ssp245,2078,23.49,3.79,위험,904
밤,전북,남원시,남원,19.7,1.3,2.0,5,30,15.6,3546.0,2783.0,ssp585,2028,21.57,1.87,주의,1129
밤,전북,남원시,남원,19.7,1.3,2.0,5,30,15.6,3546.0,2783.0,ssp585,2038,22.26,2.56,위험,1045
밤,전북,남원시,남원,19.7,1.3,2.0,5,30,15.6,3546.0,2783.0,ssp585,2048,23.02,3.32,위험,952
밤,전북,남원시,남원,19.7,1.3,2.0,5,30,15.6,3546.0,2783.0,ssp585,2058,23.84,4.14,위험,865
밤,전북,남원시,남원,19.7,1.3,2.0,5,30,15.6,3546.0,2783.0,ssp585,2068,24.7,5.0,위험,745
밤,전북,남원시,남원,19.7,1.3,2.0,5,30,15.6,3546.0,2783.0,ssp585,2078,25.52,5.82,위험,641
밤,전남,강진군,강진,19.7,1.3,2.0,5,30,,,3500.0,관측,2005,20.17,0.47,경고,927
밤,전남,강진군,강진,19.7,1.3,2.0,5,30,,,3500.0,ssp245,2028,22.43,2.73,위험,724
밤,전남,강진군,강진,19.7,1.3,2.0,5,30,,,3500.0,ssp245,2038,23.0,3.3,위험,671
밤,전남,강진군,강진,19.7,1.3,2.0,5,30,,,3500.0,ssp245,2048,23.55,3.85,위험,626
밤,전남,강진군,강진,19.7,1.3,2.0,5,30,,,3500.0,ssp245,2058,24.1,4.4,위험,588
밤,전남,강진군,강진,19.7,1.3,2.0,5,30,,,3500.0,ssp245,2068,24.53,4.83,위험,566
밤,전남,강진군,강진,19.7,1.3,2.0,5,30,,,3500.0,ssp245,2078,25.0,5.3,위험,529
밤,전남,강진군,강진,19.7,1.3,2.0,5,30,,,3500.0,ssp585,2028,22.58,2.88,위험,730
밤,전남,강진군,강진,19.7,1.3,2.0,5,30,,,3500.0,ssp585,2038,23.43,3.73,위험,644
밤,전남,강진군,강진,19.7,1.3,2.0,5,30,,,3500.0,ssp585,2048,24.34,4.64,위험,566
밤,전남,강진군,강진,19.7,1.3,2.0,5,30,,,3500.0,ssp585,2058,25.34,5.64,위험,497
밤,전남,강진군,강진,19.7,1.3,2.0,5,30,,,3500.0,ssp585,2068,26.4,6.7,위험,396
밤,전남,강진군,강진,19.7,1.3,2.0,5,30,,,3500.0,ssp585,2078,27.4,7.7,위험,309
밤,전북,임실군,임실,19.7,1.3,2.0,5,30,36.5,2877.0,2888.0,관측,2005,18.33,-1.37,적합,1475
밤,전북,임실군,임실,19.7,1.3,2.0,5,30,36.5,2877.0,2888.0,ssp245,2028,20.21,0.51,경고,1269
밤,전북,임실군,임실,19.7,1.3,2.0,5,30,36.5,2877.0,2888.0,ssp245,2038,20.72,1.02,경고,1212
밤,전북,임실군,임실,19.7,1.3,2.0,5,30,36.5,2877.0,2888.0,ssp245,2048,21.18,1.48,주의,1163
밤,전북,임실군,임실,19.7,1.3,2.0,5,30,36.5,2877.0,2888.0,ssp245,2058,21.63,1.93,주의,1123
밤,전북,임실군,임실,19.7,1.3,2.0,5,30,36.5,2877.0,2888.0,ssp245,2068,21.95,2.25,위험,1089
밤,전북,임실군,임실,19.7,1.3,2.0,5,30,36.5,2877.0,2888.0,ssp245,2078,22.33,2.63,위험,1034
밤,전북,임실군,임실,19.7,1.3,2.0,5,30,36.5,2877.0,2888.0,ssp585,2028,20.42,0.72,경고,1249
밤,전북,임실군,임실,19.7,1.3,2.0,5,30,36.5,2877.0,2888.0,ssp585,2038,21.11,1.41,주의,1162
밤,전북,임실군,임실,19.7,1.3,2.0,5,30,36.5,2877.0,2888.0,ssp585,2048,21.87,2.17,위험,1064
밤,전북,임실군,임실,19.7,1.3,2.0,5,30,36.5,2877.0,2888.0,ssp585,2058,22.69,2.99,위험,973
밤,전북,임실군,임실,19.7,1.3,2.0,5,30,36.5,2877.0,2888.0,ssp585,2068,23.54,3.84,위험,843
밤,전북,임실군,임실,19.7,1.3,2.0,5,30,36.5,2877.0,2888.0,ssp585,2078,24.35,4.65,위험,732
밤,전북,진안군,진안,19.7,1.3,2.0,5,30,1.9,5520.0,4067.0,관측,2005,17.86,-1.84,적합,1535
밤,전북,진안군,진안,19.7,1.3,2.0,5,30,1.9,5520.0,4067.0,ssp245,2028,19.64,-0.06,적합,1327
밤,전북,진안군,진안,19.7,1.3,2.0,5,30,1.9,5520.0,4067.0,ssp245,2038,20.13,0.43,경고,1271
밤,전북,진안군,진안,19.7,1.3,2.0,5,30,1.9,5520.0,4067.0,ssp245,2048,20.57,0.87,경고,1224
밤,전북,진안군,진안,19.7,1.3,2.0,5,30,1.9,5520.0,4067.0,ssp245,2058,21.0,1.3,경고,1182
밤,전북,진안군,진안,19.7,1.3,2.0,5,30,1.9,5520.0,4067.0,ssp245,2068,21.3,1.6,주의,1149
밤,전북,진안군,진안,19.7,1.3,2.0,5,30,1.9,5520.0,4067.0,ssp245,2078,21.66,1.96,주의,1097
밤,전북,진안군,진안,19.7,1.3,2.0,5,30,1.9,5520.0,4067.0,ssp585,2028,19.84,0.14,경고,1331
밤,전북,진안군,진안,19.7,1.3,2.0,5,30,1.9,5520.0,4067.0,ssp585,2038,20.5,0.8,경고,1244
밤,전북,진안군,진안,19.7,1.3,2.0,5,30,1.9,5520.0,4067.0,ssp585,2048,21.23,1.53,주의,1149
밤,전북,진안군,진안,19.7,1.3,2.0,5,30,1.9,5520.0,4067.0,ssp585,2058,22.01,2.31,위험,1059
밤,전북,진안군,진안,19.7,1.3,2.0,5,30,1.9,5520.0,4067.0,ssp585,2068,22.82,3.12,위험,937
밤,전북,진안군,진안,19.7,1.3,2.0,5,30,1.9,5520.0,4067.0,ssp585,2078,23.6,3.9,위험,834
밤,경북,안동시,안동,19.7,1.3,2.0,5,30,1.7,999.0,4357.0,관측,2005,19.36,-0.34,적합,1367
밤,경북,안동시,안동,19.7,1.3,2.0,5,30,1.7,999.0,4357.0,ssp245,2028,21.22,1.52,주의,1174
밤,경북,안동시,안동,19.7,1.3,2.0,5,30,1.7,999.0,4357.0,ssp245,2038,21.67,1.97,주의,1131
밤,경북,안동시,안동,19.7,1.3,2.0,5,30,1.7,999.0,4357.0,ssp245,2048,22.09,2.39,위험,1086
밤,경북,안동시,안동,19.7,1.3,2.0,5,30,1.7,999.0,4357.0,ssp245,2058,22.53,2.83,위험,1044
밤,경북,안동시,안동,19.7,1.3,2.0,5,30,1.7,999.0,4357.0,ssp245,2068,22.84,3.14,위험,1010
밤,경북,안동시,안동,19.7,1.3,2.0,5,30,1.7,999.0,4357.0,ssp245,2078,23.22,3.52,위험,965
밤,경북,안동시,안동,19.7,1.3,2.0,5,30,1.7,999.0,4357.0,ssp585,2028,21.35,1.65,주의,1183
밤,경북,안동시,안동,19.7,1.3,2.0,5,30,1.7,999.0,4357.0,ssp585,2038,22.01,2.31,위험,1102
밤,경북,안동시,안동,19.7,1.3,2.0,5,30,1.7,999.0,4357.0,ssp585,2048,22.72,3.02,위험,1016
밤,경북,안동시,안동,19.7,1.3,2.0,5,30,1.7,999.0,4357.0,ssp585,2058,23.53,3.83,위험,929
밤,경북,안동시,안동,19.7,1.3,2.0,5,30,1.7,999.0,4357.0,ssp585,2068,24.39,4.69,위험,808
밤,경북,안동시,안동,19.7,1.3,2.0,5,30,1.7,999.0,4357.0,ssp585,2078,25.26,5.56,위험,703
밤,전남,담양군,담양,19.7,1.3,2.0,5,30,8.5,1562.0,2426.0,관측,2005,19.93,0.23,경고,1111
밤,전남,담양군,담양,19.7,1.3,2.0,5,30,8.5,1562.0,2426.0,ssp245,2028,21.9,2.2,위험,921
밤,전남,담양군,담양,19.7,1.3,2.0,5,30,8.5,1562.0,2426.0,ssp245,2038,22.43,2.73,위험,870
밤,전남,담양군,담양,19.7,1.3,2.0,5,30,8.5,1562.0,2426.0,ssp245,2048,22.92,3.22,위험,825
밤,전남,담양군,담양,19.7,1.3,2.0,5,30,8.5,1562.0,2426.0,ssp245,2058,23.39,3.69,위험,785
밤,전남,담양군,담양,19.7,1.3,2.0,5,30,8.5,1562.0,2426.0,ssp245,2068,23.74,4.04,위험,752
밤,전남,담양군,담양,19.7,1.3,2.0,5,30,8.5,1562.0,2426.0,ssp245,2078,24.16,4.46,위험,700
밤,전남,담양군,담양,19.7,1.3,2.0,5,30,8.5,1562.0,2426.0,ssp585,2028,22.11,2.41,위험,894
밤,전남,담양군,담양,19.7,1.3,2.0,5,30,8.5,1562.0,2426.0,ssp585,2038,22.84,3.14,위험,813
밤,전남,담양군,담양,19.7,1.3,2.0,5,30,8.5,1562.0,2426.0,ssp585,2048,23.63,3.93,위험,719
밤,전남,담양군,담양,19.7,1.3,2.0,5,30,8.5,1562.0,2426.0,ssp585,2058,24.5,4.8,위험,634
밤,전남,담양군,담양,19.7,1.3,2.0,5,30,8.5,1562.0,2426.0,ssp585,2068,25.42,5.72,위험,538
밤,전남,담양군,담양,19.7,1.3,2.0,5,30,8.5,1562.0,2426.0,ssp585,2078,26.3,6.6,위험,459
밤,전북,김제시,김제,19.7,1.3,2.0,5,30,0.5,502.0,2745.0,관측,2005,20.33,0.63,경고,1045
밤,전북,김제시,김제,19.7,1.3,2.0,5,30,0.5,502.0,2745.0,ssp245,2028,21.95,2.25,위험,868
밤,전북,김제시,김제,19.7,1.3,2.0,5,30,0.5,502.0,2745.0,ssp245,2038,22.38,2.68,위험,822
밤,전북,김제시,김제,19.7,1.3,2.0,5,30,0.5,502.0,2745.0,ssp245,2048,22.78,3.08,위험,779
밤,전북,김제시,김제,19.7,1.3,2.0,5,30,0.5,502.0,2745.0,ssp245,2058,23.16,3.46,위험,743
밤,전북,김제시,김제,19.7,1.3,2.0,5,30,0.5,502.0,2745.0,ssp245,2068,23.44,3.74,위험,712
밤,전북,김제시,김제,19.7,1.3,2.0,5,30,0.5,502.0,2745.0,ssp245,2078,23.78,4.08,위험,667
밤,전북,김제시,김제,19.7,1.3,2.0,5,30,0.5,502.0,2745.0,ssp585,2028,22.11,2.41,위험,861
밤,전북,김제시,김제,19.7,1.3,2.0,5,30,0.5,502.0,2745.0,ssp585,2038,22.7,3.0,위험,786
밤,전북,김제시,김제,19.7,1.3,2.0,5,30,0.5,502.0,2745.0,ssp585,2048,23.35,3.65,위험,701
밤,전북,김제시,김제,19.7,1.3,2.0,5,30,0.5,502.0,2745.0,ssp585,2058,24.07,4.37,위험,628
밤,전북,김제시,김제,19.7,1.3,2.0,5,30,0.5,502.0,2745.0,ssp585,2068,24.83,5.13,위험,545
밤,전북,김제시,김제,19.7,1.3,2.0,5,30,0.5,502.0,2745.0,ssp585,2078,25.59,5.89,위험,475
밤,전남,화순군,화순,19.7,1.3,2.0,5,30,3.9,12722.0,2916.0,관측,2005,20.17,0.47,경고,1090
밤,전남,화순군,화순,19.7,1.3,2.0,5,30,3.9,12722.0,2916.0,ssp245,2028,22.31,2.61,위험,891
밤,전남,화순군,화순,19.7,1.3,2.0,5,30,3.9,12722.0,2916.0,ssp245,2038,22.87,3.17,위험,838
밤,전남,화순군,화순,19.7,1.3,2.0,5,30,3.9,12722.0,2916.0,ssp245,2048,23.4,3.7,위험,789
밤,전남,화순군,화순,19.7,1.3,2.0,5,30,3.9,12722.0,2916.0,ssp245,2058,23.92,4.22,위험,747
밤,전남,화순군,화순,19.7,1.3,2.0,5,30,3.9,12722.0,2916.0,ssp245,2068,24.31,4.61,위험,712
밤,전남,화순군,화순,19.7,1.3,2.0,5,30,3.9,12722.0,2916.0,ssp245,2078,24.77,5.07,위험,657
밤,전남,화순군,화순,19.7,1.3,2.0,5,30,3.9,12722.0,2916.0,ssp585,2028,22.49,2.79,위험,869
밤,전남,화순군,화순,19.7,1.3,2.0,5,30,3.9,12722.0,2916.0,ssp585,2038,23.29,3.59,위험,784
밤,전남,화순군,화순,19.7,1.3,2.0,5,30,3.9,12722.0,2916.0,ssp585,2048,24.15,4.45,위험,685
밤,전남,화순군,화순,19.7,1.3,2.0,5,30,3.9,12722.0,2916.0,ssp585,2058,25.1,5.4,위험,601
밤,전남,화순군,화순,19.7,1.3,2.0,5,30,3.9,12722.0,2916.0,ssp585,2068,26.08,6.38,위험,504
밤,전남,화순군,화순,19.7,1.3,2.0,5,30,3.9,12722.0,2916.0,ssp585,2078,27.02,7.32,위험,421
밤,경남,고성군,고성,19.7,1.3,2.0,5,30,63.4,1024.0,2484.0,관측,2005,20.56,0.86,경고,970
밤,경남,고성군,고성,19.7,1.3,2.0,5,30,63.4,1024.0,2484.0,ssp245,2028,22.64,2.94,위험,789
밤,경남,고성군,고성,19.7,1.3,2.0,5,30,63.4,1024.0,2484.0,ssp245,2038,23.23,3.53,위험,742
밤,경남,고성군,고성,19.7,1.3,2.0,5,30,63.4,1024.0,2484.0,ssp245,2048,23.76,4.06,위험,698
밤,경남,고성군,고성,19.7,1.3,2.0,5,30,63.4,1024.0,2484.0,ssp245,2058,24.26,4.56,위험,659
밤,경남,고성군,고성,19.7,1.3,2.0,5,30,63.4,1024.0,2484.0,ssp245,2068,24.65,4.95,위험,631
밤,경남,고성군,고성,19.7,1.3,2.0,5,30,63.4,1024.0,2484.0,ssp245,2078,25.07,5.37,위험,599
밤,경남,고성군,고성,19.7,1.3,2.0,5,30,63.4,1024.0,2484.0,ssp585,2028,22.85,3.15,위험,799
밤,경남,고성군,고성,19.7,1.3,2.0,5,30,63.4,1024.0,2484.0,ssp585,2038,23.64,3.94,위험,719
밤,경남,고성군,고성,19.7,1.3,2.0,5,30,63.4,1024.0,2484.0,ssp585,2048,24.5,4.8,위험,633
밤,경남,고성군,고성,19.7,1.3,2.0,5,30,63.4,1024.0,2484.0,ssp585,2058,25.45,5.75,위험,574
밤,경남,고성군,고성,19.7,1.3,2.0,5,30,63.4,1024.0,2484.0,ssp585,2068,26.41,6.71,위험,487
밤,경남,고성군,고성,19.7,1.3,2.0,5,30,63.4,1024.0,2484.0,ssp585,2078,27.33,7.63,위험,415
밤,전북,무주군,무주,19.7,1.3,2.0,5,30,3.4,1049.0,4304.0,관측,2005,18.74,-0.96,적합,1473
밤,전북,무주군,무주,19.7,1.3,2.0,5,30,3.4,1049.0,4304.0,ssp245,2028,20.49,0.79,경고,1263
밤,전북,무주군,무주,19.7,1.3,2.0,5,30,3.4,1049.0,4304.0,ssp245,2038,20.96,1.26,경고,1208
밤,전북,무주군,무주,19.7,1.3,2.0,5,30,3.4,1049.0,4304.0,ssp245,2048,21.41,1.71,주의,1162
밤,전북,무주군,무주,19.7,1.3,2.0,5,30,3.4,1049.0,4304.0,ssp245,2058,21.84,2.14,위험,1121
밤,전북,무주군,무주,19.7,1.3,2.0,5,30,3.4,1049.0,4304.0,ssp245,2068,22.15,2.45,위험,1089
밤,전북,무주군,무주,19.7,1.3,2.0,5,30,3.4,1049.0,4304.0,ssp245,2078,22.5,2.8,위험,1038
밤,전북,무주군,무주,19.7,1.3,2.0,5,30,3.4,1049.0,4304.0,ssp585,2028,20.72,1.02,경고,1255
밤,전북,무주군,무주,19.7,1.3,2.0,5,30,3.4,1049.0,4304.0,ssp585,2038,21.37,1.67,주의,1169
밤,전북,무주군,무주,19.7,1.3,2.0,5,30,3.4,1049.0,4304.0,ssp585,2048,22.09,2.39,위험,1078
밤,전북,무주군,무주,19.7,1.3,2.0,5,30,3.4,1049.0,4304.0,ssp585,2058,22.9,3.2,위험,989
밤,전북,무주군,무주,19.7,1.3,2.0,5,30,3.4,1049.0,4304.0,ssp585,2068,23.72,4.02,위험,871
밤,전북,무주군,무주,19.7,1.3,2.0,5,30,3.4,1049.0,4304.0,ssp585,2078,24.54,4.84,위험,773
밤,충남,보령시,보령,19.7,1.3,2.0,5,30,65.4,2316.0,2999.0,관측,2005,19.36,-0.34,적합,1034
밤,충남,보령시,보령,19.7,1.3,2.0,5,30,65.4,2316.0,2999.0,ssp245,2028,21.33,1.63,주의,832
밤,충남,보령시,보령,19.7,1.3,2.0,5,30,65.4,2316.0,2999.0,ssp245,2038,21.85,2.15,위험,777
밤,충남,보령시,보령,19.7,1.3,2.0,5,30,65.4,2316.0,2999.0,ssp245,2048,22.33,2.63,위험,729
밤,충남,보령시,보령,19.7,1.3,2.0,5,30,65.4,2316.0,2999.0,ssp245,2058,22.79,3.09,위험,688
밤,충남,보령시,보령,19.7,1.3,2.0,5,30,65.4,2316.0,2999.0,ssp245,2068,23.14,3.44,위험,655
밤,충남,보령시,보령,19.7,1.3,2.0,5,30,65.4,2316.0,2999.0,ssp245,2078,23.56,3.86,위험,618
밤,충남,보령시,보령,19.7,1.3,2.0,5,30,65.4,2316.0,2999.0,ssp585,2028,21.49,1.79,주의,828
밤,충남,보령시,보령,19.7,1.3,2.0,5,30,65.4,2316.0,2999.0,ssp585,2038,22.22,2.52,위험,740
밤,충남,보령시,보령,19.7,1.3,2.0,5,30,65.4,2316.0,2999.0,ssp585,2048,23.0,3.3,위험,646
밤,충남,보령시,보령,19.7,1.3,2.0,5,30,65.4,2316.0,2999.0,ssp585,2058,23.87,4.17,위험,583
밤,충남,보령시,보령,19.7,1.3,2.0,5,30,65.4,2316.0,2999.0,ssp585,2068,24.8,5.1,위험,480
밤,충남,보령시,보령,19.7,1.3,2.0,5,30,65.4,2316.0,2999.0,ssp585,2078,25.72,6.02,위험,397
밤,경북,성주군,성주,19.7,1.3,2.0,5,30,1.1,10688.0,3898.0,관측,2005,20.03,0.33,경고,1356
밤,경북,성주군,성주,19.7,1.3,2.0,5,30,1.1,10688.0,3898.0,ssp245,2028,21.81,2.11,위험,1183
밤,경북,성주군,성주,19.7,1.3,2.0,5,30,1.1,10688.0,3898.0,ssp245,2038,22.3,2.6,위험,1139
밤,경북,성주군,성주,19.7,1.3,2.0,5,30,1.1,10688.0,3898.0,ssp245,2048,22.76,3.06,위험,1097
밤,경북,성주군,성주,19.7,1.3,2.0,5,30,1.1,10688.0,3898.0,ssp245,2058,23.18,3.48,위험,1063
밤,경북,성주군,성주,19.7,1.3,2.0,5,30,1.1,10688.0,3898.0,ssp245,2068,23.51,3.81,위험,1035
밤,경북,성주군,성주,19.7,1.3,2.0,5,30,1.1,10688.0,3898.0,ssp245,2078,23.86,4.16,위험,991
밤,경북,성주군,성주,19.7,1.3,2.0,5,30,1.1,10688.0,3898.0,ssp585,2028,22.03,2.33,위험,1186
밤,경북,성주군,성주,19.7,1.3,2.0,5,30,1.1,10688.0,3898.0,ssp585,2038,22.69,2.99,위험,1113
밤,경북,성주군,성주,19.7,1.3,2.0,5,30,1.1,10688.0,3898.0,ssp585,2048,23.43,3.73,위험,1033
밤,경북,성주군,성주,19.7,1.3,2.0,5,30,1.1,10688.0,3898.0,ssp585,2058,24.24,4.54,위험,957
밤,경북,성주군,성주,19.7,1.3,2.0,5,30,1.1,10688.0,3898.0,ssp585,2068,25.07,5.37,위험,848
밤,경북,성주군,성주,19.7,1.3,2.0,5,30,1.1,10688.0,3898.0,ssp585,2078,25.89,6.19,위험,757
밤,전남,함평군,함평,19.7,1.3,2.0,5,30,0.3,2995.0,2244.0,관측,2005,20.37,0.67,경고,945
밤,전남,함평군,함평,19.7,1.3,2.0,5,30,0.3,2995.0,2244.0,ssp245,2028,22.23,2.53,위험,774
밤,전남,함평군,함평,19.7,1.3,2.0,5,30,0.3,2995.0,2244.0,ssp245,2038,22.72,3.02,위험,729
밤,전남,함평군,함평,19.7,1.3,2.0,5,30,0.3,2995.0,2244.0,ssp245,2048,23.17,3.47,위험,685
밤,전남,함평군,함평,19.7,1.3,2.0,5,30,0.3,2995.0,2244.0,ssp245,2058,23.59,3.89,위험,647
밤,전남,함평군,함평,19.7,1.3,2.0,5,30,0.3,2995.0,2244.0,ssp245,2068,23.93,4.23,위험,617
밤,전남,함평군,함평,19.7,1.3,2.0,5,30,0.3,2995.0,2244.0,ssp245,2078,24.31,4.61,위험,585
밤,전남,함평군,함평,19.7,1.3,2.0,5,30,0.3,2995.0,2244.0,ssp585,2028,22.39,2.69,위험,766
밤,전남,함평군,함평,19.7,1.3,2.0,5,30,0.3,2995.0,2244.0,ssp585,2038,23.08,3.38,위험,690
밤,전남,함평군,함평,19.7,1.3,2.0,5,30,0.3,2995.0,2244.0,ssp585,2048,23.79,4.09,위험,605
밤,전남,함평군,함평,19.7,1.3,2.0,5,30,0.3,2995.0,2244.0,ssp585,2058,24.6,4.9,위험,548
밤,전남,함평군,함평,19.7,1.3,2.0,5,30,0.3,2995.0,2244.0,ssp585,2068,25.46,5.76,위험,461
밤,전남,함평군,함평,19.7,1.3,2.0,5,30,0.3,2995.0,2244.0,ssp585,2078,26.29,6.59,위험,386
밤,강원,삼척시,삼척,19.7,1.3,2.0,5,30,7.9,1295.0,3835.0,관측,2005,19.36,-0.34,적합,828
밤,강원,삼척시,삼척,19.7,1.3,2.0,5,30,7.9,1295.0,3835.0,ssp245,2028,21.32,1.62,주의,607
밤,강원,삼척시,삼척,19.7,1.3,2.0,5,30,7.9,1295.0,3835.0,ssp245,2038,21.85,2.15,위험,564
밤,강원,삼척시,삼척,19.7,1.3,2.0,5,30,7.9,1295.0,3835.0,ssp245,2048,22.28,2.58,위험,528
밤,강원,삼척시,삼척,19.7,1.3,2.0,5,30,7.9,1295.0,3835.0,ssp245,2058,22.8,3.1,위험,490
밤,강원,삼척시,삼척,19.7,1.3,2.0,5,30,7.9,1295.0,3835.0,ssp245,2068,23.13,3.43,위험,470
밤,강원,삼척시,삼척,19.7,1.3,2.0,5,30,7.9,1295.0,3835.0,ssp245,2078,23.54,3.84,위험,433
밤,강원,삼척시,삼척,19.7,1.3,2.0,5,30,7.9,1295.0,3835.0,ssp585,2028,21.38,1.68,주의,654
밤,강원,삼척시,삼척,19.7,1.3,2.0,5,30,7.9,1295.0,3835.0,ssp585,2038,22.12,2.42,위험,573
밤,강원,삼척시,삼척,19.7,1.3,2.0,5,30,7.9,1295.0,3835.0,ssp585,2048,22.92,3.22,위험,499
밤,강원,삼척시,삼척,19.7,1.3,2.0,5,30,7.9,1295.0,3835.0,ssp585,2058,23.83,4.13,위험,423
밤,강원,삼척시,삼척,19.7,1.3,2.0,5,30,7.9,1295.0,3835.0,ssp585,2068,24.8,5.1,위험,321
밤,강원,삼척시,삼척,19.7,1.3,2.0,5,30,7.9,1295.0,3835.0,ssp585,2078,25.73,6.03,위험,240
밤,경북,칠곡군,칠곡,19.7,1.3,2.0,5,30,1.7,21247.0,3000.0,관측,2005,20.33,0.63,경고,1232
밤,경북,칠곡군,칠곡,19.7,1.3,2.0,5,30,1.7,21247.0,3000.0,ssp245,2028,22.17,2.47,위험,1060
밤,경북,칠곡군,칠곡,19.7,1.3,2.0,5,30,1.7,21247.0,3000.0,ssp245,2038,22.66,2.96,위험,1017
밤,경북,칠곡군,칠곡,19.7,1.3,2.0,5,30,1.7,21247.0,3000.0,ssp245,2048,23.13,3.43,위험,976
밤,경북,칠곡군,칠곡,19.7,1.3,2.0,5,30,1.7,21247.0,3000.0,ssp245,2058,23.57,3.87,위험,941
밤,경북,칠곡군,칠곡,19.7,1.3,2.0,5,30,1.7,21247.0,3000.0,ssp245,2068,23.89,4.19,위험,912
밤,경북,칠곡군,칠곡,19.7,1.3,2.0,5,30,1.7,21247.0,3000.0,ssp245,2078,24.27,4.57,위험,868
밤,경북,칠곡군,칠곡,19.7,1.3,2.0,5,30,1.7,21247.0,3000.0,ssp585,2028,22.36,2.66,위험,1060
밤,경북,칠곡군,칠곡,19.7,1.3,2.0,5,30,1.7,21247.0,3000.0,ssp585,2038,23.03,3.33,위험,986
밤,경북,칠곡군,칠곡,19.7,1.3,2.0,5,30,1.7,21247.0,3000.0,ssp585,2048,23.77,4.07,위험,909
밤,경북,칠곡군,칠곡,19.7,1.3,2.0,5,30,1.7,21247.0,3000.0,ssp585,2058,24.59,4.89,위험,832
밤,경북,칠곡군,칠곡,19.7,1.3,2.0,5,30,1.7,21247.0,3000.0,ssp585,2068,25.46,5.76,위험,723
밤,경북,칠곡군,칠곡,19.7,1.3,2.0,5,30,1.7,21247.0,3000.0,ssp585,2078,26.31,6.61,위험,631
밤,전북,익산시,익산,19.7,1.3,2.0,5,30,6.2,7285.0,3462.0,관측,2005,20.13,0.43,경고,1144
밤,전북,익산시,익산,19.7,1.3,2.0,5,30,6.2,7285.0,3462.0,ssp245,2028,21.82,2.12,위험,963
밤,전북,익산시,익산,19.7,1.3,2.0,5,30,6.2,7285.0,3462.0,ssp245,2038,22.28,2.58,위험,914
밤,전북,익산시,익산,19.7,1.3,2.0,5,30,6.2,7285.0,3462.0,ssp245,2048,22.7,3.0,위험,871
밤,전북,익산시,익산,19.7,1.3,2.0,5,30,6.2,7285.0,3462.0,ssp245,2058,23.1,3.4,위험,834
밤,전북,익산시,익산,19.7,1.3,2.0,5,30,6.2,7285.0,3462.0,ssp245,2068,23.39,3.69,위험,803
밤,전북,익산시,익산,19.7,1.3,2.0,5,30,6.2,7285.0,3462.0,ssp245,2078,23.75,4.05,위험,754
밤,전북,익산시,익산,19.7,1.3,2.0,5,30,6.2,7285.0,3462.0,ssp585,2028,22.02,2.32,위험,955
밤,전북,익산시,익산,19.7,1.3,2.0,5,30,6.2,7285.0,3462.0,ssp585,2038,22.64,2.94,위험,876
밤,전북,익산시,익산,19.7,1.3,2.0,5,30,6.2,7285.0,3462.0,ssp585,2048,23.32,3.62,위험,789
밤,전북,익산시,익산,19.7,1.3,2.0,5,30,6.2,7285.0,3462.0,ssp585,2058,24.06,4.36,위험,710
밤,전북,익산시,익산,19.7,1.3,2.0,5,30,6.2,7285.0,3462.0,ssp585,2068,24.86,5.16,위험,602
밤,전북,익산시,익산,19.7,1.3,2.0,5,30,6.2,7285.0,3462.0,ssp585,2078,25.65,5.95,위험,530
밤,충남,서천군,서천,19.7,1.3,2.0,5,30,166.0,2181.0,2420.0,관측,2005,19.41,-0.29,적합,1180
밤,충남,서천군,서천,19.7,1.3,2.0,5,30,166.0,2181.0,2420.0,ssp245,2028,21.0,1.3,경고,1011
밤,충남,서천군,서천,19.7,1.3,2.0,5,30,166.0,2181.0,2420.0,ssp245,2038,21.42,1.72,주의,965
밤,충남,서천군,서천,19.7,1.3,2.0,5,30,166.0,2181.0,2420.0,ssp245,2048,21.81,2.11,위험,924
밤,충남,서천군,서천,19.7,1.3,2.0,5,30,166.0,2181.0,2420.0,ssp245,2058,22.18,2.48,위험,892
밤,충남,서천군,서천,19.7,1.3,2.0,5,30,166.0,2181.0,2420.0,ssp245,2068,22.46,2.76,위험,863
밤,충남,서천군,서천,19.7,1.3,2.0,5,30,166.0,2181.0,2420.0,ssp245,2078,22.8,3.1,위험,819
밤,충남,서천군,서천,19.7,1.3,2.0,5,30,166.0,2181.0,2420.0,ssp585,2028,21.14,1.44,주의,1014
밤,충남,서천군,서천,19.7,1.3,2.0,5,30,166.0,2181.0,2420.0,ssp585,2038,21.72,2.02,위험,940
밤,충남,서천군,서천,19.7,1.3,2.0,5,30,166.0,2181.0,2420.0,ssp585,2048,22.35,2.65,위험,860
밤,충남,서천군,서천,19.7,1.3,2.0,5,30,166.0,2181.0,2420.0,ssp585,2058,23.05,3.35,위험,790
밤,충남,서천군,서천,19.7,1.3,2.0,5,30,166.0,2181.0,2420.0,ssp585,2068,23.8,4.1,위험,685
밤,충남,서천군,서천,19.7,1.3,2.0,5,30,166.0,2181.0,2420.0,ssp585,2078,24.54,4.84,위험,600
밤,인천,강화군,강화,19.7,1.3,2.0,5,30,5.2,452.0,3731.0,관측,2005,18.5,-1.2,적합,1421
밤,인천,강화군,강화,19.7,1.3,2.0,5,30,5.2,452.0,3731.0,ssp245,2028,20.07,0.37,경고,1215
밤,인천,강화군,강화,19.7,1.3,2.0,5,30,5.2,452.0,3731.0,ssp245,2038,20.5,0.8,경고,1166
밤,인천,강화군,강화,19.7,1.3,2.0,5,30,5.2,452.0,3731.0,ssp245,2048,20.89,1.19,경고,1117
밤,인천,강화군,강화,19.7,1.3,2.0,5,30,5.2,452.0,3731.0,ssp245,2058,21.25,1.55,주의,1080
밤,인천,강화군,강화,19.7,1.3,2.0,5,30,5.2,452.0,3731.0,ssp245,2068,21.52,1.82,주의,1048
밤,인천,강화군,강화,19.7,1.3,2.0,5,30,5.2,452.0,3731.0,ssp245,2078,21.88,2.18,위험,998
밤,인천,강화군,강화,19.7,1.3,2.0,5,30,5.2,452.0,3731.0,ssp585,2028,20.21,0.51,경고,1194
밤,인천,강화군,강화,19.7,1.3,2.0,5,30,5.2,452.0,3731.0,ssp585,2038,20.83,1.13,경고,1116
밤,인천,강화군,강화,19.7,1.3,2.0,5,30,5.2,452.0,3731.0,ssp585,2048,21.44,1.74,주의,1028
밤,인천,강화군,강화,19.7,1.3,2.0,5,30,5.2,452.0,3731.0,ssp585,2058,22.18,2.48,위험,944
밤,인천,강화군,강화,19.7,1.3,2.0,5,30,5.2,452.0,3731.0,ssp585,2068,22.98,3.28,위험,823
밤,인천,강화군,강화,19.7,1.3,2.0,5,30,5.2,452.0,3731.0,ssp585,2078,23.77,4.07,위험,722
밤,경북,경주시,경주,19.7,1.3,2.0,5,30,7.1,633.0,3203.0,관측,2005,19.94,0.24,경고,1108
밤,경북,경주시,경주,19.7,1.3,2.0,5,30,7.1,633.0,3203.0,ssp245,2028,22.29,2.59,위험,920
밤,경북,경주시,경주,19.7,1.3,2.0,5,30,7.1,633.0,3203.0,ssp245,2038,22.93,3.23,위험,874
밤,경북,경주시,경주,19.7,1.3,2.0,5,30,7.1,633.0,3203.0,ssp245,2048,23.5,3.8,위험,827
밤,경북,경주시,경주,19.7,1.3,2.0,5,30,7.1,633.0,3203.0,ssp245,2058,24.08,4.38,위험,788
밤,경북,경주시,경주,19.7,1.3,2.0,5,30,7.1,633.0,3203.0,ssp245,2068,24.49,4.79,위험,762
밤,경북,경주시,경주,19.7,1.3,2.0,5,30,7.1,633.0,3203.0,ssp245,2078,24.96,5.26,위험,718
밤,경북,경주시,경주,19.7,1.3,2.0,5,30,7.1,633.0,3203.0,ssp585,2028,22.43,2.73,위험,953
밤,경북,경주시,경주,19.7,1.3,2.0,5,30,7.1,633.0,3203.0,ssp585,2038,23.32,3.62,위험,873
밤,경북,경주시,경주,19.7,1.3,2.0,5,30,7.1,633.0,3203.0,ssp585,2048,24.3,4.6,위험,787
밤,경북,경주시,경주,19.7,1.3,2.0,5,30,7.1,633.0,3203.0,ssp585,2058,25.35,5.65,위험,701
밤,경북,경주시,경주,19.7,1.3,2.0,5,30,7.1,633.0,3203.0,ssp585,2068,26.44,6.74,위험,597
밤,경북,경주시,경주,19.7,1.3,2.0,5,30,7.1,633.0,3203.0,ssp585,2078,27.47,7.77,위험,520
밤,경남,양산시,양산,19.7,1.3,2.0,5,30,25.0,115.0,3698.0,관측,2005,21.23,1.53,주의,811
밤,경남,양산시,양산,19.7,1.3,2.0,5,30,25.0,115.0,3698.0,ssp245,2028,23.65,3.95,위험,615
밤,경남,양산시,양산,19.7,1.3,2.0,5,30,25.0,115.0,3698.0,ssp245,2038,24.34,4.64,위험,578
밤,경남,양산시,양산,19.7,1.3,2.0,5,30,25.0,115.0,3698.0,ssp245,2048,24.88,5.18,위험,543
밤,경남,양산시,양산,19.7,1.3,2.0,5,30,25.0,115.0,3698.0,ssp245,2058,25.5,5.8,위험,509
밤,경남,양산시,양산,19.7,1.3,2.0,5,30,25.0,115.0,3698.0,ssp245,2068,25.94,6.24,위험,494
밤,경남,양산시,양산,19.7,1.3,2.0,5,30,25.0,115.0,3698.0,ssp245,2078,26.45,6.75,위험,460
밤,경남,양산시,양산,19.7,1.3,2.0,5,30,25.0,115.0,3698.0,ssp585,2028,23.81,4.11,위험,647
밤,경남,양산시,양산,19.7,1.3,2.0,5,30,25.0,115.0,3698.0,ssp585,2038,24.72,5.02,위험,584
밤,경남,양산시,양산,19.7,1.3,2.0,5,30,25.0,115.0,3698.0,ssp585,2048,25.71,6.01,위험,515
밤,경남,양산시,양산,19.7,1.3,2.0,5,30,25.0,115.0,3698.0,ssp585,2058,26.83,7.13,위험,448
밤,경남,양산시,양산,19.7,1.3,2.0,5,30,25.0,115.0,3698.0,ssp585,2068,27.95,8.25,위험,348
밤,경남,양산시,양산,19.7,1.3,2.0,5,30,25.0,115.0,3698.0,ssp585,2078,29.04,9.34,위험,264
밤,충남,청양군,청양,19.7,1.3,2.0,5,30,1695.5,2742.0,2967.0,관측,2005,18.89,-0.81,적합,1457
밤,충남,청양군,청양,19.7,1.3,2.0,5,30,1695.5,2742.0,2967.0,ssp245,2028,20.83,1.13,경고,1260
밤,충남,청양군,청양,19.7,1.3,2.0,5,30,1695.5,2742.0,2967.0,ssp245,2038,21.34,1.64,주의,1207
밤,충남,청양군,청양,19.7,1.3,2.0,5,30,1695.5,2742.0,2967.0,ssp245,2048,21.81,2.11,위험,1161
밤,충남,청양군,청양,19.7,1.3,2.0,5,30,1695.5,2742.0,2967.0,ssp245,2058,22.26,2.56,위험,1121
밤,충남,청양군,청양,19.7,1.3,2.0,5,30,1695.5,2742.0,2967.0,ssp245,2068,22.6,2.9,위험,1083
밤,충남,청양군,청양,19.7,1.3,2.0,5,30,1695.5,2742.0,2967.0,ssp245,2078,23.0,3.3,위험,1032
밤,충남,청양군,청양,19.7,1.3,2.0,5,30,1695.5,2742.0,2967.0,ssp585,2028,21.0,1.3,경고,1261
밤,충남,청양군,청양,19.7,1.3,2.0,5,30,1695.5,2742.0,2967.0,ssp585,2038,21.71,2.01,위험,1176
밤,충남,청양군,청양,19.7,1.3,2.0,5,30,1695.5,2742.0,2967.0,ssp585,2048,22.47,2.77,위험,1081
밤,충남,청양군,청양,19.7,1.3,2.0,5,30,1695.5,2742.0,2967.0,ssp585,2058,23.32,3.62,위험,998
밤,충남,청양군,청양,19.7,1.3,2.0,5,30,1695.5,2742.0,2967.0,ssp585,2068,24.22,4.52,위험,869
밤,충남,청양군,청양,19.7,1.3,2.0,5,30,1695.5,2742.0,2967.0,ssp585,2078,25.13,5.43,위험,756
밤,충북,괴산군,괴산,19.7,1.3,2.0,5,30,4.9,8167.0,3544.0,관측,2005,18.76,-0.94,적합,1567
밤,충북,괴산군,괴산,19.7,1.3,2.0,5,30,4.9,8167.0,3544.0,ssp245,2028,20.26,0.56,경고,1369
밤,충북,괴산군,괴산,19.7,1.3,2.0,5,30,4.9,8167.0,3544.0,ssp245,2038,20.65,0.95,경고,1321
밤,충북,괴산군,괴산,19.7,1.3,2.0,5,30,4.9,8167.0,3544.0,ssp245,2048,21.01,1.31,주의,1277
밤,충북,괴산군,괴산,19.7,1.3,2.0,5,30,4.9,8167.0,3544.0,ssp245,2058,21.37,1.67,주의,1236
밤,충북,괴산군,괴산,19.7,1.3,2.0,5,30,4.9,8167.0,3544.0,ssp245,2068,21.64,1.94,주의,1202
밤,충북,괴산군,괴산,19.7,1.3,2.0,5,30,4.9,8167.0,3544.0,ssp245,2078,21.95,2.25,위험,1157
밤,충북,괴산군,괴산,19.7,1.3,2.0,5,30,4.9,8167.0,3544.0,ssp585,2028,20.45,0.75,경고,1362
밤,충북,괴산군,괴산,19.7,1.3,2.0,5,30,4.9,8167.0,3544.0,ssp585,2038,20.99,1.29,경고,1282
밤,충북,괴산군,괴산,19.7,1.3,2.0,5,30,4.9,8167.0,3544.0,ssp585,2048,21.58,1.88,주의,1195
밤,충북,괴산군,괴산,19.7,1.3,2.0,5,30,4.9,8167.0,3544.0,ssp585,2058,22.26,2.56,위험,1111
밤,충북,괴산군,괴산,19.7,1.3,2.0,5,30,4.9,8167.0,3544.0,ssp585,2068,23.0,3.3,위험,999
밤,충북,괴산군,괴산,19.7,1.3,2.0,5,30,4.9,8167.0,3544.0,ssp585,2078,23.74,4.04,위험,906
밤,전북,군산시,군산,19.7,1.3,2.0,5,30,2.6,7519.0,2500.0,관측,2005,19.71,0.01,경고,960
밤,전북,군산시,군산,19.7,1.3,2.0,5,30,2.6,7519.0,2500.0,ssp245,2028,21.2,1.5,주의,798
밤,전북,군산시,군산,19.7,1.3,2.0,5,30,2.6,7519.0,2500.0,ssp245,2038,21.6,1.9,주의,756
밤,전북,군산시,군산,19.7,1.3,2.0,5,30,2.6,7519.0,2500.0,ssp245,2048,21.96,2.26,위험,717
밤,전북,군산시,군산,19.7,1.3,2.0,5,30,2.6,7519.0,2500.0,ssp245,2058,22.31,2.61,위험,684
밤,전북,군산시,군산,19.7,1.3,2.0,5,30,2.6,7519.0,2500.0,ssp245,2068,22.57,2.87,위험,656
밤,전북,군산시,군산,19.7,1.3,2.0,5,30,2.6,7519.0,2500.0,ssp245,2078,22.89,3.19,위험,628
밤,전북,군산시,군산,19.7,1.3,2.0,5,30,2.6,7519.0,2500.0,ssp585,2028,21.33,1.63,주의,800
밤,전북,군산시,군산,19.7,1.3,2.0,5,30,2.6,7519.0,2500.0,ssp585,2038,21.88,2.18,위험,731
밤,전북,군산시,군산,19.7,1.3,2.0,5,30,2.6,7519.0,2500.0,ssp585,2048,22.47,2.77,위험,655
밤,전북,군산시,군산,19.7,1.3,2.0,5,30,2.6,7519.0,2500.0,ssp585,2058,23.14,3.44,위험,602
밤,전북,군산시,군산,19.7,1.3,2.0,5,30,2.6,7519.0,2500.0,ssp585,2068,23.85,4.15,위험,528
밤,전북,군산시,군산,19.7,1.3,2.0,5,30,2.6,7519.0,2500.0,ssp585,2078,24.57,4.87,위험,467
밤,강원,양양군,양양,19.7,1.3,2.0,5,30,2.8,2082.0,3295.0,관측,2005,19.11,-0.59,적합,951
밤,강원,양양군,양양,19.7,1.3,2.0,5,30,2.8,2082.0,3295.0,ssp245,2028,21.09,1.39,주의,732
밤,강원,양양군,양양,19.7,1.3,2.0,5,30,2.8,2082.0,3295.0,ssp245,2038,21.58,1.88,주의,684
밤,강원,양양군,양양,19.7,1.3,2.0,5,30,2.8,2082.0,3295.0,ssp245,2048,22.06,2.36,위험,632
밤,강원,양양군,양양,19.7,1.3,2.0,5,30,2.8,2082.0,3295.0,ssp245,2058,22.54,2.84,위험,591
밤,강원,양양군,양양,19.7,1.3,2.0,5,30,2.8,2082.0,3295.0,ssp245,2068,22.83,3.13,위험,565
밤,강원,양양군,양양,19.7,1.3,2.0,5,30,2.8,2082.0,3295.0,ssp245,2078,23.24,3.54,위험,524
밤,강원,양양군,양양,19.7,1.3,2.0,5,30,2.8,2082.0,3295.0,ssp585,2028,21.14,1.44,주의,764
밤,강원,양양군,양양,19.7,1.3,2.0,5,30,2.8,2082.0,3295.0,ssp585,2038,21.85,2.15,위험,680
밤,강원,양양군,양양,19.7,1.3,2.0,5,30,2.8,2082.0,3295.0,ssp585,2048,22.62,2.92,위험,590
밤,강원,양양군,양양,19.7,1.3,2.0,5,30,2.8,2082.0,3295.0,ssp585,2058,23.5,3.8,위험,516
밤,강원,양양군,양양,19.7,1.3,2.0,5,30,2.8,2082.0,3295.0,ssp585,2068,24.47,4.77,위험,413
밤,강원,양양군,양양,19.7,1.3,2.0,5,30,2.8,2082.0,3295.0,ssp585,2078,25.41,5.71,위험,331
밤,경남,창녕군,창녕,19.7,1.3,2.0,5,30,2.6,307.0,2001.0,관측,2005,20.59,0.89,경고,1304
밤,경남,창녕군,창녕,19.7,1.3,2.0,5,30,2.6,307.0,2001.0,ssp245,2028,22.51,2.81,위험,1132
밤,경남,창녕군,창녕,19.7,1.3,2.0,5,30,2.6,307.0,2001.0,ssp245,2038,23.04,3.34,위험,1087
밤,경남,창녕군,창녕,19.7,1.3,2.0,5,30,2.6,307.0,2001.0,ssp245,2048,23.52,3.82,위험,1044
밤,경남,창녕군,창녕,19.7,1.3,2.0,5,30,2.6,307.0,2001.0,ssp245,2058,23.99,4.29,위험,1008
밤,경남,창녕군,창녕,19.7,1.3,2.0,5,30,2.6,307.0,2001.0,ssp245,2068,24.34,4.64,위험,979
밤,경남,창녕군,창녕,19.7,1.3,2.0,5,30,2.6,307.0,2001.0,ssp245,2078,24.73,5.03,위험,933
밤,경남,창녕군,창녕,19.7,1.3,2.0,5,30,2.6,307.0,2001.0,ssp585,2028,22.7,3.0,위험,1142
밤,경남,창녕군,창녕,19.7,1.3,2.0,5,30,2.6,307.0,2001.0,ssp585,2038,23.41,3.71,위험,1067
밤,경남,창녕군,창녕,19.7,1.3,2.0,5,30,2.6,307.0,2001.0,ssp585,2048,24.19,4.49,위험,986
밤,경남,창녕군,창녕,19.7,1.3,2.0,5,30,2.6,307.0,2001.0,ssp585,2058,25.07,5.37,위험,905
밤,경남,창녕군,창녕,19.7,1.3,2.0,5,30,2.6,307.0,2001.0,ssp585,2068,25.97,6.27,위험,788
밤,경남,창녕군,창녕,19.7,1.3,2.0,5,30,2.6,307.0,2001.0,ssp585,2078,26.83,7.13,위험,687
밤,경북,울진군,울진,19.7,1.3,2.0,5,30,1.1,4508.0,4250.0,관측,2005,18.56,-1.14,적합,900
밤,경북,울진군,울진,19.7,1.3,2.0,5,30,1.1,4508.0,4250.0,ssp245,2028,20.67,0.97,경고,702
밤,경북,울진군,울진,19.7,1.3,2.0,5,30,1.1,4508.0,4250.0,ssp245,2038,21.25,1.55,주의,658
밤,경북,울진군,울진,19.7,1.3,2.0,5,30,1.1,4508.0,4250.0,ssp245,2048,21.75,2.05,위험,612
밤,경북,울진군,울진,19.7,1.3,2.0,5,30,1.1,4508.0,4250.0,ssp245,2058,22.34,2.64,위험,570
밤,경북,울진군,울진,19.7,1.3,2.0,5,30,1.1,4508.0,4250.0,ssp245,2068,22.71,3.01,위험,545
밤,경북,울진군,울진,19.7,1.3,2.0,5,30,1.1,4508.0,4250.0,ssp245,2078,23.17,3.47,위험,512
밤,경북,울진군,울진,19.7,1.3,2.0,5,30,1.1,4508.0,4250.0,ssp585,2028,20.8,1.1,경고,730
밤,경북,울진군,울진,19.7,1.3,2.0,5,30,1.1,4508.0,4250.0,ssp585,2038,21.61,1.91,주의,650
밤,경북,울진군,울진,19.7,1.3,2.0,5,30,1.1,4508.0,4250.0,ssp585,2048,22.51,2.81,위험,562
밤,경북,울진군,울진,19.7,1.3,2.0,5,30,1.1,4508.0,4250.0,ssp585,2058,23.52,3.82,위험,493
밤,경북,울진군,울진,19.7,1.3,2.0,5,30,1.1,4508.0,4250.0,ssp585,2068,24.61,4.91,위험,398
밤,경북,울진군,울진,19.7,1.3,2.0,5,30,1.1,4508.0,4250.0,ssp585,2078,25.64,5.94,위험,321
밤,경북,영주시,영주,19.7,1.3,2.0,5,30,1.9,808.0,2984.0,관측,2005,18.67,-1.03,적합,1400
밤,경북,영주시,영주,19.7,1.3,2.0,5,30,1.9,808.0,2984.0,ssp245,2028,20.39,0.69,경고,1191
밤,경북,영주시,영주,19.7,1.3,2.0,5,30,1.9,808.0,2984.0,ssp245,2038,20.82,1.12,경고,1143
밤,경북,영주시,영주,19.7,1.3,2.0,5,30,1.9,808.0,2984.0,ssp245,2048,21.24,1.54,주의,1097
밤,경북,영주시,영주,19.7,1.3,2.0,5,30,1.9,808.0,2984.0,ssp245,2058,21.64,1.94,주의,1052
밤,경북,영주시,영주,19.7,1.3,2.0,5,30,1.9,808.0,2984.0,ssp245,2068,21.93,2.23,위험,1014
밤,경북,영주시,영주,19.7,1.3,2.0,5,30,1.9,808.0,2984.0,ssp245,2078,22.29,2.59,위험,965
밤,경북,영주시,영주,19.7,1.3,2.0,5,30,1.9,808.0,2984.0,ssp585,2028,20.55,0.85,경고,1193
밤,경북,영주시,영주,19.7,1.3,2.0,5,30,1.9,808.0,2984.0,ssp585,2038,21.16,1.46,주의,1108
밤,경북,영주시,영주,19.7,1.3,2.0,5,30,1.9,808.0,2984.0,ssp585,2048,21.81,2.11,위험,1018
밤,경북,영주시,영주,19.7,1.3,2.0,5,30,1.9,808.0,2984.0,ssp585,2058,22.57,2.87,위험,928
밤,경북,영주시,영주,19.7,1.3,2.0,5,30,1.9,808.0,2984.0,ssp585,2068,23.39,3.69,위험,808
밤,경북,영주시,영주,19.7,1.3,2.0,5,30,1.9,808.0,2984.0,ssp585,2078,24.21,4.51,위험,706
밤,충남,예산군,예산,19.7,1.3,2.0,5,30,27.7,939.0,3109.0,관측,2005,19.93,0.23,경고,1277
밤,충남,예산군,예산,19.7,1.3,2.0,5,30,27.7,939.0,3109.0,ssp245,2028,21.64,1.94,주의,1094
밤,충남,예산군,예산,19.7,1.3,2.0,5,30,27.7,939.0,3109.0,ssp245,2038,22.1,2.4,위험,1046
밤,충남,예산군,예산,19.7,1.3,2.0,5,30,27.7,939.0,3109.0,ssp245,2048,22.51,2.81,위험,1002
밤,충남,예산군,예산,19.7,1.3,2.0,5,30,27.7,939.0,3109.0,ssp245,2058,22.92,3.22,위험,965
밤,충남,예산군,예산,19.7,1.3,2.0,5,30,27.7,939.0,3109.0,ssp245,2068,23.22,3.52,위험,931
밤,충남,예산군,예산,19.7,1.3,2.0,5,30,27.7,939.0,3109.0,ssp245,2078,23.58,3.88,위험,884
밤,충남,예산군,예산,19.7,1.3,2.0,5,30,27.7,939.0,3109.0,ssp585,2028,21.78,2.08,위험,1098
밤,충남,예산군,예산,19.7,1.3,2.0,5,30,27.7,939.0,3109.0,ssp585,2038,22.42,2.72,위험,1020
밤,충남,예산군,예산,19.7,1.3,2.0,5,30,27.7,939.0,3109.0,ssp585,2048,23.1,3.4,위험,932
밤,충남,예산군,예산,19.7,1.3,2.0,5,30,27.7,939.0,3109.0,ssp585,2058,23.86,4.16,위험,856
밤,충남,예산군,예산,19.7,1.3,2.0,5,30,27.7,939.0,3109.0,ssp585,2068,24.68,4.98,위험,737
밤,충남,예산군,예산,19.7,1.3,2.0,5,30,27.7,939.0,3109.0,ssp585,2078,25.51,5.81,위험,638
밤,전남,고흥군,고흥,19.7,1.3,2.0,5,30,5.1,159.0,2245.0,관측,2005,19.84,0.14,경고,981
밤,전남,고흥군,고흥,19.7,1.3,2.0,5,30,5.1,159.0,2245.0,ssp245,2028,21.72,2.02,위험,799
밤,전남,고흥군,고흥,19.7,1.3,2.0,5,30,5.1,159.0,2245.0,ssp245,2038,22.22,2.52,위험,749
밤,전남,고흥군,고흥,19.7,1.3,2.0,5,30,5.1,159.0,2245.0,ssp245,2048,22.67,2.97,위험,705
밤,전남,고흥군,고흥,19.7,1.3,2.0,5,30,5.1,159.0,2245.0,ssp245,2058,23.15,3.45,위험,663
밤,전남,고흥군,고흥,19.7,1.3,2.0,5,30,5.1,159.0,2245.0,ssp245,2068,23.51,3.81,위험,632
밤,전남,고흥군,고흥,19.7,1.3,2.0,5,30,5.1,159.0,2245.0,ssp245,2078,23.9,4.2,위험,588
밤,전남,고흥군,고흥,19.7,1.3,2.0,5,30,5.1,159.0,2245.0,ssp585,2028,21.88,2.18,위험,795
밤,전남,고흥군,고흥,19.7,1.3,2.0,5,30,5.1,159.0,2245.0,ssp585,2038,22.6,2.9,위험,716
밤,전남,고흥군,고흥,19.7,1.3,2.0,5,30,5.1,159.0,2245.0,ssp585,2048,23.38,3.68,위험,625
밤,전남,고흥군,고흥,19.7,1.3,2.0,5,30,5.1,159.0,2245.0,ssp585,2058,24.23,4.53,위험,553
밤,전남,고흥군,고흥,19.7,1.3,2.0,5,30,5.1,159.0,2245.0,ssp585,2068,25.11,5.41,위험,466
밤,전남,고흥군,고흥,19.7,1.3,2.0,5,30,5.1,159.0,2245.0,ssp585,2078,25.96,6.26,위험,392
밤,강원,동해시,동해,19.7,1.3,2.0,5,30,2.2,1215.0,3076.0,관측,2005,18.66,-1.04,적합,867
밤,강원,동해시,동해,19.7,1.3,2.0,5,30,2.2,1215.0,3076.0,ssp245,2028,20.6,0.9,경고,662
밤,강원,동해시,동해,19.7,1.3,2.0,5,30,2.2,1215.0,3076.0,ssp245,2038,21.13,1.43,주의,617
밤,강원,동해시,동해,19.7,1.3,2.0,5,30,2.2,1215.0,3076.0,ssp245,2048,21.55,1.85,주의,575
밤,강원,동해시,동해,19.7,1.3,2.0,5,30,2.2,1215.0,3076.0,ssp245,2058,22.07,2.37,위험,543
밤,강원,동해시,동해,19.7,1.3,2.0,5,30,2.2,1215.0,3076.0,ssp245,2068,22.37,2.67,위험,527
밤,강원,동해시,동해,19.7,1.3,2.0,5,30,2.2,1215.0,3076.0,ssp245,2078,22.77,3.07,위험,492
밤,강원,동해시,동해,19.7,1.3,2.0,5,30,2.2,1215.0,3076.0,ssp585,2028,20.63,0.93,경고,708
밤,강원,동해시,동해,19.7,1.3,2.0,5,30,2.2,1215.0,3076.0,ssp585,2038,21.38,1.68,주의,629
밤,강원,동해시,동해,19.7,1.3,2.0,5,30,2.2,1215.0,3076.0,ssp585,2048,22.17,2.47,위험,553
밤,강원,동해시,동해,19.7,1.3,2.0,5,30,2.2,1215.0,3076.0,ssp585,2058,23.06,3.36,위험,485
밤,강원,동해시,동해,19.7,1.3,2.0,5,30,2.2,1215.0,3076.0,ssp585,2068,24.02,4.32,위험,392
밤,강원,동해시,동해,19.7,1.3,2.0,5,30,2.2,1215.0,3076.0,ssp585,2078,24.94,5.24,위험,318
밤,경기,김포시,김포,19.7,1.3,2.0,5,30,4.2,741.0,3474.0,관측,2005,19.39,-0.31,적합,1353
밤,경기,김포시,김포,19.7,1.3,2.0,5,30,4.2,741.0,3474.0,ssp245,2028,20.69,0.99,경고,1169
밤,경기,김포시,김포,19.7,1.3,2.0,5,30,4.2,741.0,3474.0,ssp245,2038,21.04,1.34,주의,1124
밤,경기,김포시,김포,19.7,1.3,2.0,5,30,4.2,741.0,3474.0,ssp245,2048,21.36,1.66,주의,1080
밤,경기,김포시,김포,19.7,1.3,2.0,5,30,4.2,741.0,3474.0,ssp245,2058,21.67,1.97,주의,1047
밤,경기,김포시,김포,19.7,1.3,2.0,5,30,4.2,741.0,3474.0,ssp245,2068,21.91,2.21,위험,1018
밤,경기,김포시,김포,19.7,1.3,2.0,5,30,4.2,741.0,3474.0,ssp245,2078,22.21,2.51,위험,974
밤,경기,김포시,김포,19.7,1.3,2.0,5,30,4.2,741.0,3474.0,ssp585,2028,20.79,1.09,경고,1168
밤,경기,김포시,김포,19.7,1.3,2.0,5,30,4.2,741.0,3474.0,ssp585,2038,21.3,1.6,주의,1098
밤,경기,김포시,김포,19.7,1.3,2.0,5,30,4.2,741.0,3474.0,ssp585,2048,21.83,2.13,위험,1017
밤,경기,김포시,김포,19.7,1.3,2.0,5,30,4.2,741.0,3474.0,ssp585,2058,22.46,2.76,위험,941
밤,경기,김포시,김포,19.7,1.3,2.0,5,30,4.2,741.0,3474.0,ssp585,2068,23.16,3.46,위험,835
밤,경기,김포시,김포,19.7,1.3,2.0,5,30,4.2,741.0,3474.0,ssp585,2078,23.86,4.16,위험,748
밤,충남,천안시,천안,19.7,1.3,2.0,5,30,65.6,3206.0,2794.0,관측,2005,19.24,-0.46,적합,1379
밤,충남,천안시,천안,19.7,1.3,2.0,5,30,65.6,3206.0,2794.0,ssp245,2028,20.9,1.2,경고,1187
밤,충남,천안시,천안,19.7,1.3,2.0,5,30,65.6,3206.0,2794.0,ssp245,2038,21.34,1.64,주의,1139
밤,충남,천안시,천안,19.7,1.3,2.0,5,30,65.6,3206.0,2794.0,ssp245,2048,21.74,2.04,위험,1096
밤,충남,천안시,천안,19.7,1.3,2.0,5,30,65.6,3206.0,2794.0,ssp245,2058,22.13,2.43,위험,1056
밤,충남,천안시,천안,19.7,1.3,2.0,5,30,65.6,3206.0,2794.0,ssp245,2068,22.42,2.72,위험,1021
밤,충남,천안시,천안,19.7,1.3,2.0,5,30,65.6,3206.0,2794.0,ssp245,2078,22.76,3.06,위험,972
밤,충남,천안시,천안,19.7,1.3,2.0,5,30,65.6,3206.0,2794.0,ssp585,2028,21.06,1.36,주의,1183
밤,충남,천안시,천안,19.7,1.3,2.0,5,30,65.6,3206.0,2794.0,ssp585,2038,21.67,1.97,주의,1104
밤,충남,천안시,천안,19.7,1.3,2.0,5,30,65.6,3206.0,2794.0,ssp585,2048,22.33,2.63,위험,1015
밤,충남,천안시,천안,19.7,1.3,2.0,5,30,65.6,3206.0,2794.0,ssp585,2058,23.07,3.37,위험,932
밤,충남,천안시,천안,19.7,1.3,2.0,5,30,65.6,3206.0,2794.0,ssp585,2068,23.87,4.17,위험,815
밤,충남,천안시,천안,19.7,1.3,2.0,5,30,65.6,3206.0,2794.0,ssp585,2078,24.67,4.97,위험,715
밤,경북,영덕군,영덕,19.7,1.3,2.0,5,30,0.3,4338.0,2500.0,관측,2005,19.1,-0.6,적합,924
밤,경북,영덕군,영덕,19.7,1.3,2.0,5,30,0.3,4338.0,2500.0,ssp245,2028,21.3,1.6,주의,741
밤,경북,영덕군,영덕,19.7,1.3,2.0,5,30,0.3,4338.0,2500.0,ssp245,2038,21.89,2.19,위험,700
밤,경북,영덕군,영덕,19.7,1.3,2.0,5,30,0.3,4338.0,2500.0,ssp245,2048,22.41,2.71,위험,657
밤,경북,영덕군,영덕,19.7,1.3,2.0,5,30,0.3,4338.0,2500.0,ssp245,2058,23.0,3.3,위험,619
밤,경북,영덕군,영덕,19.7,1.3,2.0,5,30,0.3,4338.0,2500.0,ssp245,2068,23.37,3.67,위험,590
밤,경북,영덕군,영덕,19.7,1.3,2.0,5,30,0.3,4338.0,2500.0,ssp245,2078,23.83,4.13,위험,558
밤,경북,영덕군,영덕,19.7,1.3,2.0,5,30,0.3,4338.0,2500.0,ssp585,2028,21.44,1.74,주의,768
밤,경북,영덕군,영덕,19.7,1.3,2.0,5,30,0.3,4338.0,2500.0,ssp585,2038,22.26,2.56,위험,694
밤,경북,영덕군,영덕,19.7,1.3,2.0,5,30,0.3,4338.0,2500.0,ssp585,2048,23.17,3.47,위험,611
밤,경북,영덕군,영덕,19.7,1.3,2.0,5,30,0.3,4338.0,2500.0,ssp585,2058,24.19,4.49,위험,540
밤,경북,영덕군,영덕,19.7,1.3,2.0,5,30,0.3,4338.0,2500.0,ssp585,2068,25.27,5.57,위험,453
밤,경북,영덕군,영덕,19.7,1.3,2.0,5,30,0.3,4338.0,2500.0,ssp585,2078,26.29,6.59,위험,380
밤,경북,영천시,영천,19.7,1.3,2.0,5,30,4.3,3171.0,3937.0,관측,2005,19.57,-0.13,적합,1271
밤,경북,영천시,영천,19.7,1.3,2.0,5,30,4.3,3171.0,3937.0,ssp245,2028,21.76,2.06,위험,1081
밤,경북,영천시,영천,19.7,1.3,2.0,5,30,4.3,3171.0,3937.0,ssp245,2038,22.34,2.64,위험,1036
밤,경북,영천시,영천,19.7,1.3,2.0,5,30,4.3,3171.0,3937.0,ssp245,2048,22.87,3.17,위험,990
밤,경북,영천시,영천,19.7,1.3,2.0,5,30,4.3,3171.0,3937.0,ssp245,2058,23.4,3.7,위험,951
밤,경북,영천시,영천,19.7,1.3,2.0,5,30,4.3,3171.0,3937.0,ssp245,2068,23.78,4.08,위험,923
밤,경북,영천시,영천,19.7,1.3,2.0,5,30,4.3,3171.0,3937.0,ssp245,2078,24.22,4.52,위험,878
밤,경북,영천시,영천,19.7,1.3,2.0,5,30,4.3,3171.0,3937.0,ssp585,2028,21.93,2.23,위험,1094
밤,경북,영천시,영천,19.7,1.3,2.0,5,30,4.3,3171.0,3937.0,ssp585,2038,22.75,3.05,위험,1013
밤,경북,영천시,영천,19.7,1.3,2.0,5,30,4.3,3171.0,3937.0,ssp585,2048,23.65,3.95,위험,929
밤,경북,영천시,영천,19.7,1.3,2.0,5,30,4.3,3171.0,3937.0,ssp585,2058,24.62,4.92,위험,843
밤,경북,영천시,영천,19.7,1.3,2.0,5,30,4.3,3171.0,3937.0,ssp585,2068,25.63,5.93,위험,721
밤,경북,영천시,영천,19.7,1.3,2.0,5,30,4.3,3171.0,3937.0,ssp585,2078,26.62,6.92,위험,617
밤,충북,청주시,청주,19.7,1.3,2.0,5,30,39.5,1810.0,2708.0,관측,2005,20.37,0.67,경고,1190
밤,충북,청주시,청주,19.7,1.3,2.0,5,30,39.5,1810.0,2708.0,ssp245,2028,21.92,2.22,위험,1004
밤,충북,청주시,청주,19.7,1.3,2.0,5,30,39.5,1810.0,2708.0,ssp245,2038,22.32,2.62,위험,957
밤,충북,청주시,청주,19.7,1.3,2.0,5,30,39.5,1810.0,2708.0,ssp245,2048,22.69,2.99,위험,916
밤,충북,청주시,청주,19.7,1.3,2.0,5,30,39.5,1810.0,2708.0,ssp245,2058,23.05,3.35,위험,876
밤,충북,청주시,청주,19.7,1.3,2.0,5,30,39.5,1810.0,2708.0,ssp245,2068,23.33,3.63,위험,843
밤,충북,청주시,청주,19.7,1.3,2.0,5,30,39.5,1810.0,2708.0,ssp245,2078,23.64,3.94,위험,798
밤,충북,청주시,청주,19.7,1.3,2.0,5,30,39.5,1810.0,2708.0,ssp585,2028,22.06,2.36,위험,1006
밤,충북,청주시,청주,19.7,1.3,2.0,5,30,39.5,1810.0,2708.0,ssp585,2038,22.62,2.92,위험,929
밤,충북,청주시,청주,19.7,1.3,2.0,5,30,39.5,1810.0,2708.0,ssp585,2048,23.23,3.53,위험,844
밤,충북,청주시,청주,19.7,1.3,2.0,5,30,39.5,1810.0,2708.0,ssp585,2058,23.92,4.22,위험,763
밤,충북,청주시,청주,19.7,1.3,2.0,5,30,39.5,1810.0,2708.0,ssp585,2068,24.66,4.96,위험,651
밤,충북,청주시,청주,19.7,1.3,2.0,5,30,39.5,1810.0,2708.0,ssp585,2078,25.41,5.71,위험,568
밤,전남,목포시,목포,19.7,1.3,2.0,5,30,0.6,140.0,2244.0,관측,2005,20.26,0.56,경고,703
밤,전남,목포시,목포,19.7,1.3,2.0,5,30,0.6,140.0,2244.0,ssp245,2028,21.89,2.19,위험,572
밤,전남,목포시,목포,19.7,1.3,2.0,5,30,0.6,140.0,2244.0,ssp245,2038,22.3,2.6,위험,542
밤,전남,목포시,목포,19.7,1.3,2.0,5,30,0.6,140.0,2244.0,ssp245,2048,22.69,2.99,위험,515
밤,전남,목포시,목포,19.7,1.3,2.0,5,30,0.6,140.0,2244.0,ssp245,2058,23.07,3.37,위험,486
밤,전남,목포시,목포,19.7,1.3,2.0,5,30,0.6,140.0,2244.0,ssp245,2068,23.38,3.68,위험,471
밤,전남,목포시,목포,19.7,1.3,2.0,5,30,0.6,140.0,2244.0,ssp245,2078,23.71,4.01,위험,444
밤,전남,목포시,목포,19.7,1.3,2.0,5,30,0.6,140.0,2244.0,ssp585,2028,21.99,2.29,위험,565
밤,전남,목포시,목포,19.7,1.3,2.0,5,30,0.6,140.0,2244.0,ssp585,2038,22.62,2.92,위험,518
밤,전남,목포시,목포,19.7,1.3,2.0,5,30,0.6,140.0,2244.0,ssp585,2048,23.25,3.55,위험,462
밤,전남,목포시,목포,19.7,1.3,2.0,5,30,0.6,140.0,2244.0,ssp585,2058,23.97,4.27,위험,411
밤,전남,목포시,목포,19.7,1.3,2.0,5,30,0.6,140.0,2244.0,ssp585,2068,24.73,5.03,위험,336
밤,전남,목포시,목포,19.7,1.3,2.0,5,30,0.6,140.0,2244.0,ssp585,2078,25.47,5.77,위험,269
밤,충남,금산군,금산,19.7,1.3,2.0,5,30,3.1,557.0,2961.0,관측,2005,18.93,-0.77,적합,1454
밤,충남,금산군,금산,19.7,1.3,2.0,5,30,3.1,557.0,2961.0,ssp245,2028,20.64,0.94,경고,1260
밤,충남,금산군,금산,19.7,1.3,2.0,5,30,3.1,557.0,2961.0,ssp245,2038,21.09,1.39,주의,1209
밤,충남,금산군,금산,19.7,1.3,2.0,5,30,3.1,557.0,2961.0,ssp245,2048,21.52,1.82,주의,1165
밤,충남,금산군,금산,19.7,1.3,2.0,5,30,3.1,557.0,2961.0,ssp245,2058,21.91,2.21,위험,1124
밤,충남,금산군,금산,19.7,1.3,2.0,5,30,3.1,557.0,2961.0,ssp245,2068,22.21,2.51,위험,1092
밤,충남,금산군,금산,19.7,1.3,2.0,5,30,3.1,557.0,2961.0,ssp245,2078,22.55,2.85,위험,1042
밤,충남,금산군,금산,19.7,1.3,2.0,5,30,3.1,557.0,2961.0,ssp585,2028,20.81,1.11,경고,1263
밤,충남,금산군,금산,19.7,1.3,2.0,5,30,3.1,557.0,2961.0,ssp585,2038,21.43,1.73,주의,1178
밤,충남,금산군,금산,19.7,1.3,2.0,5,30,3.1,557.0,2961.0,ssp585,2048,22.11,2.41,위험,1089
밤,충남,금산군,금산,19.7,1.3,2.0,5,30,3.1,557.0,2961.0,ssp585,2058,22.86,3.16,위험,1004
밤,충남,금산군,금산,19.7,1.3,2.0,5,30,3.1,557.0,2961.0,ssp585,2068,23.64,3.94,위험,889
밤,충남,금산군,금산,19.7,1.3,2.0,5,30,3.1,557.0,2961.0,ssp585,2078,24.43,4.73,위험,792
밤,경남,거제시,거제,19.7,1.3,2.0,5,30,2.6,334.0,2101.0,관측,2005,20.29,0.59,경고,719
밤,경남,거제시,거제,19.7,1.3,2.0,5,30,2.6,334.0,2101.0,ssp245,2028,22.17,2.47,위험,563
밤,경남,거제시,거제,19.7,1.3,2.0,5,30,2.6,334.0,2101.0,ssp245,2038,22.7,3.0,위험,529
밤,경남,거제시,거제,19.7,1.3,2.0,5,30,2.6,334.0,2101.0,ssp245,2048,23.17,3.47,위험,499
밤,경남,거제시,거제,19.7,1.3,2.0,5,30,2.6,334.0,2101.0,ssp245,2058,23.6,3.9,위험,470
밤,경남,거제시,거제,19.7,1.3,2.0,5,30,2.6,334.0,2101.0,ssp245,2068,23.96,4.26,위험,453
밤,경남,거제시,거제,19.7,1.3,2.0,5,30,2.6,334.0,2101.0,ssp245,2078,24.33,4.63,위험,422
밤,경남,거제시,거제,19.7,1.3,2.0,5,30,2.6,334.0,2101.0,ssp585,2028,22.3,2.6,위험,576
밤,경남,거제시,거제,19.7,1.3,2.0,5,30,2.6,334.0,2101.0,ssp585,2038,23.03,3.33,위험,521
밤,경남,거제시,거제,19.7,1.3,2.0,5,30,2.6,334.0,2101.0,ssp585,2048,23.8,4.1,위험,461
밤,경남,거제시,거제,19.7,1.3,2.0,5,30,2.6,334.0,2101.0,ssp585,2058,24.63,4.93,위험,405
밤,경남,거제시,거제,19.7,1.3,2.0,5,30,2.6,334.0,2101.0,ssp585,2068,25.46,5.76,위험,323
밤,경남,거제시,거제,19.7,1.3,2.0,5,30,2.6,334.0,2101.0,ssp585,2078,26.28,6.58,위험,253
밤,경북,포항시,포항,19.7,1.3,2.0,5,30,2.2,716.0,3148.0,관측,2005,20.67,0.97,경고,693
밤,경북,포항시,포항,19.7,1.3,2.0,5,30,2.2,716.0,3148.0,ssp245,2028,22.96,3.26,위험,538
밤,경북,포항시,포항,19.7,1.3,2.0,5,30,2.2,716.0,3148.0,ssp245,2038,23.58,3.88,위험,505
밤,경북,포항시,포항,19.7,1.3,2.0,5,30,2.2,716.0,3148.0,ssp245,2048,24.15,4.45,위험,472
밤,경북,포항시,포항,19.7,1.3,2.0,5,30,2.2,716.0,3148.0,ssp245,2058,24.73,5.03,위험,443
밤,경북,포항시,포항,19.7,1.3,2.0,5,30,2.2,716.0,3148.0,ssp245,2068,25.12,5.42,위험,428
밤,경북,포항시,포항,19.7,1.3,2.0,5,30,2.2,716.0,3148.0,ssp245,2078,25.58,5.88,위험,399
밤,경북,포항시,포항,19.7,1.3,2.0,5,30,2.2,716.0,3148.0,ssp585,2028,23.12,3.42,위험,557
밤,경북,포항시,포항,19.7,1.3,2.0,5,30,2.2,716.0,3148.0,ssp585,2038,23.99,4.29,위험,501
밤,경북,포항시,포항,19.7,1.3,2.0,5,30,2.2,716.0,3148.0,ssp585,2048,24.95,5.25,위험,439
밤,경북,포항시,포항,19.7,1.3,2.0,5,30,2.2,716.0,3148.0,ssp585,2058,25.97,6.27,위험,377
밤,경북,포항시,포항,19.7,1.3,2.0,5,30,2.2,716.0,3148.0,ssp585,2068,27.04,7.34,위험,290
밤,경북,포항시,포항,19.7,1.3,2.0,5,30,2.2,716.0,3148.0,ssp585,2078,28.06,8.36,위험,218
밤,충남,아산시,아산,19.7,1.3,2.0,5,30,41.7,1573.0,3227.0,관측,2005,19.74,0.04,경고,1235
밤,충남,아산시,아산,19.7,1.3,2.0,5,30,41.7,1573.0,3227.0,ssp245,2028,21.35,1.65,주의,1054
밤,충남,아산시,아산,19.7,1.3,2.0,5,30,41.7,1573.0,3227.0,ssp245,2038,21.78,2.08,위험,1008
밤,충남,아산시,아산,19.7,1.3,2.0,5,30,41.7,1573.0,3227.0,ssp245,2048,22.17,2.47,위험,966
밤,충남,아산시,아산,19.7,1.3,2.0,5,30,41.7,1573.0,3227.0,ssp245,2058,22.55,2.85,위험,929
밤,충남,아산시,아산,19.7,1.3,2.0,5,30,41.7,1573.0,3227.0,ssp245,2068,22.83,3.13,위험,896
밤,충남,아산시,아산,19.7,1.3,2.0,5,30,41.7,1573.0,3227.0,ssp245,2078,23.17,3.47,위험,850
밤,충남,아산시,아산,19.7,1.3,2.0,5,30,41.7,1573.0,3227.0,ssp585,2028,21.5,1.8,주의,1050
밤,충남,아산시,아산,19.7,1.3,2.0,5,30,41.7,1573.0,3227.0,ssp585,2038,22.1,2.4,위험,974
밤,충남,아산시,아산,19.7,1.3,2.0,5,30,41.7,1573.0,3227.0,ssp585,2048,22.74,3.04,위험,889
밤,충남,아산시,아산,19.7,1.3,2.0,5,30,41.7,1573.0,3227.0,ssp585,2058,23.46,3.76,위험,813
밤,충남,아산시,아산,19.7,1.3,2.0,5,30,41.7,1573.0,3227.0,ssp585,2068,24.24,4.54,위험,700
밤,충남,아산시,아산,19.7,1.3,2.0,5,30,41.7,1573.0,3227.0,ssp585,2078,25.03,5.33,위험,609
밤,경남,통영시,통영,19.7,1.3,2.0,5,30,5.0,378.0,2000.0,관측,2005,20.3,0.6,경고,617
밤,경남,통영시,통영,19.7,1.3,2.0,5,30,5.0,378.0,2000.0,ssp245,2028,22.19,2.49,위험,494
밤,경남,통영시,통영,19.7,1.3,2.0,5,30,5.0,378.0,2000.0,ssp245,2038,22.71,3.01,위험,460
밤,경남,통영시,통영,19.7,1.3,2.0,5,30,5.0,378.0,2000.0,ssp245,2048,23.19,3.49,위험,431
밤,경남,통영시,통영,19.7,1.3,2.0,5,30,5.0,378.0,2000.0,ssp245,2058,23.63,3.93,위험,402
밤,경남,통영시,통영,19.7,1.3,2.0,5,30,5.0,378.0,2000.0,ssp245,2068,23.99,4.29,위험,385
밤,경남,통영시,통영,19.7,1.3,2.0,5,30,5.0,378.0,2000.0,ssp245,2078,24.35,4.65,위험,356
밤,경남,통영시,통영,19.7,1.3,2.0,5,30,5.0,378.0,2000.0,ssp585,2028,22.33,2.63,위험,506
밤,경남,통영시,통영,19.7,1.3,2.0,5,30,5.0,378.0,2000.0,ssp585,2038,23.06,3.36,위험,452
밤,경남,통영시,통영,19.7,1.3,2.0,5,30,5.0,378.0,2000.0,ssp585,2048,23.84,4.14,위험,392
밤,경남,통영시,통영,19.7,1.3,2.0,5,30,5.0,378.0,2000.0,ssp585,2058,24.67,4.97,위험,338
밤,경남,통영시,통영,19.7,1.3,2.0,5,30,5.0,378.0,2000.0,ssp585,2068,25.51,5.81,위험,258
밤,경남,통영시,통영,19.7,1.3,2.0,5,30,5.0,378.0,2000.0,ssp585,2078,26.34,6.64,위험,192
밤,경북,고령군,고령,19.7,1.3,2.0,5,30,3.5,3074.0,2664.0,관측,2005,19.8,0.1,경고,1383
밤,경북,고령군,고령,19.7,1.3,2.0,5,30,3.5,3074.0,2664.0,ssp245,2028,21.64,1.94,주의,1216
밤,경북,고령군,고령,19.7,1.3,2.0,5,30,3.5,3074.0,2664.0,ssp245,2038,22.16,2.46,위험,1172
밤,경북,고령군,고령,19.7,1.3,2.0,5,30,3.5,3074.0,2664.0,ssp245,2048,22.63,2.93,위험,1130
밤,경북,고령군,고령,19.7,1.3,2.0,5,30,3.5,3074.0,2664.0,ssp245,2058,23.08,3.38,위험,1096
밤,경북,고령군,고령,19.7,1.3,2.0,5,30,3.5,3074.0,2664.0,ssp245,2068,23.42,3.72,위험,1068
밤,경북,고령군,고령,19.7,1.3,2.0,5,30,3.5,3074.0,2664.0,ssp245,2078,23.78,4.08,위험,1025
밤,경북,고령군,고령,19.7,1.3,2.0,5,30,3.5,3074.0,2664.0,ssp585,2028,21.87,2.17,위험,1221
밤,경북,고령군,고령,19.7,1.3,2.0,5,30,3.5,3074.0,2664.0,ssp585,2038,22.55,2.85,위험,1148
밤,경북,고령군,고령,19.7,1.3,2.0,5,30,3.5,3074.0,2664.0,ssp585,2048,23.32,3.62,위험,1068
밤,경북,고령군,고령,19.7,1.3,2.0,5,30,3.5,3074.0,2664.0,ssp585,2058,24.17,4.47,위험,992
밤,경북,고령군,고령,19.7,1.3,2.0,5,30,3.5,3074.0,2664.0,ssp585,2068,25.03,5.33,위험,881
밤,경북,고령군,고령,19.7,1.3,2.0,5,30,3.5,3074.0,2664.0,ssp585,2078,25.87,6.17,위험,787
밤,대구,군위군,군위,19.7,1.3,2.0,5,30,,,2639.0,관측,2005,19.14,-0.56,적합,1530
밤,대구,군위군,군위,19.7,1.3,2.0,5,30,,,2639.0,ssp245,2028,21.06,1.36,주의,1347
밤,대구,군위군,군위,19.7,1.3,2.0,5,30,,,2639.0,ssp245,2038,21.56,1.86,주의,1303
밤,대구,군위군,군위,19.7,1.3,2.0,5,30,,,2639.0,ssp245,2048,22.03,2.33,위험,1260
밤,대구,군위군,군위,19.7,1.3,2.0,5,30,,,2639.0,ssp245,2058,22.48,2.78,위험,1222
밤,대구,군위군,군위,19.7,1.3,2.0,5,30,,,2639.0,ssp245,2068,22.81,3.11,위험,1191
밤,대구,군위군,군위,19.7,1.3,2.0,5,30,,,2639.0,ssp245,2078,23.2,3.5,위험,1145
밤,대구,군위군,군위,19.7,1.3,2.0,5,30,,,2639.0,ssp585,2028,21.23,1.53,주의,1349
밤,대구,군위군,군위,19.7,1.3,2.0,5,30,,,2639.0,ssp585,2038,21.93,2.23,위험,1271
밤,대구,군위군,군위,19.7,1.3,2.0,5,30,,,2639.0,ssp585,2048,22.68,2.98,위험,1190
밤,대구,군위군,군위,19.7,1.3,2.0,5,30,,,2639.0,ssp585,2058,23.52,3.82,위험,1108
밤,대구,군위군,군위,19.7,1.3,2.0,5,30,,,2639.0,ssp585,2068,24.41,4.71,위험,993
밤,대구,군위군,군위,19.7,1.3,2.0,5,30,,,2639.0,ssp585,2078,25.3,5.6,위험,896
밤,충남,당진시,당진,19.7,1.3,2.0,5,30,8.6,718.0,4182.0,관측,2005,19.04,-0.66,적합,1261
밤,충남,당진시,당진,19.7,1.3,2.0,5,30,8.6,718.0,4182.0,ssp245,2028,20.49,0.79,경고,1095
밤,충남,당진시,당진,19.7,1.3,2.0,5,30,8.6,718.0,4182.0,ssp245,2038,20.89,1.19,경고,1052
밤,충남,당진시,당진,19.7,1.3,2.0,5,30,8.6,718.0,4182.0,ssp245,2048,21.24,1.54,주의,1012
밤,충남,당진시,당진,19.7,1.3,2.0,5,30,8.6,718.0,4182.0,ssp245,2058,21.58,1.88,주의,978
밤,충남,당진시,당진,19.7,1.3,2.0,5,30,8.6,718.0,4182.0,ssp245,2068,21.84,2.14,위험,948
밤,충남,당진시,당진,19.7,1.3,2.0,5,30,8.6,718.0,4182.0,ssp245,2078,22.16,2.46,위험,907
밤,충남,당진시,당진,19.7,1.3,2.0,5,30,8.6,718.0,4182.0,ssp585,2028,20.61,0.91,경고,1093
밤,충남,당진시,당진,19.7,1.3,2.0,5,30,8.6,718.0,4182.0,ssp585,2038,21.15,1.45,주의,1022
밤,충남,당진시,당진,19.7,1.3,2.0,5,30,8.6,718.0,4182.0,ssp585,2048,21.74,2.04,위험,944
밤,충남,당진시,당진,19.7,1.3,2.0,5,30,8.6,718.0,4182.0,ssp585,2058,22.4,2.7,위험,876
밤,충남,당진시,당진,19.7,1.3,2.0,5,30,8.6,718.0,4182.0,ssp585,2068,23.12,3.42,위험,772
밤,충남,당진시,당진,19.7,1.3,2.0,5,30,8.6,718.0,4182.0,ssp585,2078,23.85,4.15,위험,683
밤,전남,장흥군,장흥,19.7,1.3,2.0,5,30,2.2,109.0,2240.0,관측,2005,19.66,-0.04,적합,1062
밤,전남,장흥군,장흥,19.7,1.3,2.0,5,30,2.2,109.0,2240.0,ssp245,2028,22.06,2.36,위험,844
밤,전남,장흥군,장흥,19.7,1.3,2.0,5,30,2.2,109.0,2240.0,ssp245,2038,22.67,2.97,위험,787
밤,전남,장흥군,장흥,19.7,1.3,2.0,5,30,2.2,109.0,2240.0,ssp245,2048,23.25,3.55,위험,734
밤,전남,장흥군,장흥,19.7,1.3,2.0,5,30,2.2,109.0,2240.0,ssp245,2058,23.83,4.13,위험,684
밤,전남,장흥군,장흥,19.7,1.3,2.0,5,30,2.2,109.0,2240.0,ssp245,2068,24.29,4.59,위험,644
밤,전남,장흥군,장흥,19.7,1.3,2.0,5,30,2.2,109.0,2240.0,ssp245,2078,24.78,5.08,위험,592
밤,전남,장흥군,장흥,19.7,1.3,2.0,5,30,2.2,109.0,2240.0,ssp585,2028,22.21,2.51,위험,833
밤,전남,장흥군,장흥,19.7,1.3,2.0,5,30,2.2,109.0,2240.0,ssp585,2038,23.12,3.42,위험,739
밤,전남,장흥군,장흥,19.7,1.3,2.0,5,30,2.2,109.0,2240.0,ssp585,2048,24.08,4.38,위험,630
밤,전남,장흥군,장흥,19.7,1.3,2.0,5,30,2.2,109.0,2240.0,ssp585,2058,25.13,5.43,위험,546
밤,전남,장흥군,장흥,19.7,1.3,2.0,5,30,2.2,109.0,2240.0,ssp585,2068,26.24,6.54,위험,441
밤,전남,장흥군,장흥,19.7,1.3,2.0,5,30,2.2,109.0,2240.0,ssp585,2078,27.28,7.58,위험,349
밤,경남,김해시,김해,19.7,1.3,2.0,5,30,17.6,101.0,3500.0,관측,2005,21.4,1.7,주의,737
밤,경남,김해시,김해,19.7,1.3,2.0,5,30,17.6,101.0,3500.0,ssp245,2028,23.3,3.6,위험,585
밤,경남,김해시,김해,19.7,1.3,2.0,5,30,17.6,101.0,3500.0,ssp245,2038,23.82,4.12,위험,552
밤,경남,김해시,김해,19.7,1.3,2.0,5,30,17.6,101.0,3500.0,ssp245,2048,24.27,4.57,위험,520
밤,경남,김해시,김해,19.7,1.3,2.0,5,30,17.6,101.0,3500.0,ssp245,2058,24.73,5.03,위험,489
밤,경남,김해시,김해,19.7,1.3,2.0,5,30,17.6,101.0,3500.0,ssp245,2068,25.09,5.39,위험,474
밤,경남,김해시,김해,19.7,1.3,2.0,5,30,17.6,101.0,3500.0,ssp245,2078,25.48,5.78,위험,442
밤,경남,김해시,김해,19.7,1.3,2.0,5,30,17.6,101.0,3500.0,ssp585,2028,23.48,3.78,위험,591
밤,경남,김해시,김해,19.7,1.3,2.0,5,30,17.6,101.0,3500.0,ssp585,2038,24.19,4.49,위험,534
밤,경남,김해시,김해,19.7,1.3,2.0,5,30,17.6,101.0,3500.0,ssp585,2048,24.98,5.28,위험,471
밤,경남,김해시,김해,19.7,1.3,2.0,5,30,17.6,101.0,3500.0,ssp585,2058,25.86,6.16,위험,411
밤,경남,김해시,김해,19.7,1.3,2.0,5,30,17.6,101.0,3500.0,ssp585,2068,26.75,7.05,위험,321
밤,경남,김해시,김해,19.7,1.3,2.0,5,30,17.6,101.0,3500.0,ssp585,2078,27.63,7.93,위험,245
밤,경기,남양주시,남양주,19.7,1.3,2.0,5,30,0.8,1799.0,4000.0,관측,2005,19.04,-0.66,적합,1597
밤,경기,남양주시,남양주,19.7,1.3,2.0,5,30,0.8,1799.0,4000.0,ssp245,2028,20.55,0.85,경고,1374
밤,경기,남양주시,남양주,19.7,1.3,2.0,5,30,0.8,1799.0,4000.0,ssp245,2038,20.94,1.24,경고,1326
밤,경기,남양주시,남양주,19.7,1.3,2.0,5,30,0.8,1799.0,4000.0,ssp245,2048,21.3,1.6,주의,1278
밤,경기,남양주시,남양주,19.7,1.3,2.0,5,30,0.8,1799.0,4000.0,ssp245,2058,21.66,1.96,주의,1237
밤,경기,남양주시,남양주,19.7,1.3,2.0,5,30,0.8,1799.0,4000.0,ssp245,2068,21.92,2.22,위험,1205
밤,경기,남양주시,남양주,19.7,1.3,2.0,5,30,0.8,1799.0,4000.0,ssp245,2078,22.23,2.53,위험,1153
밤,경기,남양주시,남양주,19.7,1.3,2.0,5,30,0.8,1799.0,4000.0,ssp585,2028,20.7,1.0,경고,1368
밤,경기,남양주시,남양주,19.7,1.3,2.0,5,30,0.8,1799.0,4000.0,ssp585,2038,21.26,1.56,주의,1288
밤,경기,남양주시,남양주,19.7,1.3,2.0,5,30,0.8,1799.0,4000.0,ssp585,2048,21.86,2.16,위험,1197
밤,경기,남양주시,남양주,19.7,1.3,2.0,5,30,0.8,1799.0,4000.0,ssp585,2058,22.55,2.85,위험,1109
밤,경기,남양주시,남양주,19.7,1.3,2.0,5,30,0.8,1799.0,4000.0,ssp585,2068,23.31,3.61,위험,989
밤,경기,남양주시,남양주,19.7,1.3,2.0,5,30,0.8,1799.0,4000.0,ssp585,2078,24.07,4.37,위험,896
밤,경기,화성시,화성,19.7,1.3,2.0,5,30,22.7,320.0,4215.0,관측,2005,19.54,-0.16,적합,1220
밤,경기,화성시,화성,19.7,1.3,2.0,5,30,22.7,320.0,4215.0,ssp245,2028,20.95,1.25,경고,1044
밤,경기,화성시,화성,19.7,1.3,2.0,5,30,22.7,320.0,4215.0,ssp245,2038,21.33,1.63,주의,1001
밤,경기,화성시,화성,19.7,1.3,2.0,5,30,22.7,320.0,4215.0,ssp245,2048,21.67,1.97,주의,959
밤,경기,화성시,화성,19.7,1.3,2.0,5,30,22.7,320.0,4215.0,ssp245,2058,22.01,2.31,위험,924
밤,경기,화성시,화성,19.7,1.3,2.0,5,30,22.7,320.0,4215.0,ssp245,2068,22.26,2.56,위험,894
밤,경기,화성시,화성,19.7,1.3,2.0,5,30,22.7,320.0,4215.0,ssp245,2078,22.55,2.85,위험,852
밤,경기,화성시,화성,19.7,1.3,2.0,5,30,22.7,320.0,4215.0,ssp585,2028,21.08,1.38,주의,1045
밤,경기,화성시,화성,19.7,1.3,2.0,5,30,22.7,320.0,4215.0,ssp585,2038,21.6,1.9,주의,972
밤,경기,화성시,화성,19.7,1.3,2.0,5,30,22.7,320.0,4215.0,ssp585,2048,22.17,2.47,위험,891
밤,경기,화성시,화성,19.7,1.3,2.0,5,30,22.7,320.0,4215.0,ssp585,2058,22.82,3.12,위험,821
밤,경기,화성시,화성,19.7,1.3,2.0,5,30,22.7,320.0,4215.0,ssp585,2068,23.52,3.82,위험,714
밤,경기,화성시,화성,19.7,1.3,2.0,5,30,22.7,320.0,4215.0,ssp585,2078,24.23,4.53,위험,634
밤,전남,완도군,완도,19.7,1.3,2.0,5,30,,,2500.0,관측,2005,20.23,0.53,경고,619
밤,전남,완도군,완도,19.7,1.3,2.0,5,30,,,2500.0,ssp245,2028,22.28,2.58,위험,484
밤,전남,완도군,완도,19.7,1.3,2.0,5,30,,,2500.0,ssp245,2038,22.81,3.11,위험,447
밤,전남,완도군,완도,19.7,1.3,2.0,5,30,,,2500.0,ssp245,2048,23.28,3.58,위험,419
밤,전남,완도군,완도,19.7,1.3,2.0,5,30,,,2500.0,ssp245,2058,23.83,4.13,위험,386
밤,전남,완도군,완도,19.7,1.3,2.0,5,30,,,2500.0,ssp245,2068,24.21,4.51,위험,368
밤,전남,완도군,완도,19.7,1.3,2.0,5,30,,,2500.0,ssp245,2078,24.63,4.93,위험,334
밤,전남,완도군,완도,19.7,1.3,2.0,5,30,,,2500.0,ssp585,2028,22.4,2.7,위험,486
밤,전남,완도군,완도,19.7,1.3,2.0,5,30,,,2500.0,ssp585,2038,23.18,3.48,위험,433
밤,전남,완도군,완도,19.7,1.3,2.0,5,30,,,2500.0,ssp585,2048,24.03,4.33,위험,368
밤,전남,완도군,완도,19.7,1.3,2.0,5,30,,,2500.0,ssp585,2058,24.97,5.27,위험,306
밤,전남,완도군,완도,19.7,1.3,2.0,5,30,,,2500.0,ssp585,2068,25.97,6.27,위험,220
밤,전남,완도군,완도,19.7,1.3,2.0,5,30,,,2500.0,ssp585,2078,26.89,7.19,위험,147
밤,강원,속초시,속초,19.7,1.3,2.0,5,30,1.0,945.0,6001.0,관측,2005,18.67,-1.03,적합,951
밤,강원,속초시,속초,19.7,1.3,2.0,5,30,1.0,945.0,6001.0,ssp245,2028,20.68,0.98,경고,739
밤,강원,속초시,속초,19.7,1.3,2.0,5,30,1.0,945.0,6001.0,ssp245,2038,21.19,1.49,주의,691
밤,강원,속초시,속초,19.7,1.3,2.0,5,30,1.0,945.0,6001.0,ssp245,2048,21.69,1.99,주의,640
밤,강원,속초시,속초,19.7,1.3,2.0,5,30,1.0,945.0,6001.0,ssp245,2058,22.18,2.48,위험,600
밤,강원,속초시,속초,19.7,1.3,2.0,5,30,1.0,945.0,6001.0,ssp245,2068,22.48,2.78,위험,574
밤,강원,속초시,속초,19.7,1.3,2.0,5,30,1.0,945.0,6001.0,ssp245,2078,22.91,3.21,위험,533
밤,강원,속초시,속초,19.7,1.3,2.0,5,30,1.0,945.0,6001.0,ssp585,2028,20.73,1.03,경고,775
밤,강원,속초시,속초,19.7,1.3,2.0,5,30,1.0,945.0,6001.0,ssp585,2038,21.47,1.77,주의,693
밤,강원,속초시,속초,19.7,1.3,2.0,5,30,1.0,945.0,6001.0,ssp585,2048,22.26,2.56,위험,603
밤,강원,속초시,속초,19.7,1.3,2.0,5,30,1.0,945.0,6001.0,ssp585,2058,23.17,3.47,위험,531
밤,강원,속초시,속초,19.7,1.3,2.0,5,30,1.0,945.0,6001.0,ssp585,2068,24.18,4.48,위험,429
밤,강원,속초시,속초,19.7,1.3,2.0,5,30,1.0,945.0,6001.0,ssp585,2078,25.17,5.47,위험,348
밤,충남,계룡시,계룡,19.7,1.3,2.0,5,30,14.8,739.0,2794.0,관측,2005,18.9,-0.8,적합,1520
밤,충남,계룡시,계룡,19.7,1.3,2.0,5,30,14.8,739.0,2794.0,ssp245,2028,20.62,0.92,경고,1325
밤,충남,계룡시,계룡,19.7,1.3,2.0,5,30,14.8,739.0,2794.0,ssp245,2038,21.07,1.37,주의,1274
밤,충남,계룡시,계룡,19.7,1.3,2.0,5,30,14.8,739.0,2794.0,ssp245,2048,21.5,1.8,주의,1232
밤,충남,계룡시,계룡,19.7,1.3,2.0,5,30,14.8,739.0,2794.0,ssp245,2058,21.9,2.2,위험,1192
밤,충남,계룡시,계룡,19.7,1.3,2.0,5,30,14.8,739.0,2794.0,ssp245,2068,22.2,2.5,위험,1157
밤,충남,계룡시,계룡,19.7,1.3,2.0,5,30,14.8,739.0,2794.0,ssp245,2078,22.57,2.87,위험,1107
밤,충남,계룡시,계룡,19.7,1.3,2.0,5,30,14.8,739.0,2794.0,ssp585,2028,20.8,1.1,경고,1313
밤,충남,계룡시,계룡,19.7,1.3,2.0,5,30,14.8,739.0,2794.0,ssp585,2038,21.44,1.74,주의,1232
밤,충남,계룡시,계룡,19.7,1.3,2.0,5,30,14.8,739.0,2794.0,ssp585,2048,22.13,2.43,위험,1143
밤,충남,계룡시,계룡,19.7,1.3,2.0,5,30,14.8,739.0,2794.0,ssp585,2058,22.89,3.19,위험,1059
밤,충남,계룡시,계룡,19.7,1.3,2.0,5,30,14.8,739.0,2794.0,ssp585,2068,23.7,4.0,위험,942
밤,충남,계룡시,계룡,19.7,1.3,2.0,5,30,14.8,739.0,2794.0,ssp585,2078,24.52,4.82,위험,844
밤,경기,용인시,용인,19.7,1.3,2.0,5,30,27.1,314.0,4055.0,관측,2005,18.96,-0.74,적합,1482
밤,경기,용인시,용인,19.7,1.3,2.0,5,30,27.1,314.0,4055.0,ssp245,2028,20.64,0.94,경고,1277
밤,경기,용인시,용인,19.7,1.3,2.0,5,30,27.1,314.0,4055.0,ssp245,2038,21.08,1.38,주의,1228
밤,경기,용인시,용인,19.7,1.3,2.0,5,30,27.1,314.0,4055.0,ssp245,2048,21.48,1.78,주의,1183
밤,경기,용인시,용인,19.7,1.3,2.0,5,30,27.1,314.0,4055.0,ssp245,2058,21.87,2.17,위험,1140
밤,경기,용인시,용인,19.7,1.3,2.0,5,30,27.1,314.0,4055.0,ssp245,2068,22.16,2.46,위험,1107
밤,경기,용인시,용인,19.7,1.3,2.0,5,30,27.1,314.0,4055.0,ssp245,2078,22.5,2.8,위험,1057
밤,경기,용인시,용인,19.7,1.3,2.0,5,30,27.1,314.0,4055.0,ssp585,2028,20.81,1.11,경고,1272
밤,경기,용인시,용인,19.7,1.3,2.0,5,30,27.1,314.0,4055.0,ssp585,2038,21.42,1.72,주의,1189
밤,경기,용인시,용인,19.7,1.3,2.0,5,30,27.1,314.0,4055.0,ssp585,2048,22.09,2.39,위험,1097
밤,경기,용인시,용인,19.7,1.3,2.0,5,30,27.1,314.0,4055.0,ssp585,2058,22.83,3.13,위험,1012
밤,경기,용인시,용인,19.7,1.3,2.0,5,30,27.1,314.0,4055.0,ssp585,2068,23.62,3.92,위험,892
밤,경기,용인시,용인,19.7,1.3,2.0,5,30,27.1,314.0,4055.0,ssp585,2078,24.43,4.73,위험,792
밤,경기,오산시,오산,19.7,1.3,2.0,5,30,,,,관측,2005,19.66,-0.04,적합,1340
밤,경기,오산시,오산,19.7,1.3,2.0,5,30,,,,ssp245,2028,21.22,1.52,주의,1155
밤,경기,오산시,오산,19.7,1.3,2.0,5,30,,,,ssp245,2038,21.63,1.93,주의,1110
밤,경기,오산시,오산,19.7,1.3,2.0,5,30,,,,ssp245,2048,22.01,2.31,위험,1067
밤,경기,오산시,오산,19.7,1.3,2.0,5,30,,,,ssp245,2058,22.39,2.69,위험,1028
밤,경기,오산시,오산,19.7,1.3,2.0,5,30,,,,ssp245,2068,22.65,2.95,위험,996
밤,경기,오산시,오산,19.7,1.3,2.0,5,30,,,,ssp245,2078,22.98,3.28,위험,950
밤,경기,오산시,오산,19.7,1.3,2.0,5,30,,,,ssp585,2028,21.38,1.68,주의,1148
밤,경기,오산시,오산,19.7,1.3,2.0,5,30,,,,ssp585,2038,21.96,2.26,위험,1071
밤,경기,오산시,오산,19.7,1.3,2.0,5,30,,,,ssp585,2048,22.59,2.89,위험,986
밤,경기,오산시,오산,19.7,1.3,2.0,5,30,,,,ssp585,2058,23.29,3.59,위험,906
밤,경기,오산시,오산,19.7,1.3,2.0,5,30,,,,ssp585,2068,24.04,4.34,위험,792
밤,경기,오산시,오산,19.7,1.3,2.0,5,30,,,,ssp585,2078,24.81,5.11,위험,696
밤,전남,진도군,진도,19.7,1.3,2.0,5,30,1.0,30.0,2263.0,관측,2005,20.03,0.33,경고,794
밤,전남,진도군,진도,19.7,1.3,2.0,5,30,1.0,30.0,2263.0,ssp245,2028,21.82,2.12,위험,623
밤,전남,진도군,진도,19.7,1.3,2.0,5,30,1.0,30.0,2263.0,ssp245,2038,22.28,2.58,위험,579
밤,전남,진도군,진도,19.7,1.3,2.0,5,30,1.0,30.0,2263.0,ssp245,2048,22.7,3.0,위험,547
밤,전남,진도군,진도,19.7,1.3,2.0,5,30,1.0,30.0,2263.0,ssp245,2058,23.15,3.45,위험,515
밤,전남,진도군,진도,19.7,1.3,2.0,5,30,1.0,30.0,2263.0,ssp245,2068,23.49,3.79,위험,499
밤,전남,진도군,진도,19.7,1.3,2.0,5,30,1.0,30.0,2263.0,ssp245,2078,23.85,4.15,위험,467
밤,전남,진도군,진도,19.7,1.3,2.0,5,30,1.0,30.0,2263.0,ssp585,2028,21.95,2.25,위험,616
밤,전남,진도군,진도,19.7,1.3,2.0,5,30,1.0,30.0,2263.0,ssp585,2038,22.63,2.93,위험,556
밤,전남,진도군,진도,19.7,1.3,2.0,5,30,1.0,30.0,2263.0,ssp585,2048,23.36,3.66,위험,493
밤,전남,진도군,진도,19.7,1.3,2.0,5,30,1.0,30.0,2263.0,ssp585,2058,24.16,4.46,위험,435
밤,전남,진도군,진도,19.7,1.3,2.0,5,30,1.0,30.0,2263.0,ssp585,2068,25.01,5.31,위험,349
밤,전남,진도군,진도,19.7,1.3,2.0,5,30,1.0,30.0,2263.0,ssp585,2078,25.82,6.12,위험,277
밤,제주,제주시,제주,19.7,1.3,2.0,5,30,,,3106.0,관측,2005,21.36,1.66,주의,249
밤,제주,제주시,제주,19.7,1.3,2.0,5,30,,,3106.0,ssp245,2028,23.44,3.74,위험,133
밤,제주,제주시,제주,19.7,1.3,2.0,5,30,,,3106.0,ssp245,2038,24.01,4.31,위험,100
밤,제주,제주시,제주,19.7,1.3,2.0,5,30,,,3106.0,ssp245,2048,24.43,4.73,위험,78
밤,제주,제주시,제주,19.7,1.3,2.0,5,30,,,3106.0,ssp245,2058,24.94,5.24,위험,58
밤,제주,제주시,제주,19.7,1.3,2.0,5,30,,,3106.0,ssp245,2068,25.33,5.63,위험,49
밤,제주,제주시,제주,19.7,1.3,2.0,5,30,,,3106.0,ssp245,2078,25.69,5.99,위험,27
밤,제주,제주시,제주,19.7,1.3,2.0,5,30,,,3106.0,ssp585,2028,23.54,3.84,위험,134
밤,제주,제주시,제주,19.7,1.3,2.0,5,30,,,3106.0,ssp585,2038,24.35,4.65,위험,85
밤,제주,제주시,제주,19.7,1.3,2.0,5,30,,,3106.0,ssp585,2048,25.15,5.45,위험,49
밤,제주,제주시,제주,19.7,1.3,2.0,5,30,,,3106.0,ssp585,2058,26.01,6.31,위험,14
밤,제주,제주시,제주,19.7,1.3,2.0,5,30,,,3106.0,ssp585,2068,26.9,7.2,위험,0
밤,제주,제주시,제주,19.7,1.3,2.0,5,30,,,3106.0,ssp585,2078,27.74,8.04,위험,0
밤,충남,서산시,서산,19.7,1.3,2.0,5,30,16.1,222.0,4094.0,관측,2005,19.06,-0.64,적합,1245
밤,충남,서산시,서산,19.7,1.3,2.0,5,30,16.1,222.0,4094.0,ssp245,2028,20.78,1.08,경고,1064
밤,충남,서산시,서산,19.7,1.3,2.0,5,30,16.1,222.0,4094.0,ssp245,2038,21.26,1.56,주의,1018
밤,충남,서산시,서산,19.7,1.3,2.0,5,30,16.1,222.0,4094.0,ssp245,2048,21.68,1.98,주의,973
밤,충남,서산시,서산,19.7,1.3,2.0,5,30,16.1,222.0,4094.0,ssp245,2058,22.07,2.37,위험,936
밤,충남,서산시,서산,19.7,1.3,2.0,5,30,16.1,222.0,4094.0,ssp245,2068,22.36,2.66,위험,903
밤,충남,서산시,서산,19.7,1.3,2.0,5,30,16.1,222.0,4094.0,ssp245,2078,22.73,3.03,위험,857
밤,충남,서산시,서산,19.7,1.3,2.0,5,30,16.1,222.0,4094.0,ssp585,2028,20.92,1.22,경고,1042
밤,충남,서산시,서산,19.7,1.3,2.0,5,30,16.1,222.0,4094.0,ssp585,2038,21.57,1.87,주의,964
밤,충남,서산시,서산,19.7,1.3,2.0,5,30,16.1,222.0,4094.0,ssp585,2048,22.24,2.54,위험,880
밤,충남,서산시,서산,19.7,1.3,2.0,5,30,16.1,222.0,4094.0,ssp585,2058,23.01,3.31,위험,803
밤,충남,서산시,서산,19.7,1.3,2.0,5,30,16.1,222.0,4094.0,ssp585,2068,23.83,4.13,위험,684
밤,충남,서산시,서산,19.7,1.3,2.0,5,30,16.1,222.0,4094.0,ssp585,2078,24.64,4.94,위험,594
밤,전남,여수시,여수,19.7,1.3,2.0,5,30,6.8,191.0,3399.0,관측,2005,20.43,0.73,경고,572
밤,전남,여수시,여수,19.7,1.3,2.0,5,30,6.8,191.0,3399.0,ssp245,2028,22.23,2.53,위험,449
밤,전남,여수시,여수,19.7,1.3,2.0,5,30,6.8,191.0,3399.0,ssp245,2038,22.71,3.01,위험,414
밤,전남,여수시,여수,19.7,1.3,2.0,5,30,6.8,191.0,3399.0,ssp245,2048,23.16,3.46,위험,386
밤,전남,여수시,여수,19.7,1.3,2.0,5,30,6.8,191.0,3399.0,ssp245,2058,23.58,3.88,위험,358
밤,전남,여수시,여수,19.7,1.3,2.0,5,30,6.8,191.0,3399.0,ssp245,2068,23.92,4.22,위험,341
밤,전남,여수시,여수,19.7,1.3,2.0,5,30,6.8,191.0,3399.0,ssp245,2078,24.28,4.58,위험,312
밤,전남,여수시,여수,19.7,1.3,2.0,5,30,6.8,191.0,3399.0,ssp585,2028,22.36,2.66,위험,466
밤,전남,여수시,여수,19.7,1.3,2.0,5,30,6.8,191.0,3399.0,ssp585,2038,23.05,3.35,위험,413
밤,전남,여수시,여수,19.7,1.3,2.0,5,30,6.8,191.0,3399.0,ssp585,2048,23.8,4.1,위험,353
밤,전남,여수시,여수,19.7,1.3,2.0,5,30,6.8,191.0,3399.0,ssp585,2058,24.59,4.89,위험,298
밤,전남,여수시,여수,19.7,1.3,2.0,5,30,6.8,191.0,3399.0,ssp585,2068,25.39,5.69,위험,222
밤,전남,여수시,여수,19.7,1.3,2.0,5,30,6.8,191.0,3399.0,ssp585,2078,26.2,6.5,위험,158
밤,경기,안성시,안성,19.7,1.3,2.0,5,30,9.2,1392.0,3500.0,관측,2005,20.03,0.33,경고,1335
밤,경기,안성시,안성,19.7,1.3,2.0,5,30,9.2,1392.0,3500.0,ssp245,2028,21.64,1.94,주의,1142
밤,경기,안성시,안성,19.7,1.3,2.0,5,30,9.2,1392.0,3500.0,ssp245,2038,22.06,2.36,위험,1095
밤,경기,안성시,안성,19.7,1.3,2.0,5,30,9.2,1392.0,3500.0,ssp245,2048,22.44,2.74,위험,1052
밤,경기,안성시,안성,19.7,1.3,2.0,5,30,9.2,1392.0,3500.0,ssp245,2058,22.82,3.12,위험,1011
밤,경기,안성시,안성,19.7,1.3,2.0,5,30,9.2,1392.0,3500.0,ssp245,2068,23.1,3.4,위험,979
밤,경기,안성시,안성,19.7,1.3,2.0,5,30,9.2,1392.0,3500.0,ssp245,2078,23.42,3.72,위험,931
밤,경기,안성시,안성,19.7,1.3,2.0,5,30,9.2,1392.0,3500.0,ssp585,2028,21.78,2.08,위험,1143
밤,경기,안성시,안성,19.7,1.3,2.0,5,30,9.2,1392.0,3500.0,ssp585,2038,22.37,2.67,위험,1063
밤,경기,안성시,안성,19.7,1.3,2.0,5,30,9.2,1392.0,3500.0,ssp585,2048,23.01,3.31,위험,975
밤,경기,안성시,안성,19.7,1.3,2.0,5,30,9.2,1392.0,3500.0,ssp585,2058,23.72,4.02,위험,894
밤,경기,안성시,안성,19.7,1.3,2.0,5,30,9.2,1392.0,3500.0,ssp585,2068,24.48,4.78,위험,778
밤,경기,안성시,안성,19.7,1.3,2.0,5,30,9.2,1392.0,3500.0,ssp585,2078,25.26,5.56,위험,682
밤,경기,안산시,안산,19.7,1.3,2.0,5,30,,,,관측,2005,19.06,-0.64,적합,1509
밤,경기,안산시,안산,19.7,1.3,2.0,5,30,,,,ssp245,2028,20.37,0.67,경고,1337
밤,경기,안산시,안산,19.7,1.3,2.0,5,30,,,,ssp245,2038,20.72,1.02,경고,1294
밤,경기,안산시,안산,19.7,1.3,2.0,5,30,,,,ssp245,2048,21.03,1.33,주의,1253
밤,경기,안산시,안산,19.7,1.3,2.0,5,30,,,,ssp245,2058,21.35,1.65,주의,1218
밤,경기,안산시,안산,19.7,1.3,2.0,5,30,,,,ssp245,2068,21.58,1.88,주의,1190
밤,경기,안산시,안산,19.7,1.3,2.0,5,30,,,,ssp245,2078,21.87,2.17,위험,1150
밤,경기,안산시,안산,19.7,1.3,2.0,5,30,,,,ssp585,2028,20.47,0.77,경고,1340
밤,경기,안산시,안산,19.7,1.3,2.0,5,30,,,,ssp585,2038,20.96,1.26,경고,1268
밤,경기,안산시,안산,19.7,1.3,2.0,5,30,,,,ssp585,2048,21.5,1.8,주의,1190
밤,경기,안산시,안산,19.7,1.3,2.0,5,30,,,,ssp585,2058,22.11,2.41,위험,1122
밤,경기,안산시,안산,19.7,1.3,2.0,5,30,,,,ssp585,2068,22.77,3.07,위험,1020
밤,경기,안산시,안산,19.7,1.3,2.0,5,30,,,,ssp585,2078,23.46,3.76,위험,936
밤,전북,장수군,장수,19.7,1.3,2.0,5,30,0.8,553.0,2502.0,관측,2005,17.6,-2.1,적합,1529
밤,전북,장수군,장수,19.7,1.3,2.0,5,30,0.8,553.0,2502.0,ssp245,2028,19.4,-0.3,적합,1323
밤,전북,장수군,장수,19.7,1.3,2.0,5,30,0.8,553.0,2502.0,ssp245,2038,19.88,0.18,경고,1269
밤,전북,장수군,장수,19.7,1.3,2.0,5,30,0.8,553.0,2502.0,ssp245,2048,20.33,0.63,경고,1222
밤,전북,장수군,장수,19.7,1.3,2.0,5,30,0.8,553.0,2502.0,ssp245,2058,20.77,1.07,경고,1182
밤,전북,장수군,장수,19.7,1.3,2.0,5,30,0.8,553.0,2502.0,ssp245,2068,21.08,1.38,주의,1150
밤,전북,장수군,장수,19.7,1.3,2.0,5,30,0.8,553.0,2502.0,ssp245,2078,21.44,1.74,주의,1100
밤,전북,장수군,장수,19.7,1.3,2.0,5,30,0.8,553.0,2502.0,ssp585,2028,19.61,-0.09,적합,1325
밤,전북,장수군,장수,19.7,1.3,2.0,5,30,0.8,553.0,2502.0,ssp585,2038,20.27,0.57,경고,1240
밤,전북,장수군,장수,19.7,1.3,2.0,5,30,0.8,553.0,2502.0,ssp585,2048,21.0,1.3,주의,1150
밤,전북,장수군,장수,19.7,1.3,2.0,5,30,0.8,553.0,2502.0,ssp585,2058,21.81,2.11,위험,1062
밤,전북,장수군,장수,19.7,1.3,2.0,5,30,0.8,553.0,2502.0,ssp585,2068,22.64,2.94,위험,943
밤,전북,장수군,장수,19.7,1.3,2.0,5,30,0.8,553.0,2502.0,ssp585,2078,23.45,3.75,위험,844
밤,경북,청송군,청송,19.7,1.3,2.0,5,30,0.2,1590.0,3051.0,관측,2005,18.24,-1.46,적합,1524
밤,경북,청송군,청송,19.7,1.3,2.0,5,30,0.2,1590.0,3051.0,ssp245,2028,20.46,0.76,경고,1321
밤,경북,청송군,청송,19.7,1.3,2.0,5,30,0.2,1590.0,3051.0,ssp245,2038,21.03,1.33,주의,1276
밤,경북,청송군,청송,19.7,1.3,2.0,5,30,0.2,1590.0,3051.0,ssp245,2048,21.54,1.84,주의,1229
밤,경북,청송군,청송,19.7,1.3,2.0,5,30,0.2,1590.0,3051.0,ssp245,2058,22.1,2.4,위험,1188
밤,경북,청송군,청송,19.7,1.3,2.0,5,30,0.2,1590.0,3051.0,ssp245,2068,22.48,2.78,위험,1156
밤,경북,청송군,청송,19.7,1.3,2.0,5,30,0.2,1590.0,3051.0,ssp245,2078,22.93,3.23,위험,1111
밤,경북,청송군,청송,19.7,1.3,2.0,5,30,0.2,1590.0,3051.0,ssp585,2028,20.59,0.89,경고,1348
밤,경북,청송군,청송,19.7,1.3,2.0,5,30,0.2,1590.0,3051.0,ssp585,2038,21.4,1.7,주의,1265
밤,경북,청송군,청송,19.7,1.3,2.0,5,30,0.2,1590.0,3051.0,ssp585,2048,22.3,2.6,위험,1175
밤,경북,청송군,청송,19.7,1.3,2.0,5,30,0.2,1590.0,3051.0,ssp585,2058,23.29,3.59,위험,1084
밤,경북,청송군,청송,19.7,1.3,2.0,5,30,0.2,1590.0,3051.0,ssp585,2068,24.34,4.64,위험,958
밤,경북,청송군,청송,19.7,1.3,2.0,5,30,0.2,1590.0,3051.0,ssp585,2078,25.36,5.66,위험,851
밤,경남,남해군,남해,19.7,1.3,2.0,5,30,2.8,506.0,3697.0,관측,2005,20.41,0.71,경고,776
밤,경남,남해군,남해,19.7,1.3,2.0,5,30,2.8,506.0,3697.0,ssp245,2028,22.76,3.06,위험,603
밤,경남,남해군,남해,19.7,1.3,2.0,5,30,2.8,506.0,3697.0,ssp245,2038,23.4,3.7,위험,564
밤,경남,남해군,남해,19.7,1.3,2.0,5,30,2.8,506.0,3697.0,ssp245,2048,23.99,4.29,위험,534
밤,경남,남해군,남해,19.7,1.3,2.0,5,30,2.8,506.0,3697.0,ssp245,2058,24.54,4.84,위험,503
밤,경남,남해군,남해,19.7,1.3,2.0,5,30,2.8,506.0,3697.0,ssp245,2068,24.98,5.28,위험,485
밤,경남,남해군,남해,19.7,1.3,2.0,5,30,2.8,506.0,3697.0,ssp245,2078,25.43,5.73,위험,453
밤,경남,남해군,남해,19.7,1.3,2.0,5,30,2.8,506.0,3697.0,ssp585,2028,22.94,3.24,위험,620
밤,경남,남해군,남해,19.7,1.3,2.0,5,30,2.8,506.0,3697.0,ssp585,2038,23.85,4.15,위험,562
밤,경남,남해군,남해,19.7,1.3,2.0,5,30,2.8,506.0,3697.0,ssp585,2048,24.82,5.12,위험,496
밤,경남,남해군,남해,19.7,1.3,2.0,5,30,2.8,506.0,3697.0,ssp585,2058,25.84,6.14,위험,436
밤,경남,남해군,남해,19.7,1.3,2.0,5,30,2.8,506.0,3697.0,ssp585,2068,26.85,7.15,위험,351
밤,경남,남해군,남해,19.7,1.3,2.0,5,30,2.8,506.0,3697.0,ssp585,2078,27.83,8.13,위험,279
밤,충북,진천군,진천,19.7,1.3,2.0,5,30,1.0,48.0,3446.0,관측,2005,18.91,-0.79,적합,1422
밤,충북,진천군,진천,19.7,1.3,2.0,5,30,1.0,48.0,3446.0,ssp245,2028,20.53,0.83,경고,1229
밤,충북,진천군,진천,19.7,1.3,2.0,5,30,1.0,48.0,3446.0,ssp245,2038,20.95,1.25,경고,1180
밤,충북,진천군,진천,19.7,1.3,2.0,5,30,1.0,48.0,3446.0,ssp245,2048,21.34,1.64,주의,1137
밤,충북,진천군,진천,19.7,1.3,2.0,5,30,1.0,48.0,3446.0,ssp245,2058,21.73,2.03,위험,1096
밤,충북,진천군,진천,19.7,1.3,2.0,5,30,1.0,48.0,3446.0,ssp245,2068,22.01,2.31,위험,1062
밤,충북,진천군,진천,19.7,1.3,2.0,5,30,1.0,48.0,3446.0,ssp245,2078,22.34,2.64,위험,1014
밤,충북,진천군,진천,19.7,1.3,2.0,5,30,1.0,48.0,3446.0,ssp585,2028,20.67,0.97,경고,1233
밤,충북,진천군,진천,19.7,1.3,2.0,5,30,1.0,48.0,3446.0,ssp585,2038,21.26,1.56,주의,1153
밤,충북,진천군,진천,19.7,1.3,2.0,5,30,1.0,48.0,3446.0,ssp585,2048,21.9,2.2,위험,1064
밤,충북,진천군,진천,19.7,1.3,2.0,5,30,1.0,48.0,3446.0,ssp585,2058,22.62,2.92,위험,981
밤,충북,진천군,진천,19.7,1.3,2.0,5,30,1.0,48.0,3446.0,ssp585,2068,23.4,3.7,위험,865
밤,충북,진천군,진천,19.7,1.3,2.0,5,30,1.0,48.0,3446.0,ssp585,2078,24.18,4.48,위험,767
밤,경기,의왕시,의왕,19.7,1.3,2.0,5,30,1.6,4717.0,3405.0,관측,2005,19.13,-0.57,적합,1305
밤,경기,의왕시,의왕,19.7,1.3,2.0,5,30,1.6,4717.0,3405.0,ssp245,2028,20.94,1.24,경고,1088
밤,경기,의왕시,의왕,19.7,1.3,2.0,5,30,1.6,4717.0,3405.0,ssp245,2038,21.42,1.72,주의,1035
밤,경기,의왕시,의왕,19.7,1.3,2.0,5,30,1.6,4717.0,3405.0,ssp245,2048,21.86,2.16,위험,986
밤,경기,의왕시,의왕,19.7,1.3,2.0,5,30,1.6,4717.0,3405.0,ssp245,2058,22.28,2.58,위험,944
밤,경기,의왕시,의왕,19.7,1.3,2.0,5,30,1.6,4717.0,3405.0,ssp245,2068,22.59,2.89,위험,908
밤,경기,의왕시,의왕,19.7,1.3,2.0,5,30,1.6,4717.0,3405.0,ssp245,2078,22.97,3.27,위험,856
밤,경기,의왕시,의왕,19.7,1.3,2.0,5,30,1.6,4717.0,3405.0,ssp585,2028,21.13,1.43,주의,1078
밤,경기,의왕시,의왕,19.7,1.3,2.0,5,30,1.6,4717.0,3405.0,ssp585,2038,21.81,2.11,위험,989
밤,경기,의왕시,의왕,19.7,1.3,2.0,5,30,1.6,4717.0,3405.0,ssp585,2048,22.54,2.84,위험,892
밤,경기,의왕시,의왕,19.7,1.3,2.0,5,30,1.6,4717.0,3405.0,ssp585,2058,23.36,3.66,위험,804
밤,경기,의왕시,의왕,19.7,1.3,2.0,5,30,1.6,4717.0,3405.0,ssp585,2068,24.23,4.53,위험,674
밤,경기,의왕시,의왕,19.7,1.3,2.0,5,30,1.6,4717.0,3405.0,ssp585,2078,25.1,5.4,위험,582
밤,경기,시흥시,시흥,19.7,1.3,2.0,5,30,6.4,471.0,1656.0,관측,2005,20.03,0.33,경고,1202
밤,경기,시흥시,시흥,19.7,1.3,2.0,5,30,6.4,471.0,1656.0,ssp245,2028,21.37,1.67,주의,1026
밤,경기,시흥시,시흥,19.7,1.3,2.0,5,30,6.4,471.0,1656.0,ssp245,2038,21.74,2.04,위험,982
밤,경기,시흥시,시흥,19.7,1.3,2.0,5,30,6.4,471.0,1656.0,ssp245,2048,22.06,2.36,위험,940
밤,경기,시흥시,시흥,19.7,1.3,2.0,5,30,6.4,471.0,1656.0,ssp245,2058,22.39,2.69,위험,906
밤,경기,시흥시,시흥,19.7,1.3,2.0,5,30,6.4,471.0,1656.0,ssp245,2068,22.62,2.92,위험,877
밤,경기,시흥시,시흥,19.7,1.3,2.0,5,30,6.4,471.0,1656.0,ssp245,2078,22.91,3.21,위험,836
밤,경기,시흥시,시흥,19.7,1.3,2.0,5,30,6.4,471.0,1656.0,ssp585,2028,21.47,1.77,주의,1032
밤,경기,시흥시,시흥,19.7,1.3,2.0,5,30,6.4,471.0,1656.0,ssp585,2038,21.98,2.28,위험,959
밤,경기,시흥시,시흥,19.7,1.3,2.0,5,30,6.4,471.0,1656.0,ssp585,2048,22.53,2.83,위험,879
밤,경기,시흥시,시흥,19.7,1.3,2.0,5,30,6.4,471.0,1656.0,ssp585,2058,23.17,3.47,위험,809
밤,경기,시흥시,시흥,19.7,1.3,2.0,5,30,6.4,471.0,1656.0,ssp585,2068,23.85,4.15,위험,705
밤,경기,시흥시,시흥,19.7,1.3,2.0,5,30,6.4,471.0,1656.0,ssp585,2078,24.54,4.84,위험,628
밤,충북,단양군,단양,19.7,1.3,2.0,5,30,3.5,722.0,3088.0,관측,2005,19.16,-0.54,적합,1446
밤,충북,단양군,단양,19.7,1.3,2.0,5,30,3.5,722.0,3088.0,ssp245,2028,20.78,1.08,경고,1222
밤,충북,단양군,단양,19.7,1.3,2.0,5,30,3.5,722.0,3088.0,ssp245,2038,21.19,1.49,주의,1172
밤,충북,단양군,단양,19.7,1.3,2.0,5,30,3.5,722.0,3088.0,ssp245,2048,21.59,1.89,주의,1123
밤,충북,단양군,단양,19.7,1.3,2.0,5,30,3.5,722.0,3088.0,ssp245,2058,21.97,2.27,위험,1075
밤,충북,단양군,단양,19.7,1.3,2.0,5,30,3.5,722.0,3088.0,ssp245,2068,22.25,2.55,위험,1038
밤,충북,단양군,단양,19.7,1.3,2.0,5,30,3.5,722.0,3088.0,ssp245,2078,22.58,2.88,위험,987
밤,충북,단양군,단양,19.7,1.3,2.0,5,30,3.5,722.0,3088.0,ssp585,2028,20.94,1.24,경고,1223
밤,충북,단양군,단양,19.7,1.3,2.0,5,30,3.5,722.0,3088.0,ssp585,2038,21.52,1.82,주의,1133
밤,충북,단양군,단양,19.7,1.3,2.0,5,30,3.5,722.0,3088.0,ssp585,2048,22.15,2.45,위험,1038
밤,충북,단양군,단양,19.7,1.3,2.0,5,30,3.5,722.0,3088.0,ssp585,2058,22.88,3.18,위험,946
밤,충북,단양군,단양,19.7,1.3,2.0,5,30,3.5,722.0,3088.0,ssp585,2068,23.66,3.96,위험,823
밤,충북,단양군,단양,19.7,1.3,2.0,5,30,3.5,722.0,3088.0,ssp585,2078,24.45,4.75,위험,723
밤,충남,태안군,태안,19.7,1.3,2.0,5,30,5.2,120.0,5000.0,관측,2005,19.56,-0.14,적합,990
밤,충남,태안군,태안,19.7,1.3,2.0,5,30,5.2,120.0,5000.0,ssp245,2028,21.08,1.38,주의,828
밤,충남,태안군,태안,19.7,1.3,2.0,5,30,5.2,120.0,5000.0,ssp245,2038,21.5,1.8,주의,788
밤,충남,태안군,태안,19.7,1.3,2.0,5,30,5.2,120.0,5000.0,ssp245,2048,21.87,2.17,위험,747
밤,충남,태안군,태안,19.7,1.3,2.0,5,30,5.2,120.0,5000.0,ssp245,2058,22.22,2.52,위험,713
밤,충남,태안군,태안,19.7,1.3,2.0,5,30,5.2,120.0,5000.0,ssp245,2068,22.49,2.79,위험,684
밤,충남,태안군,태안,19.7,1.3,2.0,5,30,5.2,120.0,5000.0,ssp245,2078,22.82,3.12,위험,655
밤,충남,태안군,태안,19.7,1.3,2.0,5,30,5.2,120.0,5000.0,ssp585,2028,21.19,1.49,주의,809
밤,충남,태안군,태안,19.7,1.3,2.0,5,30,5.2,120.0,5000.0,ssp585,2038,21.78,2.08,위험,740
밤,충남,태안군,태안,19.7,1.3,2.0,5,30,5.2,120.0,5000.0,ssp585,2048,22.37,2.67,위험,669
밤,충남,태안군,태안,19.7,1.3,2.0,5,30,5.2,120.0,5000.0,ssp585,2058,23.06,3.36,위험,618
밤,충남,태안군,태안,19.7,1.3,2.0,5,30,5.2,120.0,5000.0,ssp585,2068,23.8,4.1,위험,535
밤,충남,태안군,태안,19.7,1.3,2.0,5,30,5.2,120.0,5000.0,ssp585,2078,24.54,4.84,위험,468
밤,경기,고양시,고양,19.7,1.3,2.0,5,30,18.8,6313.0,3800.0,관측,2005,19.43,-0.27,적합,1476
밤,경기,고양시,고양,19.7,1.3,2.0,5,30,18.8,6313.0,3800.0,ssp245,2028,20.83,1.13,경고,1280
밤,경기,고양시,고양,19.7,1.3,2.0,5,30,18.8,6313.0,3800.0,ssp245,2038,21.2,1.5,주의,1233
밤,경기,고양시,고양,19.7,1.3,2.0,5,30,18.8,6313.0,3800.0,ssp245,2048,21.54,1.84,주의,1187
밤,경기,고양시,고양,19.7,1.3,2.0,5,30,18.8,6313.0,3800.0,ssp245,2058,21.88,2.18,위험,1151
밤,경기,고양시,고양,19.7,1.3,2.0,5,30,18.8,6313.0,3800.0,ssp245,2068,22.14,2.44,위험,1121
밤,경기,고양시,고양,19.7,1.3,2.0,5,30,18.8,6313.0,3800.0,ssp245,2078,22.44,2.74,위험,1074
밤,경기,고양시,고양,19.7,1.3,2.0,5,30,18.8,6313.0,3800.0,ssp585,2028,20.94,1.24,경고,1280
밤,경기,고양시,고양,19.7,1.3,2.0,5,30,18.8,6313.0,3800.0,ssp585,2038,21.48,1.78,주의,1206
밤,경기,고양시,고양,19.7,1.3,2.0,5,30,18.8,6313.0,3800.0,ssp585,2048,22.05,2.35,위험,1122
밤,경기,고양시,고양,19.7,1.3,2.0,5,30,18.8,6313.0,3800.0,ssp585,2058,22.73,3.03,위험,1042
밤,경기,고양시,고양,19.7,1.3,2.0,5,30,18.8,6313.0,3800.0,ssp585,2068,23.46,3.76,위험,931
밤,경기,고양시,고양,19.7,1.3,2.0,5,30,18.8,6313.0,3800.0,ssp585,2078,24.2,4.5,위험,840
밤,경북,영양군,영양,19.7,1.3,2.0,5,30,0.1,44826.0,2656.0,관측,2005,17.99,-1.71,적합,1491
밤,경북,영양군,영양,19.7,1.3,2.0,5,30,0.1,44826.0,2656.0,ssp245,2028,20.16,0.46,경고,1276
밤,경북,영양군,영양,19.7,1.3,2.0,5,30,0.1,44826.0,2656.0,ssp245,2038,20.74,1.04,경고,1230
밤,경북,영양군,영양,19.7,1.3,2.0,5,30,0.1,44826.0,2656.0,ssp245,2048,21.23,1.53,주의,1181
밤,경북,영양군,영양,19.7,1.3,2.0,5,30,0.1,44826.0,2656.0,ssp245,2058,21.8,2.1,위험,1136
밤,경북,영양군,영양,19.7,1.3,2.0,5,30,0.1,44826.0,2656.0,ssp245,2068,22.17,2.47,위험,1102
밤,경북,영양군,영양,19.7,1.3,2.0,5,30,0.1,44826.0,2656.0,ssp245,2078,22.63,2.93,위험,1054
밤,경북,영양군,영양,19.7,1.3,2.0,5,30,0.1,44826.0,2656.0,ssp585,2028,20.27,0.57,경고,1312
밤,경북,영양군,영양,19.7,1.3,2.0,5,30,0.1,44826.0,2656.0,ssp585,2038,21.08,1.38,주의,1226
밤,경북,영양군,영양,19.7,1.3,2.0,5,30,0.1,44826.0,2656.0,ssp585,2048,21.95,2.25,위험,1132
밤,경북,영양군,영양,19.7,1.3,2.0,5,30,0.1,44826.0,2656.0,ssp585,2058,22.94,3.24,위험,1036
밤,경북,영양군,영양,19.7,1.3,2.0,5,30,0.1,44826.0,2656.0,ssp585,2068,24.0,4.3,위험,903
밤,경북,영양군,영양,19.7,1.3,2.0,5,30,0.1,44826.0,2656.0,ssp585,2078,25.0,5.3,위험,790
밤,경북,봉화군,봉화,19.7,1.3,2.0,5,30,3.0,353.0,3056.0,관측,2005,17.09,-2.61,적합,1755
밤,경북,봉화군,봉화,19.7,1.3,2.0,5,30,3.0,353.0,3056.0,ssp245,2028,19.04,-0.66,적합,1526
밤,경북,봉화군,봉화,19.7,1.3,2.0,5,30,3.0,353.0,3056.0,ssp245,2038,19.53,-0.17,적합,1477
밤,경북,봉화군,봉화,19.7,1.3,2.0,5,30,3.0,353.0,3056.0,ssp245,2048,19.97,0.27,경고,1427
밤,경북,봉화군,봉화,19.7,1.3,2.0,5,30,3.0,353.0,3056.0,ssp245,2058,20.45,0.75,경고,1378
밤,경북,봉화군,봉화,19.7,1.3,2.0,5,30,3.0,353.0,3056.0,ssp245,2068,20.78,1.08,경고,1341
밤,경북,봉화군,봉화,19.7,1.3,2.0,5,30,3.0,353.0,3056.0,ssp245,2078,21.18,1.48,주의,1290
밤,경북,봉화군,봉화,19.7,1.3,2.0,5,30,3.0,353.0,3056.0,ssp585,2028,19.16,-0.54,적합,1546
밤,경북,봉화군,봉화,19.7,1.3,2.0,5,30,3.0,353.0,3056.0,ssp585,2038,19.87,0.17,경고,1454
밤,경북,봉화군,봉화,19.7,1.3,2.0,5,30,3.0,353.0,3056.0,ssp585,2048,20.64,0.94,경고,1355
밤,경북,봉화군,봉화,19.7,1.3,2.0,5,30,3.0,353.0,3056.0,ssp585,2058,21.5,1.8,주의,1255
밤,경북,봉화군,봉화,19.7,1.3,2.0,5,30,3.0,353.0,3056.0,ssp585,2068,22.43,2.73,위험,1119
밤,경북,봉화군,봉화,19.7,1.3,2.0,5,30,3.0,353.0,3056.0,ssp585,2078,23.33,3.63,위험,1004
밤,경기,부천시,부천,19.7,1.3,2.0,5,30,,,,관측,2005,20.6,0.9,경고,1031
밤,경기,부천시,부천,19.7,1.3,2.0,5,30,,,,ssp245,2028,21.97,2.27,위험,847
밤,경기,부천시,부천,19.7,1.3,2.0,5,30,,,,ssp245,2038,22.34,2.64,위험,801
밤,경기,부천시,부천,19.7,1.3,2.0,5,30,,,,ssp245,2048,22.67,2.97,위험,758
밤,경기,부천시,부천,19.7,1.3,2.0,5,30,,,,ssp245,2058,23.0,3.3,위험,724
밤,경기,부천시,부천,19.7,1.3,2.0,5,30,,,,ssp245,2068,23.25,3.55,위험,694
밤,경기,부천시,부천,19.7,1.3,2.0,5,30,,,,ssp245,2078,23.55,3.85,위험,656
밤,경기,부천시,부천,19.7,1.3,2.0,5,30,,,,ssp585,2028,22.07,2.37,위험,851
밤,경기,부천시,부천,19.7,1.3,2.0,5,30,,,,ssp585,2038,22.6,2.9,위험,779
밤,경기,부천시,부천,19.7,1.3,2.0,5,30,,,,ssp585,2048,23.16,3.46,위험,697
밤,경기,부천시,부천,19.7,1.3,2.0,5,30,,,,ssp585,2058,23.82,4.12,위험,632
밤,경기,부천시,부천,19.7,1.3,2.0,5,30,,,,ssp585,2068,24.53,4.83,위험,546
밤,경기,부천시,부천,19.7,1.3,2.0,5,30,,,,ssp585,2078,25.25,5.55,위험,481
밤,충북,제천시,제천,19.7,1.3,2.0,5,30,10.3,1080.0,2753.0,관측,2005,17.83,-1.87,적합,1740
밤,충북,제천시,제천,19.7,1.3,2.0,5,30,10.3,1080.0,2753.0,ssp245,2028,19.41,-0.29,적합,1524
밤,충북,제천시,제천,19.7,1.3,2.0,5,30,10.3,1080.0,2753.0,ssp245,2038,19.81,0.11,경고,1474
밤,충북,제천시,제천,19.7,1.3,2.0,5,30,10.3,1080.0,2753.0,ssp245,2048,20.2,0.5,경고,1425
밤,충북,제천시,제천,19.7,1.3,2.0,5,30,10.3,1080.0,2753.0,ssp245,2058,20.57,0.87,경고,1379
밤,충북,제천시,제천,19.7,1.3,2.0,5,30,10.3,1080.0,2753.0,ssp245,2068,20.85,1.15,경고,1342
밤,충북,제천시,제천,19.7,1.3,2.0,5,30,10.3,1080.0,2753.0,ssp245,2078,21.17,1.47,주의,1292
밤,충북,제천시,제천,19.7,1.3,2.0,5,30,10.3,1080.0,2753.0,ssp585,2028,19.57,-0.13,적합,1527
밤,충북,제천시,제천,19.7,1.3,2.0,5,30,10.3,1080.0,2753.0,ssp585,2038,20.13,0.43,경고,1439
밤,충북,제천시,제천,19.7,1.3,2.0,5,30,10.3,1080.0,2753.0,ssp585,2048,20.76,1.06,경고,1344
밤,충북,제천시,제천,19.7,1.3,2.0,5,30,10.3,1080.0,2753.0,ssp585,2058,21.47,1.77,주의,1252
밤,충북,제천시,제천,19.7,1.3,2.0,5,30,10.3,1080.0,2753.0,ssp585,2068,22.24,2.54,위험,1128
밤,충북,제천시,제천,19.7,1.3,2.0,5,30,10.3,1080.0,2753.0,ssp585,2078,23.01,3.31,위험,1027
밤,경기,의정부시,의정부,19.7,1.3,2.0,5,30,0.8,336.0,3402.0,관측,2005,19.24,-0.46,적합,1480
밤,경기,의정부시,의정부,19.7,1.3,2.0,5,30,0.8,336.0,3402.0,ssp245,2028,20.74,1.04,경고,1263
밤,경기,의정부시,의정부,19.7,1.3,2.0,5,30,0.8,336.0,3402.0,ssp245,2038,21.14,1.44,주의,1216
밤,경기,의정부시,의정부,19.7,1.3,2.0,5,30,0.8,336.0,3402.0,ssp245,2048,21.5,1.8,주의,1168
밤,경기,의정부시,의정부,19.7,1.3,2.0,5,30,0.8,336.0,3402.0,ssp245,2058,21.87,2.17,위험,1129
밤,경기,의정부시,의정부,19.7,1.3,2.0,5,30,0.8,336.0,3402.0,ssp245,2068,22.13,2.43,위험,1097
밤,경기,의정부시,의정부,19.7,1.3,2.0,5,30,0.8,336.0,3402.0,ssp245,2078,22.46,2.76,위험,1045
밤,경기,의정부시,의정부,19.7,1.3,2.0,5,30,0.8,336.0,3402.0,ssp585,2028,20.91,1.21,경고,1251
밤,경기,의정부시,의정부,19.7,1.3,2.0,5,30,0.8,336.0,3402.0,ssp585,2038,21.48,1.78,주의,1172
밤,경기,의정부시,의정부,19.7,1.3,2.0,5,30,0.8,336.0,3402.0,ssp585,2048,22.09,2.39,위험,1083
밤,경기,의정부시,의정부,19.7,1.3,2.0,5,30,0.8,336.0,3402.0,ssp585,2058,22.8,3.1,위험,996
밤,경기,의정부시,의정부,19.7,1.3,2.0,5,30,0.8,336.0,3402.0,ssp585,2068,23.57,3.87,위험,877
밤,경기,의정부시,의정부,19.7,1.3,2.0,5,30,0.8,336.0,3402.0,ssp585,2078,24.34,4.64,위험,783
밤,충북,증평군,증평,19.7,1.3,2.0,5,30,0.4,1262.0,4002.0,관측,2005,19.29,-0.41,적합,1485
밤,충북,증평군,증평,19.7,1.3,2.0,5,30,0.4,1262.0,4002.0,ssp245,2028,20.79,1.09,경고,1300
밤,충북,증평군,증평,19.7,1.3,2.0,5,30,0.4,1262.0,4002.0,ssp245,2038,21.18,1.48,주의,1254
밤,충북,증평군,증평,19.7,1.3,2.0,5,30,0.4,1262.0,4002.0,ssp245,2048,21.54,1.84,주의,1212
밤,충북,증평군,증평,19.7,1.3,2.0,5,30,0.4,1262.0,4002.0,ssp245,2058,21.9,2.2,위험,1173
밤,충북,증평군,증평,19.7,1.3,2.0,5,30,0.4,1262.0,4002.0,ssp245,2068,22.17,2.47,위험,1141
밤,충북,증평군,증평,19.7,1.3,2.0,5,30,0.4,1262.0,4002.0,ssp245,2078,22.48,2.78,위험,1096
밤,충북,증평군,증평,19.7,1.3,2.0,5,30,0.4,1262.0,4002.0,ssp585,2028,20.95,1.25,경고,1301
밤,충북,증평군,증평,19.7,1.3,2.0,5,30,0.4,1262.0,4002.0,ssp585,2038,21.5,1.8,주의,1223
밤,충북,증평군,증평,19.7,1.3,2.0,5,30,0.4,1262.0,4002.0,ssp585,2048,22.08,2.38,위험,1139
밤,충북,증평군,증평,19.7,1.3,2.0,5,30,0.4,1262.0,4002.0,ssp585,2058,22.77,3.07,위험,1057
밤,충북,증평군,증평,19.7,1.3,2.0,5,30,0.4,1262.0,4002.0,ssp585,2068,23.51,3.81,위험,946
밤,충북,증평군,증평,19.7,1.3,2.0,5,30,0.4,1262.0,4002.0,ssp585,2078,24.26,4.56,위험,851
밤,경기,수원시,수원,19.7,1.3,2.0,5,30,12.8,6.0,3404.0,관측,2005,19.87,0.17,경고,1256
밤,경기,수원시,수원,19.7,1.3,2.0,5,30,12.8,6.0,3404.0,ssp245,2028,21.54,1.84,주의,1056
밤,경기,수원시,수원,19.7,1.3,2.0,5,30,12.8,6.0,3404.0,ssp245,2038,21.99,2.29,위험,1007
밤,경기,수원시,수원,19.7,1.3,2.0,5,30,12.8,6.0,3404.0,ssp245,2048,22.39,2.69,위험,961
밤,경기,수원시,수원,19.7,1.3,2.0,5,30,12.8,6.0,3404.0,ssp245,2058,22.79,3.09,위험,920
밤,경기,수원시,수원,19.7,1.3,2.0,5,30,12.8,6.0,3404.0,ssp245,2068,23.08,3.38,위험,887
밤,경기,수원시,수원,19.7,1.3,2.0,5,30,12.8,6.0,3404.0,ssp245,2078,23.43,3.73,위험,837
밤,경기,수원시,수원,19.7,1.3,2.0,5,30,12.8,6.0,3404.0,ssp585,2028,21.73,2.03,위험,1046
밤,경기,수원시,수원,19.7,1.3,2.0,5,30,12.8,6.0,3404.0,ssp585,2038,22.35,2.65,위험,963
밤,경기,수원시,수원,19.7,1.3,2.0,5,30,12.8,6.0,3404.0,ssp585,2048,23.03,3.33,위험,871
밤,경기,수원시,수원,19.7,1.3,2.0,5,30,12.8,6.0,3404.0,ssp585,2058,23.78,4.08,위험,788
밤,경기,수원시,수원,19.7,1.3,2.0,5,30,12.8,6.0,3404.0,ssp585,2068,24.59,4.89,위험,666
밤,경기,수원시,수원,19.7,1.3,2.0,5,30,12.8,6.0,3404.0,ssp585,2078,25.41,5.71,위험,577
밤,충북,음성군,음성,19.7,1.3,2.0,5,30,19.8,11106.0,2899.0,관측,2005,18.56,-1.14,적합,1654
밤,충북,음성군,음성,19.7,1.3,2.0,5,30,19.8,11106.0,2899.0,ssp245,2028,20.06,0.36,경고,1464
밤,충북,음성군,음성,19.7,1.3,2.0,5,30,19.8,11106.0,2899.0,ssp245,2038,20.44,0.74,경고,1417
밤,충북,음성군,음성,19.7,1.3,2.0,5,30,19.8,11106.0,2899.0,ssp245,2048,20.8,1.1,경고,1375
밤,충북,음성군,음성,19.7,1.3,2.0,5,30,19.8,11106.0,2899.0,ssp245,2058,21.16,1.46,주의,1335
밤,충북,음성군,음성,19.7,1.3,2.0,5,30,19.8,11106.0,2899.0,ssp245,2068,21.43,1.73,주의,1302
밤,충북,음성군,음성,19.7,1.3,2.0,5,30,19.8,11106.0,2899.0,ssp245,2078,21.74,2.04,위험,1257
밤,충북,음성군,음성,19.7,1.3,2.0,5,30,19.8,11106.0,2899.0,ssp585,2028,20.22,0.52,경고,1462
밤,충북,음성군,음성,19.7,1.3,2.0,5,30,19.8,11106.0,2899.0,ssp585,2038,20.77,1.07,경고,1383
밤,충북,음성군,음성,19.7,1.3,2.0,5,30,19.8,11106.0,2899.0,ssp585,2048,21.35,1.65,주의,1298
밤,충북,음성군,음성,19.7,1.3,2.0,5,30,19.8,11106.0,2899.0,ssp585,2058,22.04,2.34,위험,1216
밤,충북,음성군,음성,19.7,1.3,2.0,5,30,19.8,11106.0,2899.0,ssp585,2068,22.78,3.08,위험,1104
밤,충북,음성군,음성,19.7,1.3,2.0,5,30,19.8,11106.0,2899.0,ssp585,2078,23.53,3.83,위험,1009
밤,경기,하남시,하남,19.7,1.3,2.0,5,30,0.9,1041.0,3402.0,관측,2005,19.96,0.26,경고,1281
밤,경기,하남시,하남,19.7,1.3,2.0,5,30,0.9,1041.0,3402.0,ssp245,2028,21.49,1.79,주의,1068
밤,경기,하남시,하남,19.7,1.3,2.0,5,30,0.9,1041.0,3402.0,ssp245,2038,21.89,2.19,위험,1021
밤,경기,하남시,하남,19.7,1.3,2.0,5,30,0.9,1041.0,3402.0,ssp245,2048,22.26,2.56,위험,974
밤,경기,하남시,하남,19.7,1.3,2.0,5,30,0.9,1041.0,3402.0,ssp245,2058,22.63,2.93,위험,935
밤,경기,하남시,하남,19.7,1.3,2.0,5,30,0.9,1041.0,3402.0,ssp245,2068,22.89,3.19,위험,903
밤,경기,하남시,하남,19.7,1.3,2.0,5,30,0.9,1041.0,3402.0,ssp245,2078,23.22,3.52,위험,852
밤,경기,하남시,하남,19.7,1.3,2.0,5,30,0.9,1041.0,3402.0,ssp585,2028,21.66,1.96,주의,1058
밤,경기,하남시,하남,19.7,1.3,2.0,5,30,0.9,1041.0,3402.0,ssp585,2038,22.24,2.54,위험,978
밤,경기,하남시,하남,19.7,1.3,2.0,5,30,0.9,1041.0,3402.0,ssp585,2048,22.85,3.15,위험,889
밤,경기,하남시,하남,19.7,1.3,2.0,5,30,0.9,1041.0,3402.0,ssp585,2058,23.56,3.86,위험,802
밤,경기,하남시,하남,19.7,1.3,2.0,5,30,0.9,1041.0,3402.0,ssp585,2068,24.33,4.63,위험,683
밤,경기,하남시,하남,19.7,1.3,2.0,5,30,0.9,1041.0,3402.0,ssp585,2078,25.1,5.4,위험,600
밤,경기,평택시,평택,19.7,1.3,2.0,5,30,6.5,2660.0,3509.0,관측,2005,20.3,0.6,경고,1268
밤,경기,평택시,평택,19.7,1.3,2.0,5,30,6.5,2660.0,3509.0,ssp245,2028,21.78,2.08,위험,1093
밤,경기,평택시,평택,19.7,1.3,2.0,5,30,6.5,2660.0,3509.0,ssp245,2038,22.17,2.47,위험,1049
밤,경기,평택시,평택,19.7,1.3,2.0,5,30,6.5,2660.0,3509.0,ssp245,2048,22.53,2.83,위험,1008
밤,경기,평택시,평택,19.7,1.3,2.0,5,30,6.5,2660.0,3509.0,ssp245,2058,22.88,3.18,위험,972
밤,경기,평택시,평택,19.7,1.3,2.0,5,30,6.5,2660.0,3509.0,ssp245,2068,23.14,3.44,위험,941
밤,경기,평택시,평택,19.7,1.3,2.0,5,30,6.5,2660.0,3509.0,ssp245,2078,23.45,3.75,위험,898
밤,경기,평택시,평택,19.7,1.3,2.0,5,30,6.5,2660.0,3509.0,ssp585,2028,21.92,2.22,위험,1089
밤,경기,평택시,평택,19.7,1.3,2.0,5,30,6.5,2660.0,3509.0,ssp585,2038,22.47,2.77,위험,1015
밤,경기,평택시,평택,19.7,1.3,2.0,5,30,6.5,2660.0,3509.0,ssp585,2048,23.07,3.37,위험,934
밤,경기,평택시,평택,19.7,1.3,2.0,5,30,6.5,2660.0,3509.0,ssp585,2058,23.73,4.03,위험,861
밤,경기,평택시,평택,19.7,1.3,2.0,5,30,6.5,2660.0,3509.0,ssp585,2068,24.46,4.76,위험,753
밤,경기,평택시,평택,19.7,1.3,2.0,5,30,6.5,2660.0,3509.0,ssp585,2078,25.2,5.5,위험,663
밤,경기,양평군,양평,19.7,1.3,2.0,5,30,10.0,4240.0,3840.0,관측,2005,19.27,-0.43,적합,1473
밤,경기,양평군,양평,19.7,1.3,2.0,5,30,10.0,4240.0,3840.0,ssp245,2028,20.86,1.16,경고,1238
밤,경기,양평군,양평,19.7,1.3,2.0,5,30,10.0,4240.0,3840.0,ssp245,2038,21.27,1.57,주의,1184
밤,경기,양평군,양평,19.7,1.3,2.0,5,30,10.0,4240.0,3840.0,ssp245,2048,21.65,1.95,주의,1134
밤,경기,양평군,양평,19.7,1.3,2.0,5,30,10.0,4240.0,3840.0,ssp245,2058,22.02,2.32,위험,1090
밤,경기,양평군,양평,19.7,1.3,2.0,5,30,10.0,4240.0,3840.0,ssp245,2068,22.29,2.59,위험,1055
밤,경기,양평군,양평,19.7,1.3,2.0,5,30,10.0,4240.0,3840.0,ssp245,2078,22.61,2.91,위험,1002
밤,경기,양평군,양평,19.7,1.3,2.0,5,30,10.0,4240.0,3840.0,ssp585,2028,21.01,1.31,주의,1239
밤,경기,양평군,양평,19.7,1.3,2.0,5,30,10.0,4240.0,3840.0,ssp585,2038,21.59,1.89,주의,1151
밤,경기,양평군,양평,19.7,1.3,2.0,5,30,10.0,4240.0,3840.0,ssp585,2048,22.21,2.51,위험,1054
밤,경기,양평군,양평,19.7,1.3,2.0,5,30,10.0,4240.0,3840.0,ssp585,2058,22.94,3.24,위험,961
밤,경기,양평군,양평,19.7,1.3,2.0,5,30,10.0,4240.0,3840.0,ssp585,2068,23.71,4.01,위험,837
밤,경기,양평군,양평,19.7,1.3,2.0,5,30,10.0,4240.0,3840.0,ssp585,2078,24.49,4.79,위험,739
밤,경기,광명시,광명,19.7,1.3,2.0,5,30,,,,관측,2005,20.89,1.19,경고,977
밤,경기,광명시,광명,19.7,1.3,2.0,5,30,,,,ssp245,2028,22.33,2.63,위험,791
밤,경기,광명시,광명,19.7,1.3,2.0,5,30,,,,ssp245,2038,22.72,3.02,위험,745
밤,경기,광명시,광명,19.7,1.3,2.0,5,30,,,,ssp245,2048,23.07,3.37,위험,704
밤,경기,광명시,광명,19.7,1.3,2.0,5,30,,,,ssp245,2058,23.42,3.72,위험,675
밤,경기,광명시,광명,19.7,1.3,2.0,5,30,,,,ssp245,2068,23.66,3.96,위험,657
밤,경기,광명시,광명,19.7,1.3,2.0,5,30,,,,ssp245,2078,23.97,4.27,위험,624
밤,경기,광명시,광명,19.7,1.3,2.0,5,30,,,,ssp585,2028,22.44,2.74,위험,799
밤,경기,광명시,광명,19.7,1.3,2.0,5,30,,,,ssp585,2038,22.99,3.29,위험,723
밤,경기,광명시,광명,19.7,1.3,2.0,5,30,,,,ssp585,2048,23.57,3.87,위험,656
밤,경기,광명시,광명,19.7,1.3,2.0,5,30,,,,ssp585,2058,24.25,4.55,위험,599
밤,경기,광명시,광명,19.7,1.3,2.0,5,30,,,,ssp585,2068,24.97,5.27,위험,509
밤,경기,광명시,광명,19.7,1.3,2.0,5,30,,,,ssp585,2078,25.7,6.0,위험,441
밤,경기,광주시,광주,19.7,1.3,2.0,5,30,2.0,1115.0,3776.0,관측,2005,20.79,1.09,경고,867
밤,경기,광주시,광주,19.7,1.3,2.0,5,30,2.0,1115.0,3776.0,ssp245,2028,22.44,2.74,위험,645
밤,경기,광주시,광주,19.7,1.3,2.0,5,30,2.0,1115.0,3776.0,ssp245,2038,22.87,3.17,위험,594
밤,경기,광주시,광주,19.7,1.3,2.0,5,30,2.0,1115.0,3776.0,ssp245,2048,23.26,3.56,위험,547
밤,경기,광주시,광주,19.7,1.3,2.0,5,30,2.0,1115.0,3776.0,ssp245,2058,23.65,3.95,위험,507
밤,경기,광주시,광주,19.7,1.3,2.0,5,30,2.0,1115.0,3776.0,ssp245,2068,23.92,4.22,위험,486
밤,경기,광주시,광주,19.7,1.3,2.0,5,30,2.0,1115.0,3776.0,ssp245,2078,24.26,4.56,위험,447
밤,경기,광주시,광주,19.7,1.3,2.0,5,30,2.0,1115.0,3776.0,ssp585,2028,22.59,2.89,위험,646
밤,경기,광주시,광주,19.7,1.3,2.0,5,30,2.0,1115.0,3776.0,ssp585,2038,23.19,3.49,위험,560
밤,경기,광주시,광주,19.7,1.3,2.0,5,30,2.0,1115.0,3776.0,ssp585,2048,23.84,4.14,위험,482
밤,경기,광주시,광주,19.7,1.3,2.0,5,30,2.0,1115.0,3776.0,ssp585,2058,24.58,4.88,위험,412
밤,경기,광주시,광주,19.7,1.3,2.0,5,30,2.0,1115.0,3776.0,ssp585,2068,25.36,5.66,위험,317
밤,경기,광주시,광주,19.7,1.3,2.0,5,30,2.0,1115.0,3776.0,ssp585,2078,26.16,6.46,위험,246
밤,경기,이천시,이천,19.7,1.3,2.0,5,30,2.9,2066.0,3700.0,관측,2005,19.14,-0.56,적합,1491
밤,경기,이천시,이천,19.7,1.3,2.0,5,30,2.9,2066.0,3700.0,ssp245,2028,20.71,1.01,경고,1294
밤,경기,이천시,이천,19.7,1.3,2.0,5,30,2.9,2066.0,3700.0,ssp245,2038,21.12,1.42,주의,1247
밤,경기,이천시,이천,19.7,1.3,2.0,5,30,2.9,2066.0,3700.0,ssp245,2048,21.49,1.79,주의,1204
밤,경기,이천시,이천,19.7,1.3,2.0,5,30,2.9,2066.0,3700.0,ssp245,2058,21.86,2.16,위험,1162
밤,경기,이천시,이천,19.7,1.3,2.0,5,30,2.9,2066.0,3700.0,ssp245,2068,22.13,2.43,위험,1130
밤,경기,이천시,이천,19.7,1.3,2.0,5,30,2.9,2066.0,3700.0,ssp245,2078,22.44,2.74,위험,1084
밤,경기,이천시,이천,19.7,1.3,2.0,5,30,2.9,2066.0,3700.0,ssp585,2028,20.85,1.15,경고,1299
밤,경기,이천시,이천,19.7,1.3,2.0,5,30,2.9,2066.0,3700.0,ssp585,2038,21.42,1.72,주의,1218
밤,경기,이천시,이천,19.7,1.3,2.0,5,30,2.9,2066.0,3700.0,ssp585,2048,22.03,2.33,위험,1131
밤,경기,이천시,이천,19.7,1.3,2.0,5,30,2.9,2066.0,3700.0,ssp585,2058,22.73,3.03,위험,1048
밤,경기,이천시,이천,19.7,1.3,2.0,5,30,2.9,2066.0,3700.0,ssp585,2068,23.48,3.78,위험,933
밤,경기,이천시,이천,19.7,1.3,2.0,5,30,2.9,2066.0,3700.0,ssp585,2078,24.24,4.54,위험,838
밤,경기,파주시,파주,19.7,1.3,2.0,5,30,1.3,17522.0,2659.0,관측,2005,18.66,-1.04,적합,1661
밤,경기,파주시,파주,19.7,1.3,2.0,5,30,1.3,17522.0,2659.0,ssp245,2028,20.1,0.4,경고,1456
밤,경기,파주시,파주,19.7,1.3,2.0,5,30,1.3,17522.0,2659.0,ssp245,2038,20.48,0.78,경고,1408
밤,경기,파주시,파주,19.7,1.3,2.0,5,30,1.3,17522.0,2659.0,ssp245,2048,20.82,1.12,경고,1361
밤,경기,파주시,파주,19.7,1.3,2.0,5,30,1.3,17522.0,2659.0,ssp245,2058,21.16,1.46,주의,1324
밤,경기,파주시,파주,19.7,1.3,2.0,5,30,1.3,17522.0,2659.0,ssp245,2068,21.42,1.72,주의,1292
밤,경기,파주시,파주,19.7,1.3,2.0,5,30,1.3,17522.0,2659.0,ssp245,2078,21.72,2.02,위험,1244
밤,경기,파주시,파주,19.7,1.3,2.0,5,30,1.3,17522.0,2659.0,ssp585,2028,20.21,0.51,경고,1455
밤,경기,파주시,파주,19.7,1.3,2.0,5,30,1.3,17522.0,2659.0,ssp585,2038,20.75,1.05,경고,1380
밤,경기,파주시,파주,19.7,1.3,2.0,5,30,1.3,17522.0,2659.0,ssp585,2048,21.33,1.63,주의,1294
밤,경기,파주시,파주,19.7,1.3,2.0,5,30,1.3,17522.0,2659.0,ssp585,2058,22.01,2.31,위험,1211
밤,경기,파주시,파주,19.7,1.3,2.0,5,30,1.3,17522.0,2659.0,ssp585,2068,22.75,3.05,위험,1094
밤,경기,파주시,파주,19.7,1.3,2.0,5,30,1.3,17522.0,2659.0,ssp585,2078,23.5,3.8,위험,997
밤,경기,군포시,군포,19.7,1.3,2.0,5,30,4.8,5.0,3457.0,관측,2005,20.51,0.81,경고,1019
밤,경기,군포시,군포,19.7,1.3,2.0,5,30,4.8,5.0,3457.0,ssp245,2028,22.29,2.59,위험,810
밤,경기,군포시,군포,19.7,1.3,2.0,5,30,4.8,5.0,3457.0,ssp245,2038,22.77,3.07,위험,757
밤,경기,군포시,군포,19.7,1.3,2.0,5,30,4.8,5.0,3457.0,ssp245,2048,23.19,3.49,위험,708
밤,경기,군포시,군포,19.7,1.3,2.0,5,30,4.8,5.0,3457.0,ssp245,2058,23.61,3.91,위험,667
밤,경기,군포시,군포,19.7,1.3,2.0,5,30,4.8,5.0,3457.0,ssp245,2068,23.91,4.21,위험,647
밤,경기,군포시,군포,19.7,1.3,2.0,5,30,4.8,5.0,3457.0,ssp245,2078,24.29,4.59,위험,609
밤,경기,군포시,군포,19.7,1.3,2.0,5,30,4.8,5.0,3457.0,ssp585,2028,22.46,2.76,위험,804
밤,경기,군포시,군포,19.7,1.3,2.0,5,30,4.8,5.0,3457.0,ssp585,2038,23.13,3.43,위험,716
밤,경기,군포시,군포,19.7,1.3,2.0,5,30,4.8,5.0,3457.0,ssp585,2048,23.84,4.14,위험,636
밤,경기,군포시,군포,19.7,1.3,2.0,5,30,4.8,5.0,3457.0,ssp585,2058,24.65,4.95,위험,572
밤,경기,군포시,군포,19.7,1.3,2.0,5,30,4.8,5.0,3457.0,ssp585,2068,25.51,5.81,위험,469
밤,경기,군포시,군포,19.7,1.3,2.0,5,30,4.8,5.0,3457.0,ssp585,2078,26.37,6.67,위험,388
밤,경기,과천시,과천,19.7,1.3,2.0,5,30,,,3404.0,관측,2005,19.8,0.1,경고,1299
밤,경기,과천시,과천,19.7,1.3,2.0,5,30,,,3404.0,ssp245,2028,21.56,1.86,주의,1084
밤,경기,과천시,과천,19.7,1.3,2.0,5,30,,,3404.0,ssp245,2038,22.02,2.32,위험,1032
밤,경기,과천시,과천,19.7,1.3,2.0,5,30,,,3404.0,ssp245,2048,22.45,2.75,위험,985
밤,경기,과천시,과천,19.7,1.3,2.0,5,30,,,3404.0,ssp245,2058,22.86,3.16,위험,944
밤,경기,과천시,과천,19.7,1.3,2.0,5,30,,,3404.0,ssp245,2068,23.16,3.46,위험,910
밤,경기,과천시,과천,19.7,1.3,2.0,5,30,,,3404.0,ssp245,2078,23.53,3.83,위험,858
밤,경기,과천시,과천,19.7,1.3,2.0,5,30,,,3404.0,ssp585,2028,21.74,2.04,위험,1075
밤,경기,과천시,과천,19.7,1.3,2.0,5,30,,,3404.0,ssp585,2038,22.4,2.7,위험,990
밤,경기,과천시,과천,19.7,1.3,2.0,5,30,,,3404.0,ssp585,2048,23.1,3.4,위험,895
밤,경기,과천시,과천,19.7,1.3,2.0,5,30,,,3404.0,ssp585,2058,23.91,4.21,위험,807
밤,경기,과천시,과천,19.7,1.3,2.0,5,30,,,3404.0,ssp585,2068,24.76,5.06,위험,682
밤,경기,과천시,과천,19.7,1.3,2.0,5,30,,,3404.0,ssp585,2078,25.62,5.92,위험,589
밤,강원,인제군,인제,19.7,1.3,2.0,5,30,8.6,14102.0,2777.0,관측,2005,17.71,-1.99,적합,1644
밤,강원,인제군,인제,19.7,1.3,2.0,5,30,8.6,14102.0,2777.0,ssp245,2028,19.66,-0.04,적합,1396
밤,강원,인제군,인제,19.7,1.3,2.0,5,30,8.6,14102.0,2777.0,ssp245,2038,20.16,0.46,경고,1341
밤,강원,인제군,인제,19.7,1.3,2.0,5,30,8.6,14102.0,2777.0,ssp245,2048,20.61,0.91,경고,1281
밤,강원,인제군,인제,19.7,1.3,2.0,5,30,8.6,14102.0,2777.0,ssp245,2058,21.05,1.35,주의,1234
밤,강원,인제군,인제,19.7,1.3,2.0,5,30,8.6,14102.0,2777.0,ssp245,2068,21.35,1.65,주의,1193
밤,강원,인제군,인제,19.7,1.3,2.0,5,30,8.6,14102.0,2777.0,ssp245,2078,21.73,2.03,위험,1132
밤,강원,인제군,인제,19.7,1.3,2.0,5,30,8.6,14102.0,2777.0,ssp585,2028,19.78,0.08,경고,1410
밤,강원,인제군,인제,19.7,1.3,2.0,5,30,8.6,14102.0,2777.0,ssp585,2038,20.45,0.75,경고,1315
밤,강원,인제군,인제,19.7,1.3,2.0,5,30,8.6,14102.0,2777.0,ssp585,2048,21.22,1.52,주의,1206
밤,강원,인제군,인제,19.7,1.3,2.0,5,30,8.6,14102.0,2777.0,ssp585,2058,22.07,2.37,위험,1101
밤,강원,인제군,인제,19.7,1.3,2.0,5,30,8.6,14102.0,2777.0,ssp585,2068,22.99,3.29,위험,954
밤,강원,인제군,인제,19.7,1.3,2.0,5,30,8.6,14102.0,2777.0,ssp585,2078,23.91,4.21,위험,833
밤,경기,여주시,여주,19.7,1.3,2.0,5,30,1.0,56086.0,2685.0,관측,2005,19.23,-0.47,적합,1503
밤,경기,여주시,여주,19.7,1.3,2.0,5,30,1.0,56086.0,2685.0,ssp245,2028,20.75,1.05,경고,1305
밤,경기,여주시,여주,19.7,1.3,2.0,5,30,1.0,56086.0,2685.0,ssp245,2038,21.15,1.45,주의,1258
밤,경기,여주시,여주,19.7,1.3,2.0,5,30,1.0,56086.0,2685.0,ssp245,2048,21.51,1.81,주의,1215
밤,경기,여주시,여주,19.7,1.3,2.0,5,30,1.0,56086.0,2685.0,ssp245,2058,21.87,2.17,위험,1174
밤,경기,여주시,여주,19.7,1.3,2.0,5,30,1.0,56086.0,2685.0,ssp245,2068,22.13,2.43,위험,1142
밤,경기,여주시,여주,19.7,1.3,2.0,5,30,1.0,56086.0,2685.0,ssp245,2078,22.44,2.74,위험,1096
밤,경기,여주시,여주,19.7,1.3,2.0,5,30,1.0,56086.0,2685.0,ssp585,2028,20.91,1.21,경고,1306
밤,경기,여주시,여주,19.7,1.3,2.0,5,30,1.0,56086.0,2685.0,ssp585,2038,21.47,1.77,주의,1226
밤,경기,여주시,여주,19.7,1.3,2.0,5,30,1.0,56086.0,2685.0,ssp585,2048,22.06,2.36,위험,1139
밤,경기,여주시,여주,19.7,1.3,2.0,5,30,1.0,56086.0,2685.0,ssp585,2058,22.76,3.06,위험,1055
밤,경기,여주시,여주,19.7,1.3,2.0,5,30,1.0,56086.0,2685.0,ssp585,2068,23.5,3.8,위험,941
밤,경기,여주시,여주,19.7,1.3,2.0,5,30,1.0,56086.0,2685.0,ssp585,2078,24.26,4.56,위험,846
밤,강원,원주시,원주,19.7,1.3,2.0,5,30,69.7,862.0,4168.0,관측,2005,19.49,-0.21,적합,1419
밤,강원,원주시,원주,19.7,1.3,2.0,5,30,69.7,862.0,4168.0,ssp245,2028,21.02,1.32,주의,1201
밤,강원,원주시,원주,19.7,1.3,2.0,5,30,69.7,862.0,4168.0,ssp245,2038,21.41,1.71,주의,1149
밤,강원,원주시,원주,19.7,1.3,2.0,5,30,69.7,862.0,4168.0,ssp245,2048,21.78,2.08,위험,1102
밤,강원,원주시,원주,19.7,1.3,2.0,5,30,69.7,862.0,4168.0,ssp245,2058,22.15,2.45,위험,1056
밤,강원,원주시,원주,19.7,1.3,2.0,5,30,69.7,862.0,4168.0,ssp245,2068,22.42,2.72,위험,1021
밤,강원,원주시,원주,19.7,1.3,2.0,5,30,69.7,862.0,4168.0,ssp245,2078,22.73,3.03,위험,970
밤,강원,원주시,원주,19.7,1.3,2.0,5,30,69.7,862.0,4168.0,ssp585,2028,21.19,1.49,주의,1200
밤,강원,원주시,원주,19.7,1.3,2.0,5,30,69.7,862.0,4168.0,ssp585,2038,21.75,2.05,위험,1112
밤,강원,원주시,원주,19.7,1.3,2.0,5,30,69.7,862.0,4168.0,ssp585,2048,22.35,2.65,위험,1017
밤,강원,원주시,원주,19.7,1.3,2.0,5,30,69.7,862.0,4168.0,ssp585,2058,23.06,3.36,위험,925
밤,강원,원주시,원주,19.7,1.3,2.0,5,30,69.7,862.0,4168.0,ssp585,2068,23.81,4.11,위험,801
밤,강원,원주시,원주,19.7,1.3,2.0,5,30,69.7,862.0,4168.0,ssp585,2078,24.58,4.88,위험,700
밤,경기,포천시,포천,19.7,1.3,2.0,5,30,5.9,3469.0,4147.0,관측,2005,19.2,-0.5,적합,1633
밤,경기,포천시,포천,19.7,1.3,2.0,5,30,5.9,3469.0,4147.0,ssp245,2028,20.74,1.04,경고,1400
밤,경기,포천시,포천,19.7,1.3,2.0,5,30,5.9,3469.0,4147.0,ssp245,2038,21.13,1.43,주의,1350
밤,경기,포천시,포천,19.7,1.3,2.0,5,30,5.9,3469.0,4147.0,ssp245,2048,21.49,1.79,주의,1300
밤,경기,포천시,포천,19.7,1.3,2.0,5,30,5.9,3469.0,4147.0,ssp245,2058,21.85,2.15,위험,1258
밤,경기,포천시,포천,19.7,1.3,2.0,5,30,5.9,3469.0,4147.0,ssp245,2068,22.11,2.41,위험,1223
밤,경기,포천시,포천,19.7,1.3,2.0,5,30,5.9,3469.0,4147.0,ssp245,2078,22.42,2.72,위험,1169
밤,경기,포천시,포천,19.7,1.3,2.0,5,30,5.9,3469.0,4147.0,ssp585,2028,20.88,1.18,경고,1394
밤,경기,포천시,포천,19.7,1.3,2.0,5,30,5.9,3469.0,4147.0,ssp585,2038,21.44,1.74,주의,1311
밤,경기,포천시,포천,19.7,1.3,2.0,5,30,5.9,3469.0,4147.0,ssp585,2048,22.05,2.35,위험,1218
밤,경기,포천시,포천,19.7,1.3,2.0,5,30,5.9,3469.0,4147.0,ssp585,2058,22.75,3.05,위험,1126
밤,경기,포천시,포천,19.7,1.3,2.0,5,30,5.9,3469.0,4147.0,ssp585,2068,23.52,3.82,위험,999
밤,경기,포천시,포천,19.7,1.3,2.0,5,30,5.9,3469.0,4147.0,ssp585,2078,24.29,4.59,위험,901
밤,강원,홍천군,홍천,19.7,1.3,2.0,5,30,0.0,17069.0,2999.0,관측,2005,18.59,-1.11,적합,1662
밤,강원,홍천군,홍천,19.7,1.3,2.0,5,30,0.0,17069.0,2999.0,ssp245,2028,20.29,0.59,경고,1421
밤,강원,홍천군,홍천,19.7,1.3,2.0,5,30,0.0,17069.0,2999.0,ssp245,2038,20.73,1.03,경고,1364
밤,강원,홍천군,홍천,19.7,1.3,2.0,5,30,0.0,17069.0,2999.0,ssp245,2048,21.13,1.43,주의,1306
밤,강원,홍천군,홍천,19.7,1.3,2.0,5,30,0.0,17069.0,2999.0,ssp245,2058,21.53,1.83,주의,1260
밤,강원,홍천군,홍천,19.7,1.3,2.0,5,30,0.0,17069.0,2999.0,ssp245,2068,21.8,2.1,위험,1223
밤,강원,홍천군,홍천,19.7,1.3,2.0,5,30,0.0,17069.0,2999.0,ssp245,2078,22.14,2.44,위험,1163
밤,강원,홍천군,홍천,19.7,1.3,2.0,5,30,0.0,17069.0,2999.0,ssp585,2028,20.44,0.74,경고,1426
밤,강원,홍천군,홍천,19.7,1.3,2.0,5,30,0.0,17069.0,2999.0,ssp585,2038,21.05,1.35,주의,1332
밤,강원,홍천군,홍천,19.7,1.3,2.0,5,30,0.0,17069.0,2999.0,ssp585,2048,21.71,2.01,위험,1228
밤,강원,홍천군,홍천,19.7,1.3,2.0,5,30,0.0,17069.0,2999.0,ssp585,2058,22.47,2.77,위험,1126
밤,강원,홍천군,홍천,19.7,1.3,2.0,5,30,0.0,17069.0,2999.0,ssp585,2068,23.28,3.58,위험,987
밤,강원,홍천군,홍천,19.7,1.3,2.0,5,30,0.0,17069.0,2999.0,ssp585,2078,24.1,4.4,위험,876
밤,강원,영월군,영월,19.7,1.3,2.0,5,30,3.0,395.0,3942.0,관측,2005,18.54,-1.16,적합,1563
밤,강원,영월군,영월,19.7,1.3,2.0,5,30,3.0,395.0,3942.0,ssp245,2028,20.24,0.54,경고,1331
밤,강원,영월군,영월,19.7,1.3,2.0,5,30,3.0,395.0,3942.0,ssp245,2038,20.66,0.96,경고,1280
밤,강원,영월군,영월,19.7,1.3,2.0,5,30,3.0,395.0,3942.0,ssp245,2048,21.06,1.36,주의,1229
밤,강원,영월군,영월,19.7,1.3,2.0,5,30,3.0,395.0,3942.0,ssp245,2058,21.46,1.76,주의,1179
밤,강원,영월군,영월,19.7,1.3,2.0,5,30,3.0,395.0,3942.0,ssp245,2068,21.75,2.05,위험,1141
밤,강원,영월군,영월,19.7,1.3,2.0,5,30,3.0,395.0,3942.0,ssp245,2078,22.09,2.39,위험,1087
밤,강원,영월군,영월,19.7,1.3,2.0,5,30,3.0,395.0,3942.0,ssp585,2028,20.37,0.67,경고,1344
밤,강원,영월군,영월,19.7,1.3,2.0,5,30,3.0,395.0,3942.0,ssp585,2038,20.97,1.27,경고,1250
밤,강원,영월군,영월,19.7,1.3,2.0,5,30,3.0,395.0,3942.0,ssp585,2048,21.63,1.93,주의,1151
밤,강원,영월군,영월,19.7,1.3,2.0,5,30,3.0,395.0,3942.0,ssp585,2058,22.38,2.68,위험,1053
밤,강원,영월군,영월,19.7,1.3,2.0,5,30,3.0,395.0,3942.0,ssp585,2068,23.19,3.49,위험,921
밤,강원,영월군,영월,19.7,1.3,2.0,5,30,3.0,395.0,3942.0,ssp585,2078,24.0,4.3,위험,814
밤,강원,춘천시,춘천,19.7,1.3,2.0,5,30,20.9,1660.0,3216.0,관측,2005,19.13,-0.57,적합,1536
밤,강원,춘천시,춘천,19.7,1.3,2.0,5,30,20.9,1660.0,3216.0,ssp245,2028,20.77,1.07,경고,1304
밤,강원,춘천시,춘천,19.7,1.3,2.0,5,30,20.9,1660.0,3216.0,ssp245,2038,21.18,1.48,주의,1251
밤,강원,춘천시,춘천,19.7,1.3,2.0,5,30,20.9,1660.0,3216.0,ssp245,2048,21.57,1.87,주의,1197
밤,강원,춘천시,춘천,19.7,1.3,2.0,5,30,20.9,1660.0,3216.0,ssp245,2058,21.95,2.25,위험,1154
밤,강원,춘천시,춘천,19.7,1.3,2.0,5,30,20.9,1660.0,3216.0,ssp245,2068,22.21,2.51,위험,1118
밤,강원,춘천시,춘천,19.7,1.3,2.0,5,30,20.9,1660.0,3216.0,ssp245,2078,22.54,2.84,위험,1064
밤,강원,춘천시,춘천,19.7,1.3,2.0,5,30,20.9,1660.0,3216.0,ssp585,2028,20.9,1.2,경고,1305
밤,강원,춘천시,춘천,19.7,1.3,2.0,5,30,20.9,1660.0,3216.0,ssp585,2038,21.49,1.79,주의,1217
밤,강원,춘천시,춘천,19.7,1.3,2.0,5,30,20.9,1660.0,3216.0,ssp585,2048,22.13,2.43,위험,1119
밤,강원,춘천시,춘천,19.7,1.3,2.0,5,30,20.9,1660.0,3216.0,ssp585,2058,22.86,3.16,위험,1024
밤,강원,춘천시,춘천,19.7,1.3,2.0,5,30,20.9,1660.0,3216.0,ssp585,2068,23.65,3.95,위험,893
밤,강원,춘천시,춘천,19.7,1.3,2.0,5,30,20.9,1660.0,3216.0,ssp585,2078,24.44,4.74,위험,789
밤,경기,양주시,양주,19.7,1.3,2.0,5,30,1.3,315.0,3999.0,관측,2005,19.07,-0.63,적합,1678
밤,경기,양주시,양주,19.7,1.3,2.0,5,30,1.3,315.0,3999.0,ssp245,2028,20.59,0.89,경고,1456
밤,경기,양주시,양주,19.7,1.3,2.0,5,30,1.3,315.0,3999.0,ssp245,2038,20.99,1.29,경고,1406
밤,경기,양주시,양주,19.7,1.3,2.0,5,30,1.3,315.0,3999.0,ssp245,2048,21.36,1.66,주의,1356
밤,경기,양주시,양주,19.7,1.3,2.0,5,30,1.3,315.0,3999.0,ssp245,2058,21.72,2.02,위험,1317
밤,경기,양주시,양주,19.7,1.3,2.0,5,30,1.3,315.0,3999.0,ssp245,2068,21.98,2.28,위험,1284
밤,경기,양주시,양주,19.7,1.3,2.0,5,30,1.3,315.0,3999.0,ssp245,2078,22.31,2.61,위험,1232
밤,경기,양주시,양주,19.7,1.3,2.0,5,30,1.3,315.0,3999.0,ssp585,2028,20.76,1.06,경고,1441
밤,경기,양주시,양주,19.7,1.3,2.0,5,30,1.3,315.0,3999.0,ssp585,2038,21.33,1.63,주의,1362
밤,경기,양주시,양주,19.7,1.3,2.0,5,30,1.3,315.0,3999.0,ssp585,2048,21.94,2.24,위험,1271
밤,경기,양주시,양주,19.7,1.3,2.0,5,30,1.3,315.0,3999.0,ssp585,2058,22.65,2.95,위험,1183
밤,경기,양주시,양주,19.7,1.3,2.0,5,30,1.3,315.0,3999.0,ssp585,2068,23.43,3.73,위험,1063
밤,경기,양주시,양주,19.7,1.3,2.0,5,30,1.3,315.0,3999.0,ssp585,2078,24.21,4.51,위험,967
밤,강원,화천군,화천,19.7,1.3,2.0,5,30,1.7,79.0,3721.0,관측,2005,18.24,-1.46,적합,1726
밤,강원,화천군,화천,19.7,1.3,2.0,5,30,1.7,79.0,3721.0,ssp245,2028,19.97,0.27,경고,1466
밤,강원,화천군,화천,19.7,1.3,2.0,5,30,1.7,79.0,3721.0,ssp245,2038,20.41,0.71,경고,1409
밤,강원,화천군,화천,19.7,1.3,2.0,5,30,1.7,79.0,3721.0,ssp245,2048,20.81,1.11,경고,1350
밤,강원,화천군,화천,19.7,1.3,2.0,5,30,1.7,79.0,3721.0,ssp245,2058,21.21,1.51,주의,1303
밤,강원,화천군,화천,19.7,1.3,2.0,5,30,1.7,79.0,3721.0,ssp245,2068,21.47,1.77,주의,1263
밤,강원,화천군,화천,19.7,1.3,2.0,5,30,1.7,79.0,3721.0,ssp245,2078,21.82,2.12,위험,1202
밤,강원,화천군,화천,19.7,1.3,2.0,5,30,1.7,79.0,3721.0,ssp585,2028,20.08,0.38,경고,1472
밤,강원,화천군,화천,19.7,1.3,2.0,5,30,1.7,79.0,3721.0,ssp585,2038,20.69,0.99,경고,1375
밤,강원,화천군,화천,19.7,1.3,2.0,5,30,1.7,79.0,3721.0,ssp585,2048,21.38,1.68,주의,1266
밤,강원,화천군,화천,19.7,1.3,2.0,5,30,1.7,79.0,3721.0,ssp585,2058,22.15,2.45,위험,1161
밤,강원,화천군,화천,19.7,1.3,2.0,5,30,1.7,79.0,3721.0,ssp585,2068,22.98,3.28,위험,1018
밤,강원,화천군,화천,19.7,1.3,2.0,5,30,1.7,79.0,3721.0,ssp585,2078,23.83,4.13,위험,905
밤,경기,동두천시,동두천,19.7,1.3,2.0,5,30,1.5,518.0,3405.0,관측,2005,19.03,-0.67,적합,1519
밤,경기,동두천시,동두천,19.7,1.3,2.0,5,30,1.5,518.0,3405.0,ssp245,2028,20.55,0.85,경고,1290
밤,경기,동두천시,동두천,19.7,1.3,2.0,5,30,1.5,518.0,3405.0,ssp245,2038,20.94,1.24,경고,1240
밤,경기,동두천시,동두천,19.7,1.3,2.0,5,30,1.5,518.0,3405.0,ssp245,2048,21.3,1.6,주의,1191
밤,경기,동두천시,동두천,19.7,1.3,2.0,5,30,1.5,518.0,3405.0,ssp245,2058,21.66,1.96,주의,1149
밤,경기,동두천시,동두천,19.7,1.3,2.0,5,30,1.5,518.0,3405.0,ssp245,2068,21.92,2.22,위험,1116
밤,경기,동두천시,동두천,19.7,1.3,2.0,5,30,1.5,518.0,3405.0,ssp245,2078,22.23,2.53,위험,1063
밤,경기,동두천시,동두천,19.7,1.3,2.0,5,30,1.5,518.0,3405.0,ssp585,2028,20.7,1.0,경고,1281
밤,경기,동두천시,동두천,19.7,1.3,2.0,5,30,1.5,518.0,3405.0,ssp585,2038,21.27,1.57,주의,1200
밤,경기,동두천시,동두천,19.7,1.3,2.0,5,30,1.5,518.0,3405.0,ssp585,2048,21.87,2.17,위험,1109
밤,경기,동두천시,동두천,19.7,1.3,2.0,5,30,1.5,518.0,3405.0,ssp585,2058,22.56,2.86,위험,1017
밤,경기,동두천시,동두천,19.7,1.3,2.0,5,30,1.5,518.0,3405.0,ssp585,2068,23.33,3.63,위험,893
밤,경기,동두천시,동두천,19.7,1.3,2.0,5,30,1.5,518.0,3405.0,ssp585,2078,24.1,4.4,위험,796
밤,강원,정선군,정선,19.7,1.3,2.0,5,30,,,,관측,2005,18.06,-1.64,적합,1533
밤,강원,정선군,정선,19.7,1.3,2.0,5,30,,,,ssp245,2028,19.97,0.27,경고,1290
밤,강원,정선군,정선,19.7,1.3,2.0,5,30,,,,ssp245,2038,20.43,0.73,경고,1236
밤,강원,정선군,정선,19.7,1.3,2.0,5,30,,,,ssp245,2048,20.88,1.18,경고,1183
밤,강원,정선군,정선,19.7,1.3,2.0,5,30,,,,ssp245,2058,21.32,1.62,주의,1133
밤,강원,정선군,정선,19.7,1.3,2.0,5,30,,,,ssp245,2068,21.63,1.93,주의,1096
밤,강원,정선군,정선,19.7,1.3,2.0,5,30,,,,ssp245,2078,22.02,2.32,위험,1040
밤,강원,정선군,정선,19.7,1.3,2.0,5,30,,,,ssp585,2028,20.08,0.38,경고,1311
밤,강원,정선군,정선,19.7,1.3,2.0,5,30,,,,ssp585,2038,20.76,1.06,경고,1213
밤,강원,정선군,정선,19.7,1.3,2.0,5,30,,,,ssp585,2048,21.5,1.8,주의,1110
밤,강원,정선군,정선,19.7,1.3,2.0,5,30,,,,ssp585,2058,22.34,2.64,위험,1006
밤,강원,정선군,정선,19.7,1.3,2.0,5,30,,,,ssp585,2068,23.24,3.54,위험,866
밤,강원,정선군,정선,19.7,1.3,2.0,5,30,,,,ssp585,2078,24.13,4.43,위험,750
밤,강원,평창군,평창,19.7,1.3,2.0,5,30,1.0,3257.0,3726.0,관측,2005,17.59,-2.11,적합,1696
밤,강원,평창군,평창,19.7,1.3,2.0,5,30,1.0,3257.0,3726.0,ssp245,2028,19.39,-0.31,적합,1451
밤,강원,평창군,평창,19.7,1.3,2.0,5,30,1.0,3257.0,3726.0,ssp245,2038,19.84,0.14,경고,1393
밤,강원,평창군,평창,19.7,1.3,2.0,5,30,1.0,3257.0,3726.0,ssp245,2048,20.28,0.58,경고,1336
밤,강원,평창군,평창,19.7,1.3,2.0,5,30,1.0,3257.0,3726.0,ssp245,2058,20.7,1.0,경고,1287
밤,강원,평창군,평창,19.7,1.3,2.0,5,30,1.0,3257.0,3726.0,ssp245,2068,20.99,1.29,경고,1248
밤,강원,평창군,평창,19.7,1.3,2.0,5,30,1.0,3257.0,3726.0,ssp245,2078,21.36,1.66,주의,1188
밤,강원,평창군,평창,19.7,1.3,2.0,5,30,1.0,3257.0,3726.0,ssp585,2028,19.49,-0.21,적합,1478
밤,강원,평창군,평창,19.7,1.3,2.0,5,30,1.0,3257.0,3726.0,ssp585,2038,20.14,0.44,경고,1380
밤,강원,평창군,평창,19.7,1.3,2.0,5,30,1.0,3257.0,3726.0,ssp585,2048,20.83,1.13,경고,1276
밤,강원,평창군,평창,19.7,1.3,2.0,5,30,1.0,3257.0,3726.0,ssp585,2058,21.63,1.93,주의,1170
밤,강원,평창군,평창,19.7,1.3,2.0,5,30,1.0,3257.0,3726.0,ssp585,2068,22.5,2.8,위험,1027
밤,강원,평창군,평창,19.7,1.3,2.0,5,30,1.0,3257.0,3726.0,ssp585,2078,23.36,3.66,위험,911
밤,강원,태백시,태백,19.7,1.3,2.0,5,30,,,,관측,2005,15.84,-3.86,적합,1631
밤,강원,태백시,태백,19.7,1.3,2.0,5,30,,,,ssp245,2028,18.09,-1.61,적합,1350
밤,강원,태백시,태백,19.7,1.3,2.0,5,30,,,,ssp245,2038,18.67,-1.03,적합,1290
밤,강원,태백시,태백,19.7,1.3,2.0,5,30,,,,ssp245,2048,19.16,-0.54,적합,1232
밤,강원,태백시,태백,19.7,1.3,2.0,5,30,,,,ssp245,2058,19.72,0.02,경고,1171
밤,강원,태백시,태백,19.7,1.3,2.0,5,30,,,,ssp245,2068,20.09,0.39,경고,1130
밤,강원,태백시,태백,19.7,1.3,2.0,5,30,,,,ssp245,2078,20.56,0.86,경고,1067
밤,강원,태백시,태백,19.7,1.3,2.0,5,30,,,,ssp585,2028,18.23,-1.47,적합,1374
밤,강원,태백시,태백,19.7,1.3,2.0,5,30,,,,ssp585,2038,19.05,-0.65,적합,1261
밤,강원,태백시,태백,19.7,1.3,2.0,5,30,,,,ssp585,2048,19.94,0.24,경고,1141
밤,강원,태백시,태백,19.7,1.3,2.0,5,30,,,,ssp585,2058,20.94,1.24,경고,1020
밤,강원,태백시,태백,19.7,1.3,2.0,5,30,,,,ssp585,2068,21.99,2.29,위험,857
밤,강원,태백시,태백,19.7,1.3,2.0,5,30,,,,ssp585,2078,23.02,3.32,위험,722
밤,경기,구리시,구리,19.7,1.3,2.0,5,30,2.7,842.0,2500.0,관측,2005,20.19,0.49,경고,1278
밤,경기,구리시,구리,19.7,1.3,2.0,5,30,2.7,842.0,2500.0,ssp245,2028,21.65,1.95,주의,1076
밤,경기,구리시,구리,19.7,1.3,2.0,5,30,2.7,842.0,2500.0,ssp245,2038,22.04,2.34,위험,1031
밤,경기,구리시,구리,19.7,1.3,2.0,5,30,2.7,842.0,2500.0,ssp245,2048,22.4,2.7,위험,985
밤,경기,구리시,구리,19.7,1.3,2.0,5,30,2.7,842.0,2500.0,ssp245,2058,22.75,3.05,위험,948
밤,경기,구리시,구리,19.7,1.3,2.0,5,30,2.7,842.0,2500.0,ssp245,2068,23.02,3.32,위험,918
밤,경기,구리시,구리,19.7,1.3,2.0,5,30,2.7,842.0,2500.0,ssp245,2078,23.33,3.63,위험,868
밤,경기,구리시,구리,19.7,1.3,2.0,5,30,2.7,842.0,2500.0,ssp585,2028,21.82,2.12,위험,1065
밤,경기,구리시,구리,19.7,1.3,2.0,5,30,2.7,842.0,2500.0,ssp585,2038,22.38,2.68,위험,989
밤,경기,구리시,구리,19.7,1.3,2.0,5,30,2.7,842.0,2500.0,ssp585,2048,22.97,3.27,위험,903
밤,경기,구리시,구리,19.7,1.3,2.0,5,30,2.7,842.0,2500.0,ssp585,2058,23.67,3.97,위험,820
밤,경기,구리시,구리,19.7,1.3,2.0,5,30,2.7,842.0,2500.0,ssp585,2068,24.43,4.73,위험,703
밤,경기,구리시,구리,19.7,1.3,2.0,5,30,2.7,842.0,2500.0,ssp585,2078,25.18,5.48,위험,613
밤,경기,성남시,성남,19.7,1.3,2.0,5,30,,,,관측,2005,20.51,0.81,경고,1170
밤,경기,성남시,성남,19.7,1.3,2.0,5,30,,,,ssp245,2028,22.17,2.47,위험,963
밤,경기,성남시,성남,19.7,1.3,2.0,5,30,,,,ssp245,2038,22.61,2.91,위험,914
밤,경기,성남시,성남,19.7,1.3,2.0,5,30,,,,ssp245,2048,23.01,3.31,위험,869
밤,경기,성남시,성남,19.7,1.3,2.0,5,30,,,,ssp245,2058,23.4,3.7,위험,828
밤,경기,성남시,성남,19.7,1.3,2.0,5,30,,,,ssp245,2068,23.68,3.98,위험,795
밤,경기,성남시,성남,19.7,1.3,2.0,5,30,,,,ssp245,2078,24.03,4.33,위험,744
밤,경기,성남시,성남,19.7,1.3,2.0,5,30,,,,ssp585,2028,22.35,2.65,위험,954
밤,경기,성남시,성남,19.7,1.3,2.0,5,30,,,,ssp585,2038,22.98,3.28,위험,872
밤,경기,성남시,성남,19.7,1.3,2.0,5,30,,,,ssp585,2048,23.64,3.94,위험,780
밤,경기,성남시,성남,19.7,1.3,2.0,5,30,,,,ssp585,2058,24.39,4.69,위험,692
밤,경기,성남시,성남,19.7,1.3,2.0,5,30,,,,ssp585,2068,25.19,5.49,위험,583
밤,경기,성남시,성남,19.7,1.3,2.0,5,30,,,,ssp585,2078,26.0,6.3,위험,509
밤,제주,서귀포시,서귀포,19.7,1.3,2.0,5,30,,,3109.0,관측,2005,21.74,2.04,위험,195
밤,제주,서귀포시,서귀포,19.7,1.3,2.0,5,30,,,3109.0,ssp245,2028,23.88,4.18,위험,80
밤,제주,서귀포시,서귀포,19.7,1.3,2.0,5,30,,,3109.0,ssp245,2038,24.46,4.76,위험,54
밤,제주,서귀포시,서귀포,19.7,1.3,2.0,5,30,,,3109.0,ssp245,2048,24.89,5.19,위험,35
밤,제주,서귀포시,서귀포,19.7,1.3,2.0,5,30,,,3109.0,ssp245,2058,25.4,5.7,위험,19
밤,제주,서귀포시,서귀포,19.7,1.3,2.0,5,30,,,3109.0,ssp245,2068,25.8,6.1,위험,15
밤,제주,서귀포시,서귀포,19.7,1.3,2.0,5,30,,,3109.0,ssp245,2078,26.17,6.47,위험,2
밤,제주,서귀포시,서귀포,19.7,1.3,2.0,5,30,,,3109.0,ssp585,2028,23.98,4.28,위험,79
밤,제주,서귀포시,서귀포,19.7,1.3,2.0,5,30,,,3109.0,ssp585,2038,24.81,5.11,위험,42
밤,제주,서귀포시,서귀포,19.7,1.3,2.0,5,30,,,3109.0,ssp585,2048,25.61,5.91,위험,14
밤,제주,서귀포시,서귀포,19.7,1.3,2.0,5,30,,,3109.0,ssp585,2058,26.49,6.79,위험,0
밤,제주,서귀포시,서귀포,19.7,1.3,2.0,5,30,,,3109.0,ssp585,2068,27.39,7.69,위험,0
밤,제주,서귀포시,서귀포,19.7,1.3,2.0,5,30,,,3109.0,ssp585,2078,28.23,8.53,위험,0
밤,강원,횡성군,횡성,19.7,1.3,2.0,5,30,4.8,4292.0,3331.0,관측,2005,18.74,-0.96,적합,1648
밤,강원,횡성군,횡성,19.7,1.3,2.0,5,30,4.8,4292.0,3331.0,ssp245,2028,20.35,0.65,경고,1408
밤,강원,횡성군,횡성,19.7,1.3,2.0,5,30,4.8,4292.0,3331.0,ssp245,2038,20.77,1.07,경고,1351
밤,강원,횡성군,횡성,19.7,1.3,2.0,5,30,4.8,4292.0,3331.0,ssp245,2048,21.15,1.45,주의,1297
밤,강원,횡성군,횡성,19.7,1.3,2.0,5,30,4.8,4292.0,3331.0,ssp245,2058,21.52,1.82,주의,1249
밤,강원,횡성군,횡성,19.7,1.3,2.0,5,30,4.8,4292.0,3331.0,ssp245,2068,21.79,2.09,위험,1212
밤,강원,횡성군,횡성,19.7,1.3,2.0,5,30,4.8,4292.0,3331.0,ssp245,2078,22.11,2.41,위험,1154
밤,강원,횡성군,횡성,19.7,1.3,2.0,5,30,4.8,4292.0,3331.0,ssp585,2028,20.51,0.81,경고,1410
밤,강원,횡성군,횡성,19.7,1.3,2.0,5,30,4.8,4292.0,3331.0,ssp585,2038,21.08,1.38,주의,1315
밤,강원,횡성군,횡성,19.7,1.3,2.0,5,30,4.8,4292.0,3331.0,ssp585,2048,21.71,2.01,위험,1212
밤,강원,횡성군,횡성,19.7,1.3,2.0,5,30,4.8,4292.0,3331.0,ssp585,2058,22.43,2.73,위험,1112
밤,강원,횡성군,횡성,19.7,1.3,2.0,5,30,4.8,4292.0,3331.0,ssp585,2068,23.2,3.5,위험,976
밤,강원,횡성군,횡성,19.7,1.3,2.0,5,30,4.8,4292.0,3331.0,ssp585,2078,23.99,4.29,위험,867
대추,경북,상주시,상주,19.6,1.8,2.1,3,25,13.4,769.0,10225.0,관측,2005,19.73,0.13,경고,1184
대추,경북,상주시,상주,19.6,1.8,2.1,3,25,13.4,769.0,10225.0,ssp245,2028,21.32,1.72,경고,1010
대추,경북,상주시,상주,19.6,1.8,2.1,3,25,13.4,769.0,10225.0,ssp245,2038,21.72,2.12,위험,967
대추,경북,상주시,상주,19.6,1.8,2.1,3,25,13.4,769.0,10225.0,ssp245,2048,22.11,2.51,위험,927
대추,경북,상주시,상주,19.6,1.8,2.1,3,25,13.4,769.0,10225.0,ssp245,2058,22.49,2.89,위험,890
대추,경북,상주시,상주,19.6,1.8,2.1,3,25,13.4,769.0,10225.0,ssp245,2068,22.77,3.17,위험,858
대추,경북,상주시,상주,19.6,1.8,2.1,3,25,13.4,769.0,10225.0,ssp245,2078,23.09,3.49,위험,816
대추,경북,상주시,상주,19.6,1.8,2.1,3,25,13.4,769.0,10225.0,ssp585,2028,21.49,1.89,주의,1009
대추,경북,상주시,상주,19.6,1.8,2.1,3,25,13.4,769.0,10225.0,ssp585,2038,22.05,2.45,위험,936
대추,경북,상주시,상주,19.6,1.8,2.1,3,25,13.4,769.0,10225.0,ssp585,2048,22.68,3.08,위험,856
대추,경북,상주시,상주,19.6,1.8,2.1,3,25,13.4,769.0,10225.0,ssp585,2058,23.4,3.8,위험,779
대추,경북,상주시,상주,19.6,1.8,2.1,3,25,13.4,769.0,10225.0,ssp585,2068,24.16,4.56,위험,674
대추,경북,상주시,상주,19.6,1.8,2.1,3,25,13.4,769.0,10225.0,ssp585,2078,24.94,5.34,위험,585
대추,경북,청도군,청도,19.6,1.8,2.1,3,25,249.5,4435.0,7522.0,관측,2005,19.87,0.27,경고,1329
대추,경북,청도군,청도,19.6,1.8,2.1,3,25,249.5,4435.0,7522.0,ssp245,2028,22.15,2.55,위험,1135
대추,경북,청도군,청도,19.6,1.8,2.1,3,25,249.5,4435.0,7522.0,ssp245,2038,22.77,3.17,위험,1087
대추,경북,청도군,청도,19.6,1.8,2.1,3,25,249.5,4435.0,7522.0,ssp245,2048,23.32,3.72,위험,1039
대추,경북,청도군,청도,19.6,1.8,2.1,3,25,249.5,4435.0,7522.0,ssp245,2058,23.88,4.28,위험,999
대추,경북,청도군,청도,19.6,1.8,2.1,3,25,249.5,4435.0,7522.0,ssp245,2068,24.28,4.68,위험,969
대추,경북,청도군,청도,19.6,1.8,2.1,3,25,249.5,4435.0,7522.0,ssp245,2078,24.73,5.13,위험,922
대추,경북,청도군,청도,19.6,1.8,2.1,3,25,249.5,4435.0,7522.0,ssp585,2028,22.36,2.76,위험,1144
대추,경북,청도군,청도,19.6,1.8,2.1,3,25,249.5,4435.0,7522.0,ssp585,2038,23.22,3.62,위험,1062
대추,경북,청도군,청도,19.6,1.8,2.1,3,25,249.5,4435.0,7522.0,ssp585,2048,24.16,4.56,위험,974
대추,경북,청도군,청도,19.6,1.8,2.1,3,25,249.5,4435.0,7522.0,ssp585,2058,25.18,5.58,위험,887
대추,경북,청도군,청도,19.6,1.8,2.1,3,25,249.5,4435.0,7522.0,ssp585,2068,26.22,6.62,위험,761
대추,경북,청도군,청도,19.6,1.8,2.1,3,25,249.5,4435.0,7522.0,ssp585,2078,27.21,7.61,위험,655
대추,경남,산청군,산청,19.6,1.8,2.1,3,25,1.2,1045.0,12744.0,관측,2005,19.49,-0.11,적합,1114
대추,경남,산청군,산청,19.6,1.8,2.1,3,25,1.2,1045.0,12744.0,ssp245,2028,21.31,1.71,경고,933
대추,경남,산청군,산청,19.6,1.8,2.1,3,25,1.2,1045.0,12744.0,ssp245,2038,21.81,2.21,위험,885
대추,경남,산청군,산청,19.6,1.8,2.1,3,25,1.2,1045.0,12744.0,ssp245,2048,22.27,2.67,위험,843
대추,경남,산청군,산청,19.6,1.8,2.1,3,25,1.2,1045.0,12744.0,ssp245,2058,22.72,3.12,위험,807
대추,경남,산청군,산청,19.6,1.8,2.1,3,25,1.2,1045.0,12744.0,ssp245,2068,23.04,3.44,위험,778
대추,경남,산청군,산청,19.6,1.8,2.1,3,25,1.2,1045.0,12744.0,ssp245,2078,23.42,3.82,위험,732
대추,경남,산청군,산청,19.6,1.8,2.1,3,25,1.2,1045.0,12744.0,ssp585,2028,21.54,1.94,주의,929
대추,경남,산청군,산청,19.6,1.8,2.1,3,25,1.2,1045.0,12744.0,ssp585,2038,22.21,2.61,위험,853
대추,경남,산청군,산청,19.6,1.8,2.1,3,25,1.2,1045.0,12744.0,ssp585,2048,22.95,3.35,위험,771
대추,경남,산청군,산청,19.6,1.8,2.1,3,25,1.2,1045.0,12744.0,ssp585,2058,23.79,4.19,위험,692
대추,경남,산청군,산청,19.6,1.8,2.1,3,25,1.2,1045.0,12744.0,ssp585,2068,24.63,5.03,위험,582
대추,경남,산청군,산청,19.6,1.8,2.1,3,25,1.2,1045.0,12744.0,ssp585,2078,25.46,5.86,위험,503
대추,전남,영암군,영암,19.6,1.8,2.1,3,25,0.3,202.0,14029.0,관측,2005,20.3,0.7,경고,987
대추,전남,영암군,영암,19.6,1.8,2.1,3,25,0.3,202.0,14029.0,ssp245,2028,22.3,2.7,위험,805
대추,전남,영암군,영암,19.6,1.8,2.1,3,25,0.3,202.0,14029.0,ssp245,2038,22.8,3.2,위험,757
대추,전남,영암군,영암,19.6,1.8,2.1,3,25,0.3,202.0,14029.0,ssp245,2048,23.29,3.69,위험,711
대추,전남,영암군,영암,19.6,1.8,2.1,3,25,0.3,202.0,14029.0,ssp245,2058,23.76,4.16,위험,669
대추,전남,영암군,영암,19.6,1.8,2.1,3,25,0.3,202.0,14029.0,ssp245,2068,24.15,4.55,위험,635
대추,전남,영암군,영암,19.6,1.8,2.1,3,25,0.3,202.0,14029.0,ssp245,2078,24.56,4.96,위험,596
대추,전남,영암군,영암,19.6,1.8,2.1,3,25,0.3,202.0,14029.0,ssp585,2028,22.43,2.83,위험,807
대추,전남,영암군,영암,19.6,1.8,2.1,3,25,0.3,202.0,14029.0,ssp585,2038,23.19,3.59,위험,728
대추,전남,영암군,영암,19.6,1.8,2.1,3,25,0.3,202.0,14029.0,ssp585,2048,23.98,4.38,위험,635
대추,전남,영암군,영암,19.6,1.8,2.1,3,25,0.3,202.0,14029.0,ssp585,2058,24.86,5.26,위험,566
대추,전남,영암군,영암,19.6,1.8,2.1,3,25,0.3,202.0,14029.0,ssp585,2068,25.79,6.19,위험,475
대추,전남,영암군,영암,19.6,1.8,2.1,3,25,0.3,202.0,14029.0,ssp585,2078,26.68,7.08,위험,395
대추,전남,순천시,순천,19.6,1.8,2.1,3,25,5.0,43.0,14978.0,관측,2005,20.99,1.39,경고,705
대추,전남,순천시,순천,19.6,1.8,2.1,3,25,5.0,43.0,14978.0,ssp245,2028,22.97,3.37,위험,535
대추,전남,순천시,순천,19.6,1.8,2.1,3,25,5.0,43.0,14978.0,ssp245,2038,23.51,3.91,위험,495
대추,전남,순천시,순천,19.6,1.8,2.1,3,25,5.0,43.0,14978.0,ssp245,2048,24.0,4.4,위험,463
대추,전남,순천시,순천,19.6,1.8,2.1,3,25,5.0,43.0,14978.0,ssp245,2058,24.49,4.89,위험,430
대추,전남,순천시,순천,19.6,1.8,2.1,3,25,5.0,43.0,14978.0,ssp245,2068,24.85,5.25,위험,412
대추,전남,순천시,순천,19.6,1.8,2.1,3,25,5.0,43.0,14978.0,ssp245,2078,25.27,5.67,위험,377
대추,전남,순천시,순천,19.6,1.8,2.1,3,25,5.0,43.0,14978.0,ssp585,2028,23.17,3.57,위험,535
대추,전남,순천시,순천,19.6,1.8,2.1,3,25,5.0,43.0,14978.0,ssp585,2038,23.92,4.32,위험,477
대추,전남,순천시,순천,19.6,1.8,2.1,3,25,5.0,43.0,14978.0,ssp585,2048,24.73,5.13,위험,405
대추,전남,순천시,순천,19.6,1.8,2.1,3,25,5.0,43.0,14978.0,ssp585,2058,25.62,6.02,위험,343
대추,전남,순천시,순천,19.6,1.8,2.1,3,25,5.0,43.0,14978.0,ssp585,2068,26.53,6.93,위험,254
대추,전남,순천시,순천,19.6,1.8,2.1,3,25,5.0,43.0,14978.0,ssp585,2078,27.41,7.81,위험,178
대추,전북,완주군,완주,19.6,1.8,2.1,3,25,28.8,1905.0,20902.0,관측,2005,20.09,0.49,경고,1243
대추,전북,완주군,완주,19.6,1.8,2.1,3,25,28.8,1905.0,20902.0,ssp245,2028,21.86,2.26,위험,1046
대추,전북,완주군,완주,19.6,1.8,2.1,3,25,28.8,1905.0,20902.0,ssp245,2038,22.34,2.74,위험,992
대추,전북,완주군,완주,19.6,1.8,2.1,3,25,28.8,1905.0,20902.0,ssp245,2048,22.78,3.18,위험,946
대추,전북,완주군,완주,19.6,1.8,2.1,3,25,28.8,1905.0,20902.0,ssp245,2058,23.2,3.6,위험,906
대추,전북,완주군,완주,19.6,1.8,2.1,3,25,28.8,1905.0,20902.0,ssp245,2068,23.5,3.9,위험,873
대추,전북,완주군,완주,19.6,1.8,2.1,3,25,28.8,1905.0,20902.0,ssp245,2078,23.87,4.27,위험,821
대추,전북,완주군,완주,19.6,1.8,2.1,3,25,28.8,1905.0,20902.0,ssp585,2028,22.07,2.47,위험,1036
대추,전북,완주군,완주,19.6,1.8,2.1,3,25,28.8,1905.0,20902.0,ssp585,2038,22.72,3.12,위험,951
대추,전북,완주군,완주,19.6,1.8,2.1,3,25,28.8,1905.0,20902.0,ssp585,2048,23.44,3.84,위험,858
대추,전북,완주군,완주,19.6,1.8,2.1,3,25,28.8,1905.0,20902.0,ssp585,2058,24.22,4.62,위험,770
대추,전북,완주군,완주,19.6,1.8,2.1,3,25,28.8,1905.0,20902.0,ssp585,2068,25.03,5.43,위험,648
대추,전북,완주군,완주,19.6,1.8,2.1,3,25,28.8,1905.0,20902.0,ssp585,2078,25.82,6.22,위험,563
대추,경남,하동군,하동,19.6,1.8,2.1,3,25,1.1,1312.0,9639.0,관측,2005,21.0,1.4,경고,928
대추,경남,하동군,하동,19.6,1.8,2.1,3,25,1.1,1312.0,9639.0,ssp245,2028,22.81,3.21,위험,747
대추,경남,하동군,하동,19.6,1.8,2.1,3,25,1.1,1312.0,9639.0,ssp245,2038,23.3,3.7,위험,698
대추,경남,하동군,하동,19.6,1.8,2.1,3,25,1.1,1312.0,9639.0,ssp245,2048,23.76,4.16,위험,656
대추,경남,하동군,하동,19.6,1.8,2.1,3,25,1.1,1312.0,9639.0,ssp245,2058,24.21,4.61,위험,619
대추,경남,하동군,하동,19.6,1.8,2.1,3,25,1.1,1312.0,9639.0,ssp245,2068,24.54,4.94,위험,590
대추,경남,하동군,하동,19.6,1.8,2.1,3,25,1.1,1312.0,9639.0,ssp245,2078,24.92,5.32,위험,553
대추,경남,하동군,하동,19.6,1.8,2.1,3,25,1.1,1312.0,9639.0,ssp585,2028,23.01,3.41,위험,753
대추,경남,하동군,하동,19.6,1.8,2.1,3,25,1.1,1312.0,9639.0,ssp585,2038,23.68,4.08,위험,676
대추,경남,하동군,하동,19.6,1.8,2.1,3,25,1.1,1312.0,9639.0,ssp585,2048,24.43,4.83,위험,593
대추,경남,하동군,하동,19.6,1.8,2.1,3,25,1.1,1312.0,9639.0,ssp585,2058,25.26,5.66,위험,526
대추,경남,하동군,하동,19.6,1.8,2.1,3,25,1.1,1312.0,9639.0,ssp585,2068,26.11,6.51,위험,444
대추,경남,하동군,하동,19.6,1.8,2.1,3,25,1.1,1312.0,9639.0,ssp585,2078,26.94,7.34,위험,377
대추,경남,함양군,함양,19.6,1.8,2.1,3,25,2.3,896.0,19921.0,관측,2005,19.5,-0.1,적합,1231
대추,경남,함양군,함양,19.6,1.8,2.1,3,25,2.3,896.0,19921.0,ssp245,2028,21.32,1.72,경고,1034
대추,경남,함양군,함양,19.6,1.8,2.1,3,25,2.3,896.0,19921.0,ssp245,2038,21.81,2.21,위험,982
대추,경남,함양군,함양,19.6,1.8,2.1,3,25,2.3,896.0,19921.0,ssp245,2048,22.27,2.67,위험,937
대추,경남,함양군,함양,19.6,1.8,2.1,3,25,2.3,896.0,19921.0,ssp245,2058,22.71,3.11,위험,898
대추,경남,함양군,함양,19.6,1.8,2.1,3,25,2.3,896.0,19921.0,ssp245,2068,23.03,3.43,위험,868
대추,경남,함양군,함양,19.6,1.8,2.1,3,25,2.3,896.0,19921.0,ssp245,2078,23.4,3.8,위험,819
대추,경남,함양군,함양,19.6,1.8,2.1,3,25,2.3,896.0,19921.0,ssp585,2028,21.55,1.95,주의,1028
대추,경남,함양군,함양,19.6,1.8,2.1,3,25,2.3,896.0,19921.0,ssp585,2038,22.21,2.61,위험,947
대추,경남,함양군,함양,19.6,1.8,2.1,3,25,2.3,896.0,19921.0,ssp585,2048,22.96,3.36,위험,860
대추,경남,함양군,함양,19.6,1.8,2.1,3,25,2.3,896.0,19921.0,ssp585,2058,23.78,4.18,위험,775
대추,경남,함양군,함양,19.6,1.8,2.1,3,25,2.3,896.0,19921.0,ssp585,2068,24.63,5.03,위험,660
대추,경남,함양군,함양,19.6,1.8,2.1,3,25,2.3,896.0,19921.0,ssp585,2078,25.46,5.86,위험,568
대추,전남,장성군,장성,19.6,1.8,2.1,3,25,5.8,521.0,19485.0,관측,2005,19.74,0.14,경고,1117
대추,전남,장성군,장성,19.6,1.8,2.1,3,25,5.8,521.0,19485.0,ssp245,2028,21.82,2.22,위험,922
대추,전남,장성군,장성,19.6,1.8,2.1,3,25,5.8,521.0,19485.0,ssp245,2038,22.36,2.76,위험,872
대추,전남,장성군,장성,19.6,1.8,2.1,3,25,5.8,521.0,19485.0,ssp245,2048,22.87,3.27,위험,823
대추,전남,장성군,장성,19.6,1.8,2.1,3,25,5.8,521.0,19485.0,ssp245,2058,23.36,3.76,위험,780
대추,전남,장성군,장성,19.6,1.8,2.1,3,25,5.8,521.0,19485.0,ssp245,2068,23.73,4.13,위험,744
대추,전남,장성군,장성,19.6,1.8,2.1,3,25,5.8,521.0,19485.0,ssp245,2078,24.16,4.56,위험,691
대추,전남,장성군,장성,19.6,1.8,2.1,3,25,5.8,521.0,19485.0,ssp585,2028,21.99,2.39,위험,928
대추,전남,장성군,장성,19.6,1.8,2.1,3,25,5.8,521.0,19485.0,ssp585,2038,22.75,3.15,위험,843
대추,전남,장성군,장성,19.6,1.8,2.1,3,25,5.8,521.0,19485.0,ssp585,2048,23.56,3.96,위험,746
대추,전남,장성군,장성,19.6,1.8,2.1,3,25,5.8,521.0,19485.0,ssp585,2058,24.47,4.87,위험,658
대추,전남,장성군,장성,19.6,1.8,2.1,3,25,5.8,521.0,19485.0,ssp585,2068,25.44,5.84,위험,549
대추,전남,장성군,장성,19.6,1.8,2.1,3,25,5.8,521.0,19485.0,ssp585,2078,26.37,6.77,위험,464
대추,전남,구례군,구례,19.6,1.8,2.1,3,25,3.9,3037.0,15244.0,관측,2005,20.3,0.7,경고,1156
대추,전남,구례군,구례,19.6,1.8,2.1,3,25,3.9,3037.0,15244.0,ssp245,2028,22.19,2.59,위험,955
대추,전남,구례군,구례,19.6,1.8,2.1,3,25,3.9,3037.0,15244.0,ssp245,2038,22.71,3.11,위험,902
대추,전남,구례군,구례,19.6,1.8,2.1,3,25,3.9,3037.0,15244.0,ssp245,2048,23.18,3.58,위험,858
대추,전남,구례군,구례,19.6,1.8,2.1,3,25,3.9,3037.0,15244.0,ssp245,2058,23.64,4.04,위험,818
대추,전남,구례군,구례,19.6,1.8,2.1,3,25,3.9,3037.0,15244.0,ssp245,2068,23.98,4.38,위험,785
대추,전남,구례군,구례,19.6,1.8,2.1,3,25,3.9,3037.0,15244.0,ssp245,2078,24.38,4.78,위험,734
대추,전남,구례군,구례,19.6,1.8,2.1,3,25,3.9,3037.0,15244.0,ssp585,2028,22.41,2.81,위험,959
대추,전남,구례군,구례,19.6,1.8,2.1,3,25,3.9,3037.0,15244.0,ssp585,2038,23.11,3.51,위험,875
대추,전남,구례군,구례,19.6,1.8,2.1,3,25,3.9,3037.0,15244.0,ssp585,2048,23.88,4.28,위험,784
대추,전남,구례군,구례,19.6,1.8,2.1,3,25,3.9,3037.0,15244.0,ssp585,2058,24.73,5.13,위험,698
대추,전남,구례군,구례,19.6,1.8,2.1,3,25,3.9,3037.0,15244.0,ssp585,2068,25.61,6.01,위험,580
대추,전남,구례군,구례,19.6,1.8,2.1,3,25,3.9,3037.0,15244.0,ssp585,2078,26.46,6.86,위험,497
대추,전남,곡성군,곡성,19.6,1.8,2.1,3,25,5.0,651.0,24603.0,관측,2005,19.93,0.33,경고,1177
대추,전남,곡성군,곡성,19.6,1.8,2.1,3,25,5.0,651.0,24603.0,ssp245,2028,21.89,2.29,위험,983
대추,전남,곡성군,곡성,19.6,1.8,2.1,3,25,5.0,651.0,24603.0,ssp245,2038,22.43,2.83,위험,930
대추,전남,곡성군,곡성,19.6,1.8,2.1,3,25,5.0,651.0,24603.0,ssp245,2048,22.91,3.31,위험,885
대추,전남,곡성군,곡성,19.6,1.8,2.1,3,25,5.0,651.0,24603.0,ssp245,2058,23.39,3.79,위험,845
대추,전남,곡성군,곡성,19.6,1.8,2.1,3,25,5.0,651.0,24603.0,ssp245,2068,23.74,4.14,위험,812
대추,전남,곡성군,곡성,19.6,1.8,2.1,3,25,5.0,651.0,24603.0,ssp245,2078,24.15,4.55,위험,759
대추,전남,곡성군,곡성,19.6,1.8,2.1,3,25,5.0,651.0,24603.0,ssp585,2028,22.12,2.52,위험,969
대추,전남,곡성군,곡성,19.6,1.8,2.1,3,25,5.0,651.0,24603.0,ssp585,2038,22.84,3.24,위험,886
대추,전남,곡성군,곡성,19.6,1.8,2.1,3,25,5.0,651.0,24603.0,ssp585,2048,23.64,4.04,위험,792
대추,전남,곡성군,곡성,19.6,1.8,2.1,3,25,5.0,651.0,24603.0,ssp585,2058,24.5,4.9,위험,706
대추,전남,곡성군,곡성,19.6,1.8,2.1,3,25,5.0,651.0,24603.0,ssp585,2068,25.4,5.8,위험,586
대추,전남,곡성군,곡성,19.6,1.8,2.1,3,25,5.0,651.0,24603.0,ssp585,2078,26.26,6.66,위험,509
대추,경남,진주시,진주,19.6,1.8,2.1,3,25,11.1,755.0,11305.0,관측,2005,20.04,0.44,경고,1199
대추,경남,진주시,진주,19.6,1.8,2.1,3,25,11.1,755.0,11305.0,ssp245,2028,21.82,2.22,위험,1032
대추,경남,진주시,진주,19.6,1.8,2.1,3,25,11.1,755.0,11305.0,ssp245,2038,22.33,2.73,위험,988
대추,경남,진주시,진주,19.6,1.8,2.1,3,25,11.1,755.0,11305.0,ssp245,2048,22.78,3.18,위험,947
대추,경남,진주시,진주,19.6,1.8,2.1,3,25,11.1,755.0,11305.0,ssp245,2058,23.21,3.61,위험,912
대추,경남,진주시,진주,19.6,1.8,2.1,3,25,11.1,755.0,11305.0,ssp245,2068,23.54,3.94,위험,884
대추,경남,진주시,진주,19.6,1.8,2.1,3,25,11.1,755.0,11305.0,ssp245,2078,23.91,4.31,위험,838
대추,경남,진주시,진주,19.6,1.8,2.1,3,25,11.1,755.0,11305.0,ssp585,2028,22.05,2.45,위험,1034
대추,경남,진주시,진주,19.6,1.8,2.1,3,25,11.1,755.0,11305.0,ssp585,2038,22.7,3.1,위험,962
대추,경남,진주시,진주,19.6,1.8,2.1,3,25,11.1,755.0,11305.0,ssp585,2048,23.44,3.84,위험,881
대추,경남,진주시,진주,19.6,1.8,2.1,3,25,11.1,755.0,11305.0,ssp585,2058,24.27,4.67,위험,803
대추,경남,진주시,진주,19.6,1.8,2.1,3,25,11.1,755.0,11305.0,ssp585,2068,25.11,5.51,위험,691
대추,경남,진주시,진주,19.6,1.8,2.1,3,25,11.1,755.0,11305.0,ssp585,2078,25.94,6.34,위험,607
대추,경북,구미시,구미,19.6,1.8,2.1,3,25,16.8,576.0,8829.0,관측,2005,20.03,0.43,경고,1190
대추,경북,구미시,구미,19.6,1.8,2.1,3,25,16.8,576.0,8829.0,ssp245,2028,21.71,2.11,위험,1024
대추,경북,구미시,구미,19.6,1.8,2.1,3,25,16.8,576.0,8829.0,ssp245,2038,22.16,2.56,위험,982
대추,경북,구미시,구미,19.6,1.8,2.1,3,25,16.8,576.0,8829.0,ssp245,2048,22.58,2.98,위험,943
대추,경북,구미시,구미,19.6,1.8,2.1,3,25,16.8,576.0,8829.0,ssp245,2058,22.97,3.37,위험,908
대추,경북,구미시,구미,19.6,1.8,2.1,3,25,16.8,576.0,8829.0,ssp245,2068,23.26,3.66,위험,879
대추,경북,구미시,구미,19.6,1.8,2.1,3,25,16.8,576.0,8829.0,ssp245,2078,23.6,4.0,위험,837
대추,경북,구미시,구미,19.6,1.8,2.1,3,25,16.8,576.0,8829.0,ssp585,2028,21.89,2.29,위험,1023
대추,경북,구미시,구미,19.6,1.8,2.1,3,25,16.8,576.0,8829.0,ssp585,2038,22.49,2.89,위험,951
대추,경북,구미시,구미,19.6,1.8,2.1,3,25,16.8,576.0,8829.0,ssp585,2048,23.16,3.56,위험,875
대추,경북,구미시,구미,19.6,1.8,2.1,3,25,16.8,576.0,8829.0,ssp585,2058,23.9,4.3,위험,800
대추,경북,구미시,구미,19.6,1.8,2.1,3,25,16.8,576.0,8829.0,ssp585,2068,24.69,5.09,위험,694
대추,경북,구미시,구미,19.6,1.8,2.1,3,25,16.8,576.0,8829.0,ssp585,2078,25.48,5.88,위험,606
대추,경남,밀양시,밀양,19.6,1.8,2.1,3,25,160.0,3313.0,7734.0,관측,2005,20.31,0.71,경고,1184
대추,경남,밀양시,밀양,19.6,1.8,2.1,3,25,160.0,3313.0,7734.0,ssp245,2028,22.5,2.9,위험,988
대추,경남,밀양시,밀양,19.6,1.8,2.1,3,25,160.0,3313.0,7734.0,ssp245,2038,23.1,3.5,위험,940
대추,경남,밀양시,밀양,19.6,1.8,2.1,3,25,160.0,3313.0,7734.0,ssp245,2048,23.62,4.02,위험,892
대추,경남,밀양시,밀양,19.6,1.8,2.1,3,25,160.0,3313.0,7734.0,ssp245,2058,24.15,4.55,위험,851
대추,경남,밀양시,밀양,19.6,1.8,2.1,3,25,160.0,3313.0,7734.0,ssp245,2068,24.54,4.94,위험,821
대추,경남,밀양시,밀양,19.6,1.8,2.1,3,25,160.0,3313.0,7734.0,ssp245,2078,24.99,5.39,위험,772
대추,경남,밀양시,밀양,19.6,1.8,2.1,3,25,160.0,3313.0,7734.0,ssp585,2028,22.71,3.11,위험,995
대추,경남,밀양시,밀양,19.6,1.8,2.1,3,25,160.0,3313.0,7734.0,ssp585,2038,23.53,3.93,위험,912
대추,경남,밀양시,밀양,19.6,1.8,2.1,3,25,160.0,3313.0,7734.0,ssp585,2048,24.43,4.83,위험,823
대추,경남,밀양시,밀양,19.6,1.8,2.1,3,25,160.0,3313.0,7734.0,ssp585,2058,25.42,5.82,위험,734
대추,경남,밀양시,밀양,19.6,1.8,2.1,3,25,160.0,3313.0,7734.0,ssp585,2068,26.41,6.81,위험,609
대추,경남,밀양시,밀양,19.6,1.8,2.1,3,25,160.0,3313.0,7734.0,ssp585,2078,27.37,7.77,위험,529
대추,경북,의성군,의성,19.6,1.8,2.1,3,25,34.2,5806.0,8874.0,관측,2005,18.97,-0.63,적합,1644
대추,경북,의성군,의성,19.6,1.8,2.1,3,25,34.2,5806.0,8874.0,ssp245,2028,20.78,1.18,경고,1456
대추,경북,의성군,의성,19.6,1.8,2.1,3,25,34.2,5806.0,8874.0,ssp245,2038,21.23,1.63,경고,1411
대추,경북,의성군,의성,19.6,1.8,2.1,3,25,34.2,5806.0,8874.0,ssp245,2048,21.67,2.07,주의,1367
대추,경북,의성군,의성,19.6,1.8,2.1,3,25,34.2,5806.0,8874.0,ssp245,2058,22.09,2.49,위험,1327
대추,경북,의성군,의성,19.6,1.8,2.1,3,25,34.2,5806.0,8874.0,ssp245,2068,22.4,2.8,위험,1292
대추,경북,의성군,의성,19.6,1.8,2.1,3,25,34.2,5806.0,8874.0,ssp245,2078,22.77,3.17,위험,1247
대추,경북,의성군,의성,19.6,1.8,2.1,3,25,34.2,5806.0,8874.0,ssp585,2028,20.93,1.33,경고,1460
대추,경북,의성군,의성,19.6,1.8,2.1,3,25,34.2,5806.0,8874.0,ssp585,2038,21.58,1.98,주의,1379
대추,경북,의성군,의성,19.6,1.8,2.1,3,25,34.2,5806.0,8874.0,ssp585,2048,22.28,2.68,위험,1294
대추,경북,의성군,의성,19.6,1.8,2.1,3,25,34.2,5806.0,8874.0,ssp585,2058,23.08,3.48,위험,1208
대추,경북,의성군,의성,19.6,1.8,2.1,3,25,34.2,5806.0,8874.0,ssp585,2068,23.93,4.33,위험,1090
대추,경북,의성군,의성,19.6,1.8,2.1,3,25,34.2,5806.0,8874.0,ssp585,2078,24.78,5.18,위험,987
대추,경남,함안군,함안,19.6,1.8,2.1,3,25,3.5,548.0,10126.0,관측,2005,20.11,0.51,경고,1350
대추,경남,함안군,함안,19.6,1.8,2.1,3,25,3.5,548.0,10126.0,ssp245,2028,22.0,2.4,위험,1180
대추,경남,함안군,함안,19.6,1.8,2.1,3,25,3.5,548.0,10126.0,ssp245,2038,22.53,2.93,위험,1135
대추,경남,함안군,함안,19.6,1.8,2.1,3,25,3.5,548.0,10126.0,ssp245,2048,23.01,3.41,위험,1092
대추,경남,함안군,함안,19.6,1.8,2.1,3,25,3.5,548.0,10126.0,ssp245,2058,23.47,3.87,위험,1055
대추,경남,함안군,함안,19.6,1.8,2.1,3,25,3.5,548.0,10126.0,ssp245,2068,23.83,4.23,위험,1027
대추,경남,함안군,함안,19.6,1.8,2.1,3,25,3.5,548.0,10126.0,ssp245,2078,24.22,4.62,위험,980
대추,경남,함안군,함안,19.6,1.8,2.1,3,25,3.5,548.0,10126.0,ssp585,2028,22.19,2.59,위험,1188
대추,경남,함안군,함안,19.6,1.8,2.1,3,25,3.5,548.0,10126.0,ssp585,2038,22.89,3.29,위험,1113
대추,경남,함안군,함안,19.6,1.8,2.1,3,25,3.5,548.0,10126.0,ssp585,2048,23.68,4.08,위험,1031
대추,경남,함안군,함안,19.6,1.8,2.1,3,25,3.5,548.0,10126.0,ssp585,2058,24.56,4.96,위험,950
대추,경남,함안군,함안,19.6,1.8,2.1,3,25,3.5,548.0,10126.0,ssp585,2068,25.46,5.86,위험,832
대추,경남,함안군,함안,19.6,1.8,2.1,3,25,3.5,548.0,10126.0,ssp585,2078,26.35,6.75,위험,731
대추,경북,김천시,김천,19.6,1.8,2.1,3,25,8.2,892.0,8969.0,관측,2005,19.89,0.29,경고,1337
대추,경북,김천시,김천,19.6,1.8,2.1,3,25,8.2,892.0,8969.0,ssp245,2028,21.58,1.98,주의,1164
대추,경북,김천시,김천,19.6,1.8,2.1,3,25,8.2,892.0,8969.0,ssp245,2038,22.04,2.44,위험,1120
대추,경북,김천시,김천,19.6,1.8,2.1,3,25,8.2,892.0,8969.0,ssp245,2048,22.47,2.87,위험,1080
대추,경북,김천시,김천,19.6,1.8,2.1,3,25,8.2,892.0,8969.0,ssp245,2058,22.86,3.26,위험,1045
대추,경북,김천시,김천,19.6,1.8,2.1,3,25,8.2,892.0,8969.0,ssp245,2068,23.16,3.56,위험,1016
대추,경북,김천시,김천,19.6,1.8,2.1,3,25,8.2,892.0,8969.0,ssp245,2078,23.5,3.9,위험,973
대추,경북,김천시,김천,19.6,1.8,2.1,3,25,8.2,892.0,8969.0,ssp585,2028,21.78,2.18,위험,1164
대추,경북,김천시,김천,19.6,1.8,2.1,3,25,8.2,892.0,8969.0,ssp585,2038,22.39,2.79,위험,1090
대추,경북,김천시,김천,19.6,1.8,2.1,3,25,8.2,892.0,8969.0,ssp585,2048,23.08,3.48,위험,1013
대추,경북,김천시,김천,19.6,1.8,2.1,3,25,8.2,892.0,8969.0,ssp585,2058,23.84,4.24,위험,936
대추,경북,김천시,김천,19.6,1.8,2.1,3,25,8.2,892.0,8969.0,ssp585,2068,24.62,5.02,위험,830
대추,경북,김천시,김천,19.6,1.8,2.1,3,25,8.2,892.0,8969.0,ssp585,2078,25.42,5.82,위험,743
대추,충남,논산시,논산,19.6,1.8,2.1,3,25,26.3,646.0,11471.0,관측,2005,19.76,0.16,경고,1340
대추,충남,논산시,논산,19.6,1.8,2.1,3,25,26.3,646.0,11471.0,ssp245,2028,21.51,1.91,주의,1153
대추,충남,논산시,논산,19.6,1.8,2.1,3,25,26.3,646.0,11471.0,ssp245,2038,21.97,2.37,위험,1102
대추,충남,논산시,논산,19.6,1.8,2.1,3,25,26.3,646.0,11471.0,ssp245,2048,22.42,2.82,위험,1058
대추,충남,논산시,논산,19.6,1.8,2.1,3,25,26.3,646.0,11471.0,ssp245,2058,22.83,3.23,위험,1020
대추,충남,논산시,논산,19.6,1.8,2.1,3,25,26.3,646.0,11471.0,ssp245,2068,23.13,3.53,위험,987
대추,충남,논산시,논산,19.6,1.8,2.1,3,25,26.3,646.0,11471.0,ssp245,2078,23.5,3.9,위험,936
대추,충남,논산시,논산,19.6,1.8,2.1,3,25,26.3,646.0,11471.0,ssp585,2028,21.71,2.11,위험,1143
대추,충남,논산시,논산,19.6,1.8,2.1,3,25,26.3,646.0,11471.0,ssp585,2038,22.35,2.75,위험,1061
대추,충남,논산시,논산,19.6,1.8,2.1,3,25,26.3,646.0,11471.0,ssp585,2048,23.05,3.45,위험,972
대추,충남,논산시,논산,19.6,1.8,2.1,3,25,26.3,646.0,11471.0,ssp585,2058,23.81,4.21,위험,888
대추,충남,논산시,논산,19.6,1.8,2.1,3,25,26.3,646.0,11471.0,ssp585,2068,24.63,5.03,위험,770
대추,충남,논산시,논산,19.6,1.8,2.1,3,25,26.3,646.0,11471.0,ssp585,2078,25.45,5.85,위험,668
대추,전북,순창군,순창,19.6,1.8,2.1,3,25,11.6,159.0,10001.0,관측,2005,19.84,0.24,경고,1242
대추,전북,순창군,순창,19.6,1.8,2.1,3,25,11.6,159.0,10001.0,ssp245,2028,21.95,2.35,위험,1033
대추,전북,순창군,순창,19.6,1.8,2.1,3,25,11.6,159.0,10001.0,ssp245,2038,22.52,2.92,위험,977
대추,전북,순창군,순창,19.6,1.8,2.1,3,25,11.6,159.0,10001.0,ssp245,2048,23.04,3.44,위험,927
대추,전북,순창군,순창,19.6,1.8,2.1,3,25,11.6,159.0,10001.0,ssp245,2058,23.55,3.95,위험,885
대추,전북,순창군,순창,19.6,1.8,2.1,3,25,11.6,159.0,10001.0,ssp245,2068,23.92,4.32,위험,849
대추,전북,순창군,순창,19.6,1.8,2.1,3,25,11.6,159.0,10001.0,ssp245,2078,24.36,4.76,위험,792
대추,전북,순창군,순창,19.6,1.8,2.1,3,25,11.6,159.0,10001.0,ssp585,2028,22.18,2.58,위험,1002
대추,전북,순창군,순창,19.6,1.8,2.1,3,25,11.6,159.0,10001.0,ssp585,2038,22.96,3.36,위험,914
대추,전북,순창군,순창,19.6,1.8,2.1,3,25,11.6,159.0,10001.0,ssp585,2048,23.81,4.21,위험,813
대추,전북,순창군,순창,19.6,1.8,2.1,3,25,11.6,159.0,10001.0,ssp585,2058,24.74,5.14,위험,719
대추,전북,순창군,순창,19.6,1.8,2.1,3,25,11.6,159.0,10001.0,ssp585,2068,25.71,6.11,위험,604
대추,전북,순창군,순창,19.6,1.8,2.1,3,25,11.6,159.0,10001.0,ssp585,2078,26.63,7.03,위험,519
대추,전남,나주시,나주,19.6,1.8,2.1,3,25,5.9,151.0,12805.0,관측,2005,20.36,0.76,경고,1056
대추,전남,나주시,나주,19.6,1.8,2.1,3,25,5.9,151.0,12805.0,ssp245,2028,22.31,2.71,위험,881
대추,전남,나주시,나주,19.6,1.8,2.1,3,25,5.9,151.0,12805.0,ssp245,2038,22.81,3.21,위험,836
대추,전남,나주시,나주,19.6,1.8,2.1,3,25,5.9,151.0,12805.0,ssp245,2048,23.3,3.7,위험,791
대추,전남,나주시,나주,19.6,1.8,2.1,3,25,5.9,151.0,12805.0,ssp245,2058,23.75,4.15,위험,751
대추,전남,나주시,나주,19.6,1.8,2.1,3,25,5.9,151.0,12805.0,ssp245,2068,24.12,4.52,위험,718
대추,전남,나주시,나주,19.6,1.8,2.1,3,25,5.9,151.0,12805.0,ssp245,2078,24.53,4.93,위험,669
대추,전남,나주시,나주,19.6,1.8,2.1,3,25,5.9,151.0,12805.0,ssp585,2028,22.46,2.86,위험,886
대추,전남,나주시,나주,19.6,1.8,2.1,3,25,5.9,151.0,12805.0,ssp585,2038,23.19,3.59,위험,809
대추,전남,나주시,나주,19.6,1.8,2.1,3,25,5.9,151.0,12805.0,ssp585,2048,23.96,4.36,위험,720
대추,전남,나주시,나주,19.6,1.8,2.1,3,25,5.9,151.0,12805.0,ssp585,2058,24.82,5.22,위험,639
대추,전남,나주시,나주,19.6,1.8,2.1,3,25,5.9,151.0,12805.0,ssp585,2068,25.73,6.13,위험,540
대추,전남,나주시,나주,19.6,1.8,2.1,3,25,5.9,151.0,12805.0,ssp585,2078,26.62,7.02,위험,463
대추,경북,예천군,예천,19.6,1.8,2.1,3,25,29.0,791.0,12118.0,관측,2005,18.99,-0.61,적합,1467
대추,경북,예천군,예천,19.6,1.8,2.1,3,25,29.0,791.0,12118.0,ssp245,2028,20.64,1.04,경고,1285
대추,경북,예천군,예천,19.6,1.8,2.1,3,25,29.0,791.0,12118.0,ssp245,2038,21.06,1.46,경고,1242
대추,경북,예천군,예천,19.6,1.8,2.1,3,25,29.0,791.0,12118.0,ssp245,2048,21.46,1.86,주의,1200
대추,경북,예천군,예천,19.6,1.8,2.1,3,25,29.0,791.0,12118.0,ssp245,2058,21.85,2.25,위험,1161
대추,경북,예천군,예천,19.6,1.8,2.1,3,25,29.0,791.0,12118.0,ssp245,2068,22.13,2.53,위험,1127
대추,경북,예천군,예천,19.6,1.8,2.1,3,25,29.0,791.0,12118.0,ssp245,2078,22.47,2.87,위험,1083
대추,경북,예천군,예천,19.6,1.8,2.1,3,25,29.0,791.0,12118.0,ssp585,2028,20.81,1.21,경고,1286
대추,경북,예천군,예천,19.6,1.8,2.1,3,25,29.0,791.0,12118.0,ssp585,2038,21.39,1.79,경고,1210
대추,경북,예천군,예천,19.6,1.8,2.1,3,25,29.0,791.0,12118.0,ssp585,2048,22.02,2.42,위험,1127
대추,경북,예천군,예천,19.6,1.8,2.1,3,25,29.0,791.0,12118.0,ssp585,2058,22.76,3.16,위험,1046
대추,경북,예천군,예천,19.6,1.8,2.1,3,25,29.0,791.0,12118.0,ssp585,2068,23.54,3.94,위험,936
대추,경북,예천군,예천,19.6,1.8,2.1,3,25,29.0,791.0,12118.0,ssp585,2078,24.33,4.73,위험,841
대추,경북,문경시,문경,19.6,1.8,2.1,3,25,9.4,523.0,11277.0,관측,2005,18.73,-0.87,적합,1307
대추,경북,문경시,문경,19.6,1.8,2.1,3,25,9.4,523.0,11277.0,ssp245,2028,20.32,0.72,경고,1106
대추,경북,문경시,문경,19.6,1.8,2.1,3,25,9.4,523.0,11277.0,ssp245,2038,20.73,1.13,경고,1059
대추,경북,문경시,문경,19.6,1.8,2.1,3,25,9.4,523.0,11277.0,ssp245,2048,21.12,1.52,경고,1015
대추,경북,문경시,문경,19.6,1.8,2.1,3,25,9.4,523.0,11277.0,ssp245,2058,21.5,1.9,주의,973
대추,경북,문경시,문경,19.6,1.8,2.1,3,25,9.4,523.0,11277.0,ssp245,2068,21.78,2.18,위험,938
대추,경북,문경시,문경,19.6,1.8,2.1,3,25,9.4,523.0,11277.0,ssp245,2078,22.11,2.51,위험,892
대추,경북,문경시,문경,19.6,1.8,2.1,3,25,9.4,523.0,11277.0,ssp585,2028,20.5,0.9,경고,1108
대추,경북,문경시,문경,19.6,1.8,2.1,3,25,9.4,523.0,11277.0,ssp585,2038,21.06,1.46,경고,1027
대추,경북,문경시,문경,19.6,1.8,2.1,3,25,9.4,523.0,11277.0,ssp585,2048,21.68,2.08,주의,939
대추,경북,문경시,문경,19.6,1.8,2.1,3,25,9.4,523.0,11277.0,ssp585,2058,22.41,2.81,위험,855
대추,경북,문경시,문경,19.6,1.8,2.1,3,25,9.4,523.0,11277.0,ssp585,2068,23.18,3.58,위험,742
대추,경북,문경시,문경,19.6,1.8,2.1,3,25,9.4,523.0,11277.0,ssp585,2078,23.95,4.35,위험,650
대추,충북,옥천군,옥천,19.6,1.8,2.1,3,25,18.1,1551.0,13081.0,관측,2005,19.36,-0.24,적합,1379
대추,충북,옥천군,옥천,19.6,1.8,2.1,3,25,18.1,1551.0,13081.0,ssp245,2028,20.89,1.29,경고,1201
대추,충북,옥천군,옥천,19.6,1.8,2.1,3,25,18.1,1551.0,13081.0,ssp245,2038,21.28,1.68,경고,1155
대추,충북,옥천군,옥천,19.6,1.8,2.1,3,25,18.1,1551.0,13081.0,ssp245,2048,21.66,2.06,주의,1116
대추,충북,옥천군,옥천,19.6,1.8,2.1,3,25,18.1,1551.0,13081.0,ssp245,2058,22.02,2.42,위험,1079
대추,충북,옥천군,옥천,19.6,1.8,2.1,3,25,18.1,1551.0,13081.0,ssp245,2068,22.3,2.7,위험,1046
대추,충북,옥천군,옥천,19.6,1.8,2.1,3,25,18.1,1551.0,13081.0,ssp245,2078,22.61,3.01,위험,1003
대추,충북,옥천군,옥천,19.6,1.8,2.1,3,25,18.1,1551.0,13081.0,ssp585,2028,21.05,1.45,경고,1196
대추,충북,옥천군,옥천,19.6,1.8,2.1,3,25,18.1,1551.0,13081.0,ssp585,2038,21.62,2.02,주의,1120
대추,충북,옥천군,옥천,19.6,1.8,2.1,3,25,18.1,1551.0,13081.0,ssp585,2048,22.22,2.62,위험,1038
대추,충북,옥천군,옥천,19.6,1.8,2.1,3,25,18.1,1551.0,13081.0,ssp585,2058,22.92,3.32,위험,959
대추,충북,옥천군,옥천,19.6,1.8,2.1,3,25,18.1,1551.0,13081.0,ssp585,2068,23.66,4.06,위험,854
대추,충북,옥천군,옥천,19.6,1.8,2.1,3,25,18.1,1551.0,13081.0,ssp585,2078,24.41,4.81,위험,763
대추,충북,보은군,보은,19.6,1.8,2.1,3,25,369.1,3358.0,17317.0,관측,2005,18.37,-1.23,적합,1520
대추,충북,보은군,보은,19.6,1.8,2.1,3,25,369.1,3358.0,17317.0,ssp245,2028,19.9,0.3,경고,1328
대추,충북,보은군,보은,19.6,1.8,2.1,3,25,369.1,3358.0,17317.0,ssp245,2038,20.29,0.69,경고,1281
대추,충북,보은군,보은,19.6,1.8,2.1,3,25,369.1,3358.0,17317.0,ssp245,2048,20.66,1.06,경고,1238
대추,충북,보은군,보은,19.6,1.8,2.1,3,25,369.1,3358.0,17317.0,ssp245,2058,21.02,1.42,경고,1198
대추,충북,보은군,보은,19.6,1.8,2.1,3,25,369.1,3358.0,17317.0,ssp245,2068,21.3,1.7,경고,1164
대추,충북,보은군,보은,19.6,1.8,2.1,3,25,369.1,3358.0,17317.0,ssp245,2078,21.61,2.01,주의,1119
대추,충북,보은군,보은,19.6,1.8,2.1,3,25,369.1,3358.0,17317.0,ssp585,2028,20.08,0.48,경고,1321
대추,충북,보은군,보은,19.6,1.8,2.1,3,25,369.1,3358.0,17317.0,ssp585,2038,20.63,1.03,경고,1242
대추,충북,보은군,보은,19.6,1.8,2.1,3,25,369.1,3358.0,17317.0,ssp585,2048,21.23,1.63,경고,1157
대추,충북,보은군,보은,19.6,1.8,2.1,3,25,369.1,3358.0,17317.0,ssp585,2058,21.93,2.33,위험,1074
대추,충북,보은군,보은,19.6,1.8,2.1,3,25,369.1,3358.0,17317.0,ssp585,2068,22.67,3.07,위험,964
대추,충북,보은군,보은,19.6,1.8,2.1,3,25,369.1,3358.0,17317.0,ssp585,2078,23.43,3.83,위험,872
대추,경남,의령군,의령,19.6,1.8,2.1,3,25,1.6,425.0,9233.0,관측,2005,19.9,0.3,경고,1251
대추,경남,의령군,의령,19.6,1.8,2.1,3,25,1.6,425.0,9233.0,ssp245,2028,21.74,2.14,위험,1081
대추,경남,의령군,의령,19.6,1.8,2.1,3,25,1.6,425.0,9233.0,ssp245,2038,22.26,2.66,위험,1037
대추,경남,의령군,의령,19.6,1.8,2.1,3,25,1.6,425.0,9233.0,ssp245,2048,22.72,3.12,위험,995
대추,경남,의령군,의령,19.6,1.8,2.1,3,25,1.6,425.0,9233.0,ssp245,2058,23.17,3.57,위험,960
대추,경남,의령군,의령,19.6,1.8,2.1,3,25,1.6,425.0,9233.0,ssp245,2068,23.5,3.9,위험,932
대추,경남,의령군,의령,19.6,1.8,2.1,3,25,1.6,425.0,9233.0,ssp245,2078,23.88,4.28,위험,887
대추,경남,의령군,의령,19.6,1.8,2.1,3,25,1.6,425.0,9233.0,ssp585,2028,21.96,2.36,위험,1085
대추,경남,의령군,의령,19.6,1.8,2.1,3,25,1.6,425.0,9233.0,ssp585,2038,22.63,3.03,위험,1012
대추,경남,의령군,의령,19.6,1.8,2.1,3,25,1.6,425.0,9233.0,ssp585,2048,23.39,3.79,위험,931
대추,경남,의령군,의령,19.6,1.8,2.1,3,25,1.6,425.0,9233.0,ssp585,2058,24.24,4.64,위험,853
대추,경남,의령군,의령,19.6,1.8,2.1,3,25,1.6,425.0,9233.0,ssp585,2068,25.1,5.5,위험,740
대추,경남,의령군,의령,19.6,1.8,2.1,3,25,1.6,425.0,9233.0,ssp585,2078,25.94,6.34,위험,665
대추,전북,정읍시,정읍,19.6,1.8,2.1,3,25,14.9,925.0,11028.0,관측,2005,20.13,0.53,경고,1041
대추,전북,정읍시,정읍,19.6,1.8,2.1,3,25,14.9,925.0,11028.0,ssp245,2028,22.0,2.4,위험,851
대추,전북,정읍시,정읍,19.6,1.8,2.1,3,25,14.9,925.0,11028.0,ssp245,2038,22.5,2.9,위험,801
대추,전북,정읍시,정읍,19.6,1.8,2.1,3,25,14.9,925.0,11028.0,ssp245,2048,22.96,3.36,위험,754
대추,전북,정읍시,정읍,19.6,1.8,2.1,3,25,14.9,925.0,11028.0,ssp245,2058,23.4,3.8,위험,714
대추,전북,정읍시,정읍,19.6,1.8,2.1,3,25,14.9,925.0,11028.0,ssp245,2068,23.73,4.13,위험,680
대추,전북,정읍시,정읍,19.6,1.8,2.1,3,25,14.9,925.0,11028.0,ssp245,2078,24.12,4.52,위험,635
대추,전북,정읍시,정읍,19.6,1.8,2.1,3,25,14.9,925.0,11028.0,ssp585,2028,22.18,2.58,위험,840
대추,전북,정읍시,정읍,19.6,1.8,2.1,3,25,14.9,925.0,11028.0,ssp585,2038,22.86,3.26,위험,758
대추,전북,정읍시,정읍,19.6,1.8,2.1,3,25,14.9,925.0,11028.0,ssp585,2048,23.61,4.01,위험,666
대추,전북,정읍시,정읍,19.6,1.8,2.1,3,25,14.9,925.0,11028.0,ssp585,2058,24.44,4.84,위험,593
대추,전북,정읍시,정읍,19.6,1.8,2.1,3,25,14.9,925.0,11028.0,ssp585,2068,25.32,5.72,위험,500
대추,전북,정읍시,정읍,19.6,1.8,2.1,3,25,14.9,925.0,11028.0,ssp585,2078,26.16,6.56,위험,420
대추,충남,부여군,부여,19.6,1.8,2.1,3,25,104.7,1132.0,17573.0,관측,2005,19.57,-0.03,적합,1306
대추,충남,부여군,부여,19.6,1.8,2.1,3,25,104.7,1132.0,17573.0,ssp245,2028,21.42,1.82,주의,1114
대추,충남,부여군,부여,19.6,1.8,2.1,3,25,104.7,1132.0,17573.0,ssp245,2038,21.91,2.31,위험,1061
대추,충남,부여군,부여,19.6,1.8,2.1,3,25,104.7,1132.0,17573.0,ssp245,2048,22.36,2.76,위험,1015
대추,충남,부여군,부여,19.6,1.8,2.1,3,25,104.7,1132.0,17573.0,ssp245,2058,22.79,3.19,위험,977
대추,충남,부여군,부여,19.6,1.8,2.1,3,25,104.7,1132.0,17573.0,ssp245,2068,23.11,3.51,위험,942
대추,충남,부여군,부여,19.6,1.8,2.1,3,25,104.7,1132.0,17573.0,ssp245,2078,23.5,3.9,위험,891
대추,충남,부여군,부여,19.6,1.8,2.1,3,25,104.7,1132.0,17573.0,ssp585,2028,21.6,2.0,주의,1114
대추,충남,부여군,부여,19.6,1.8,2.1,3,25,104.7,1132.0,17573.0,ssp585,2038,22.27,2.67,위험,1029
대추,충남,부여군,부여,19.6,1.8,2.1,3,25,104.7,1132.0,17573.0,ssp585,2048,23.0,3.4,위험,937
대추,충남,부여군,부여,19.6,1.8,2.1,3,25,104.7,1132.0,17573.0,ssp585,2058,23.8,4.2,위험,856
대추,충남,부여군,부여,19.6,1.8,2.1,3,25,104.7,1132.0,17573.0,ssp585,2068,24.66,5.06,위험,732
대추,충남,부여군,부여,19.6,1.8,2.1,3,25,104.7,1132.0,17573.0,ssp585,2078,25.5,5.9,위험,625
대추,전북,부안군,부안,19.6,1.8,2.1,3,25,3.3,7.0,19248.0,관측,2005,19.63,0.03,경고,1057
대추,전북,부안군,부안,19.6,1.8,2.1,3,25,3.3,7.0,19248.0,ssp245,2028,21.39,1.79,경고,873
대추,전북,부안군,부안,19.6,1.8,2.1,3,25,3.3,7.0,19248.0,ssp245,2038,21.86,2.26,위험,826
대추,전북,부안군,부안,19.6,1.8,2.1,3,25,3.3,7.0,19248.0,ssp245,2048,22.3,2.7,위험,780
대추,전북,부안군,부안,19.6,1.8,2.1,3,25,3.3,7.0,19248.0,ssp245,2058,22.71,3.11,위험,741
대추,전북,부안군,부안,19.6,1.8,2.1,3,25,3.3,7.0,19248.0,ssp245,2068,23.02,3.42,위험,709
대추,전북,부안군,부안,19.6,1.8,2.1,3,25,3.3,7.0,19248.0,ssp245,2078,23.39,3.79,위험,662
대추,전북,부안군,부안,19.6,1.8,2.1,3,25,3.3,7.0,19248.0,ssp585,2028,21.54,1.94,주의,874
대추,전북,부안군,부안,19.6,1.8,2.1,3,25,3.3,7.0,19248.0,ssp585,2038,22.2,2.6,위험,796
대추,전북,부안군,부안,19.6,1.8,2.1,3,25,3.3,7.0,19248.0,ssp585,2048,22.9,3.3,위험,708
대추,전북,부안군,부안,19.6,1.8,2.1,3,25,3.3,7.0,19248.0,ssp585,2058,23.68,4.08,위험,628
대추,전북,부안군,부안,19.6,1.8,2.1,3,25,3.3,7.0,19248.0,ssp585,2068,24.52,4.92,위험,538
대추,전북,부안군,부안,19.6,1.8,2.1,3,25,3.3,7.0,19248.0,ssp585,2078,25.33,5.73,위험,463
대추,강원,강릉시,강릉,19.6,1.8,2.1,3,25,2.3,10.0,20375.0,관측,2005,19.73,0.13,경고,834
대추,강원,강릉시,강릉,19.6,1.8,2.1,3,25,2.3,10.0,20375.0,ssp245,2028,21.87,2.27,위험,618
대추,강원,강릉시,강릉,19.6,1.8,2.1,3,25,2.3,10.0,20375.0,ssp245,2038,22.41,2.81,위험,581
대추,강원,강릉시,강릉,19.6,1.8,2.1,3,25,2.3,10.0,20375.0,ssp245,2048,22.91,3.31,위험,543
대추,강원,강릉시,강릉,19.6,1.8,2.1,3,25,2.3,10.0,20375.0,ssp245,2058,23.43,3.83,위험,510
대추,강원,강릉시,강릉,19.6,1.8,2.1,3,25,2.3,10.0,20375.0,ssp245,2068,23.76,4.16,위험,491
대추,강원,강릉시,강릉,19.6,1.8,2.1,3,25,2.3,10.0,20375.0,ssp245,2078,24.2,4.6,위험,453
대추,강원,강릉시,강릉,19.6,1.8,2.1,3,25,2.3,10.0,20375.0,ssp585,2028,21.97,2.37,위험,634
대추,강원,강릉시,강릉,19.6,1.8,2.1,3,25,2.3,10.0,20375.0,ssp585,2038,22.76,3.16,위험,567
대추,강원,강릉시,강릉,19.6,1.8,2.1,3,25,2.3,10.0,20375.0,ssp585,2048,23.62,4.02,위험,497
대추,강원,강릉시,강릉,19.6,1.8,2.1,3,25,2.3,10.0,20375.0,ssp585,2058,24.58,4.98,위험,426
대추,강원,강릉시,강릉,19.6,1.8,2.1,3,25,2.3,10.0,20375.0,ssp585,2068,25.6,6.0,위험,327
대추,강원,강릉시,강릉,19.6,1.8,2.1,3,25,2.3,10.0,20375.0,ssp585,2078,26.58,6.98,위험,250
대추,경북,경산시,경산,19.6,1.8,2.1,3,25,366.1,6498.0,8192.0,관측,2005,20.96,1.36,경고,1013
대추,경북,경산시,경산,19.6,1.8,2.1,3,25,366.1,6498.0,8192.0,ssp245,2028,23.12,3.52,위험,829
대추,경북,경산시,경산,19.6,1.8,2.1,3,25,366.1,6498.0,8192.0,ssp245,2038,23.7,4.1,위험,784
대추,경북,경산시,경산,19.6,1.8,2.1,3,25,366.1,6498.0,8192.0,ssp245,2048,24.22,4.62,위험,739
대추,경북,경산시,경산,19.6,1.8,2.1,3,25,366.1,6498.0,8192.0,ssp245,2058,24.74,5.14,위험,701
대추,경북,경산시,경산,19.6,1.8,2.1,3,25,366.1,6498.0,8192.0,ssp245,2068,25.12,5.52,위험,673
대추,경북,경산시,경산,19.6,1.8,2.1,3,25,366.1,6498.0,8192.0,ssp245,2078,25.55,5.95,위험,631
대추,경북,경산시,경산,19.6,1.8,2.1,3,25,366.1,6498.0,8192.0,ssp585,2028,23.33,3.73,위험,836
대추,경북,경산시,경산,19.6,1.8,2.1,3,25,366.1,6498.0,8192.0,ssp585,2038,24.14,4.54,위험,757
대추,경북,경산시,경산,19.6,1.8,2.1,3,25,366.1,6498.0,8192.0,ssp585,2048,25.03,5.43,위험,674
대추,경북,경산시,경산,19.6,1.8,2.1,3,25,366.1,6498.0,8192.0,ssp585,2058,25.99,6.39,위험,600
대추,경북,경산시,경산,19.6,1.8,2.1,3,25,366.1,6498.0,8192.0,ssp585,2068,26.98,7.38,위험,514
대추,경북,경산시,경산,19.6,1.8,2.1,3,25,366.1,6498.0,8192.0,ssp585,2078,27.92,8.32,위험,441
대추,전남,보성군,보성,19.6,1.8,2.1,3,25,1.4,294.0,9992.0,관측,2005,18.99,-0.61,적합,1192
대추,전남,보성군,보성,19.6,1.8,2.1,3,25,1.4,294.0,9992.0,ssp245,2028,21.23,1.63,경고,987
대추,전남,보성군,보성,19.6,1.8,2.1,3,25,1.4,294.0,9992.0,ssp245,2038,21.82,2.22,위험,932
대추,전남,보성군,보성,19.6,1.8,2.1,3,25,1.4,294.0,9992.0,ssp245,2048,22.38,2.78,위험,882
대추,전남,보성군,보성,19.6,1.8,2.1,3,25,1.4,294.0,9992.0,ssp245,2058,22.93,3.33,위험,838
대추,전남,보성군,보성,19.6,1.8,2.1,3,25,1.4,294.0,9992.0,ssp245,2068,23.36,3.76,위험,802
대추,전남,보성군,보성,19.6,1.8,2.1,3,25,1.4,294.0,9992.0,ssp245,2078,23.83,4.23,위험,744
대추,전남,보성군,보성,19.6,1.8,2.1,3,25,1.4,294.0,9992.0,ssp585,2028,21.4,1.8,경고,968
대추,전남,보성군,보성,19.6,1.8,2.1,3,25,1.4,294.0,9992.0,ssp585,2038,22.27,2.67,위험,880
대추,전남,보성군,보성,19.6,1.8,2.1,3,25,1.4,294.0,9992.0,ssp585,2048,23.19,3.59,위험,778
대추,전남,보성군,보성,19.6,1.8,2.1,3,25,1.4,294.0,9992.0,ssp585,2058,24.19,4.59,위험,681
대추,전남,보성군,보성,19.6,1.8,2.1,3,25,1.4,294.0,9992.0,ssp585,2068,25.22,5.62,위험,560
대추,전남,보성군,보성,19.6,1.8,2.1,3,25,1.4,294.0,9992.0,ssp585,2078,26.19,6.59,위험,475
대추,전북,고창군,고창,19.6,1.8,2.1,3,25,5.3,224.0,9998.0,관측,2005,19.93,0.33,경고,1017
대추,전북,고창군,고창,19.6,1.8,2.1,3,25,5.3,224.0,9998.0,ssp245,2028,21.62,2.02,주의,848
대추,전북,고창군,고창,19.6,1.8,2.1,3,25,5.3,224.0,9998.0,ssp245,2038,22.06,2.46,위험,804
대추,전북,고창군,고창,19.6,1.8,2.1,3,25,5.3,224.0,9998.0,ssp245,2048,22.47,2.87,위험,762
대추,전북,고창군,고창,19.6,1.8,2.1,3,25,5.3,224.0,9998.0,ssp245,2058,22.86,3.26,위험,725
대추,전북,고창군,고창,19.6,1.8,2.1,3,25,5.3,224.0,9998.0,ssp245,2068,23.16,3.56,위험,695
대추,전북,고창군,고창,19.6,1.8,2.1,3,25,5.3,224.0,9998.0,ssp245,2078,23.51,3.91,위험,659
대추,전북,고창군,고창,19.6,1.8,2.1,3,25,5.3,224.0,9998.0,ssp585,2028,21.76,2.16,위험,847
대추,전북,고창군,고창,19.6,1.8,2.1,3,25,5.3,224.0,9998.0,ssp585,2038,22.38,2.78,위험,774
대추,전북,고창군,고창,19.6,1.8,2.1,3,25,5.3,224.0,9998.0,ssp585,2048,23.03,3.43,위험,691
대추,전북,고창군,고창,19.6,1.8,2.1,3,25,5.3,224.0,9998.0,ssp585,2058,23.77,4.17,위험,630
대추,전북,고창군,고창,19.6,1.8,2.1,3,25,5.3,224.0,9998.0,ssp585,2068,24.57,4.97,위험,547
대추,전북,고창군,고창,19.6,1.8,2.1,3,25,5.3,224.0,9998.0,ssp585,2078,25.34,5.74,위험,476
대추,전남,무안군,무안,19.6,1.8,2.1,3,25,0.3,143.0,17419.0,관측,2005,19.9,0.3,경고,918
대추,전남,무안군,무안,19.6,1.8,2.1,3,25,0.3,143.0,17419.0,ssp245,2028,21.7,2.1,주의,755
대추,전남,무안군,무안,19.6,1.8,2.1,3,25,0.3,143.0,17419.0,ssp245,2038,22.16,2.56,위험,713
대추,전남,무안군,무안,19.6,1.8,2.1,3,25,0.3,143.0,17419.0,ssp245,2048,22.6,3.0,위험,671
대추,전남,무안군,무안,19.6,1.8,2.1,3,25,0.3,143.0,17419.0,ssp245,2058,23.01,3.41,위험,634
대추,전남,무안군,무안,19.6,1.8,2.1,3,25,0.3,143.0,17419.0,ssp245,2068,23.35,3.75,위험,611
대추,전남,무안군,무안,19.6,1.8,2.1,3,25,0.3,143.0,17419.0,ssp245,2078,23.72,4.12,위험,581
대추,전남,무안군,무안,19.6,1.8,2.1,3,25,0.3,143.0,17419.0,ssp585,2028,21.84,2.24,위험,743
대추,전남,무안군,무안,19.6,1.8,2.1,3,25,0.3,143.0,17419.0,ssp585,2038,22.52,2.92,위험,673
대추,전남,무안군,무안,19.6,1.8,2.1,3,25,0.3,143.0,17419.0,ssp585,2048,23.21,3.61,위험,599
대추,전남,무안군,무안,19.6,1.8,2.1,3,25,0.3,143.0,17419.0,ssp585,2058,23.99,4.39,위험,545
대추,전남,무안군,무안,19.6,1.8,2.1,3,25,0.3,143.0,17419.0,ssp585,2068,24.83,5.23,위험,462
대추,전남,무안군,무안,19.6,1.8,2.1,3,25,0.3,143.0,17419.0,ssp585,2078,25.64,6.04,위험,390
대추,충북,충주시,충주,19.6,1.8,2.1,3,25,25.6,438.0,14085.0,관측,2005,19.2,-0.4,적합,1479
대추,충북,충주시,충주,19.6,1.8,2.1,3,25,25.6,438.0,14085.0,ssp245,2028,20.7,1.1,경고,1282
대추,충북,충주시,충주,19.6,1.8,2.1,3,25,25.6,438.0,14085.0,ssp245,2038,21.08,1.48,경고,1235
대추,충북,충주시,충주,19.6,1.8,2.1,3,25,25.6,438.0,14085.0,ssp245,2048,21.44,1.84,주의,1190
대추,충북,충주시,충주,19.6,1.8,2.1,3,25,25.6,438.0,14085.0,ssp245,2058,21.8,2.2,위험,1148
대추,충북,충주시,충주,19.6,1.8,2.1,3,25,25.6,438.0,14085.0,ssp245,2068,22.07,2.47,위험,1115
대추,충북,충주시,충주,19.6,1.8,2.1,3,25,25.6,438.0,14085.0,ssp245,2078,22.38,2.78,위험,1068
대추,충북,충주시,충주,19.6,1.8,2.1,3,25,25.6,438.0,14085.0,ssp585,2028,20.87,1.27,경고,1278
대추,충북,충주시,충주,19.6,1.8,2.1,3,25,25.6,438.0,14085.0,ssp585,2038,21.41,1.81,주의,1196
대추,충북,충주시,충주,19.6,1.8,2.1,3,25,25.6,438.0,14085.0,ssp585,2048,22.0,2.4,위험,1109
대추,충북,충주시,충주,19.6,1.8,2.1,3,25,25.6,438.0,14085.0,ssp585,2058,22.69,3.09,위험,1025
대추,충북,충주시,충주,19.6,1.8,2.1,3,25,25.6,438.0,14085.0,ssp585,2068,23.42,3.82,위험,910
대추,충북,충주시,충주,19.6,1.8,2.1,3,25,25.6,438.0,14085.0,ssp585,2078,24.18,4.58,위험,815
대추,경남,합천군,합천,19.6,1.8,2.1,3,25,5.0,20.0,7850.0,관측,2005,19.99,0.39,경고,1229
대추,경남,합천군,합천,19.6,1.8,2.1,3,25,5.0,20.0,7850.0,ssp245,2028,21.79,2.19,위험,1050
대추,경남,합천군,합천,19.6,1.8,2.1,3,25,5.0,20.0,7850.0,ssp245,2038,22.29,2.69,위험,1004
대추,경남,합천군,합천,19.6,1.8,2.1,3,25,5.0,20.0,7850.0,ssp245,2048,22.74,3.14,위험,961
대추,경남,합천군,합천,19.6,1.8,2.1,3,25,5.0,20.0,7850.0,ssp245,2058,23.17,3.57,위험,926
대추,경남,합천군,합천,19.6,1.8,2.1,3,25,5.0,20.0,7850.0,ssp245,2068,23.49,3.89,위험,897
대추,경남,합천군,합천,19.6,1.8,2.1,3,25,5.0,20.0,7850.0,ssp245,2078,23.84,4.24,위험,851
대추,경남,합천군,합천,19.6,1.8,2.1,3,25,5.0,20.0,7850.0,ssp585,2028,22.01,2.41,위험,1054
대추,경남,합천군,합천,19.6,1.8,2.1,3,25,5.0,20.0,7850.0,ssp585,2038,22.66,3.06,위험,979
대추,경남,합천군,합천,19.6,1.8,2.1,3,25,5.0,20.0,7850.0,ssp585,2048,23.4,3.8,위험,896
대추,경남,합천군,합천,19.6,1.8,2.1,3,25,5.0,20.0,7850.0,ssp585,2058,24.21,4.61,위험,817
대추,경남,합천군,합천,19.6,1.8,2.1,3,25,5.0,20.0,7850.0,ssp585,2068,25.04,5.44,위험,704
대추,경남,합천군,합천,19.6,1.8,2.1,3,25,5.0,20.0,7850.0,ssp585,2078,25.84,6.24,위험,617
대추,경남,거창군,거창,19.6,1.8,2.1,3,25,2.0,1347.0,6889.0,관측,2005,18.73,-0.87,적합,1412
대추,경남,거창군,거창,19.6,1.8,2.1,3,25,2.0,1347.0,6889.0,ssp245,2028,20.49,0.89,경고,1210
대추,경남,거창군,거창,19.6,1.8,2.1,3,25,2.0,1347.0,6889.0,ssp245,2038,20.97,1.37,경고,1157
대추,경남,거창군,거창,19.6,1.8,2.1,3,25,2.0,1347.0,6889.0,ssp245,2048,21.41,1.81,주의,1111
대추,경남,거창군,거창,19.6,1.8,2.1,3,25,2.0,1347.0,6889.0,ssp245,2058,21.84,2.24,위험,1071
대추,경남,거창군,거창,19.6,1.8,2.1,3,25,2.0,1347.0,6889.0,ssp245,2068,22.15,2.55,위험,1040
대추,경남,거창군,거창,19.6,1.8,2.1,3,25,2.0,1347.0,6889.0,ssp245,2078,22.5,2.9,위험,991
대추,경남,거창군,거창,19.6,1.8,2.1,3,25,2.0,1347.0,6889.0,ssp585,2028,20.71,1.11,경고,1206
대추,경남,거창군,거창,19.6,1.8,2.1,3,25,2.0,1347.0,6889.0,ssp585,2038,21.36,1.76,경고,1122
대추,경남,거창군,거창,19.6,1.8,2.1,3,25,2.0,1347.0,6889.0,ssp585,2048,22.09,2.49,위험,1033
대추,경남,거창군,거창,19.6,1.8,2.1,3,25,2.0,1347.0,6889.0,ssp585,2058,22.88,3.28,위험,947
대추,경남,거창군,거창,19.6,1.8,2.1,3,25,2.0,1347.0,6889.0,ssp585,2068,23.7,4.1,위험,829
대추,경남,거창군,거창,19.6,1.8,2.1,3,25,2.0,1347.0,6889.0,ssp585,2078,24.5,4.9,위험,733
대추,전남,영광군,영광,19.6,1.8,2.1,3,25,9.2,68.0,17489.0,관측,2005,19.91,0.31,경고,1065
대추,전남,영광군,영광,19.6,1.8,2.1,3,25,9.2,68.0,17489.0,ssp245,2028,21.61,2.01,주의,900
대추,전남,영광군,영광,19.6,1.8,2.1,3,25,9.2,68.0,17489.0,ssp245,2038,22.05,2.45,위험,858
대추,전남,영광군,영광,19.6,1.8,2.1,3,25,9.2,68.0,17489.0,ssp245,2048,22.46,2.86,위험,816
대추,전남,영광군,영광,19.6,1.8,2.1,3,25,9.2,68.0,17489.0,ssp245,2058,22.84,3.24,위험,779
대추,전남,영광군,영광,19.6,1.8,2.1,3,25,9.2,68.0,17489.0,ssp245,2068,23.15,3.55,위험,750
대추,전남,영광군,영광,19.6,1.8,2.1,3,25,9.2,68.0,17489.0,ssp245,2078,23.5,3.9,위험,707
대추,전남,영광군,영광,19.6,1.8,2.1,3,25,9.2,68.0,17489.0,ssp585,2028,21.77,2.17,위험,886
대추,전남,영광군,영광,19.6,1.8,2.1,3,25,9.2,68.0,17489.0,ssp585,2038,22.39,2.79,위험,814
대추,전남,영광군,영광,19.6,1.8,2.1,3,25,9.2,68.0,17489.0,ssp585,2048,23.04,3.44,위험,734
대추,전남,영광군,영광,19.6,1.8,2.1,3,25,9.2,68.0,17489.0,ssp585,2058,23.77,4.17,위험,665
대추,전남,영광군,영광,19.6,1.8,2.1,3,25,9.2,68.0,17489.0,ssp585,2068,24.55,4.95,위험,583
대추,전남,영광군,영광,19.6,1.8,2.1,3,25,9.2,68.0,17489.0,ssp585,2078,25.32,5.72,위험,514
대추,경남,창원시,창원,19.6,1.8,2.1,3,25,11.3,256.0,10471.0,관측,2005,20.83,1.23,경고,672
대추,경남,창원시,창원,19.6,1.8,2.1,3,25,11.3,256.0,10471.0,ssp245,2028,22.76,3.16,위험,529
대추,경남,창원시,창원,19.6,1.8,2.1,3,25,11.3,256.0,10471.0,ssp245,2038,23.31,3.71,위험,495
대추,경남,창원시,창원,19.6,1.8,2.1,3,25,11.3,256.0,10471.0,ssp245,2048,23.79,4.19,위험,463
대추,경남,창원시,창원,19.6,1.8,2.1,3,25,11.3,256.0,10471.0,ssp245,2058,24.26,4.66,위험,432
대추,경남,창원시,창원,19.6,1.8,2.1,3,25,11.3,256.0,10471.0,ssp245,2068,24.62,5.02,위험,415
대추,경남,창원시,창원,19.6,1.8,2.1,3,25,11.3,256.0,10471.0,ssp245,2078,25.02,5.42,위험,382
대추,경남,창원시,창원,19.6,1.8,2.1,3,25,11.3,256.0,10471.0,ssp585,2028,22.95,3.35,위험,537
대추,경남,창원시,창원,19.6,1.8,2.1,3,25,11.3,256.0,10471.0,ssp585,2038,23.67,4.07,위험,481
대추,경남,창원시,창원,19.6,1.8,2.1,3,25,11.3,256.0,10471.0,ssp585,2048,24.47,4.87,위험,416
대추,경남,창원시,창원,19.6,1.8,2.1,3,25,11.3,256.0,10471.0,ssp585,2058,25.37,5.77,위험,356
대추,경남,창원시,창원,19.6,1.8,2.1,3,25,11.3,256.0,10471.0,ssp585,2068,26.28,6.68,위험,266
대추,경남,창원시,창원,19.6,1.8,2.1,3,25,11.3,256.0,10471.0,ssp585,2078,27.18,7.58,위험,192
대추,충남,공주시,공주,19.6,1.8,2.1,3,25,32.3,563.0,10174.0,관측,2005,19.84,0.24,경고,1344
대추,충남,공주시,공주,19.6,1.8,2.1,3,25,32.3,563.0,10174.0,ssp245,2028,21.61,2.01,주의,1155
대추,충남,공주시,공주,19.6,1.8,2.1,3,25,32.3,563.0,10174.0,ssp245,2038,22.07,2.47,위험,1106
대추,충남,공주시,공주,19.6,1.8,2.1,3,25,32.3,563.0,10174.0,ssp245,2048,22.5,2.9,위험,1063
대추,충남,공주시,공주,19.6,1.8,2.1,3,25,32.3,563.0,10174.0,ssp245,2058,22.92,3.32,위험,1024
대추,충남,공주시,공주,19.6,1.8,2.1,3,25,32.3,563.0,10174.0,ssp245,2068,23.23,3.63,위험,989
대추,충남,공주시,공주,19.6,1.8,2.1,3,25,32.3,563.0,10174.0,ssp245,2078,23.6,4.0,위험,940
대추,충남,공주시,공주,19.6,1.8,2.1,3,25,32.3,563.0,10174.0,ssp585,2028,21.79,2.19,위험,1146
대추,충남,공주시,공주,19.6,1.8,2.1,3,25,32.3,563.0,10174.0,ssp585,2038,22.44,2.84,위험,1067
대추,충남,공주시,공주,19.6,1.8,2.1,3,25,32.3,563.0,10174.0,ssp585,2048,23.15,3.55,위험,977
대추,충남,공주시,공주,19.6,1.8,2.1,3,25,32.3,563.0,10174.0,ssp585,2058,23.93,4.33,위험,895
대추,충남,공주시,공주,19.6,1.8,2.1,3,25,32.3,563.0,10174.0,ssp585,2068,24.78,5.18,위험,776
대추,충남,공주시,공주,19.6,1.8,2.1,3,25,32.3,563.0,10174.0,ssp585,2078,25.63,6.03,위험,673
대추,전남,해남군,해남,19.6,1.8,2.1,3,25,,,,관측,2005,19.81,0.21,경고,1004
대추,전남,해남군,해남,19.6,1.8,2.1,3,25,,,,ssp245,2028,21.83,2.23,위험,818
대추,전남,해남군,해남,19.6,1.8,2.1,3,25,,,,ssp245,2038,22.34,2.74,위험,770
대추,전남,해남군,해남,19.6,1.8,2.1,3,25,,,,ssp245,2048,22.82,3.22,위험,723
대추,전남,해남군,해남,19.6,1.8,2.1,3,25,,,,ssp245,2058,23.31,3.71,위험,680
대추,전남,해남군,해남,19.6,1.8,2.1,3,25,,,,ssp245,2068,23.69,4.09,위험,646
대추,전남,해남군,해남,19.6,1.8,2.1,3,25,,,,ssp245,2078,24.1,4.5,위험,596
대추,전남,해남군,해남,19.6,1.8,2.1,3,25,,,,ssp585,2028,21.96,2.36,위험,814
대추,전남,해남군,해남,19.6,1.8,2.1,3,25,,,,ssp585,2038,22.73,3.13,위험,734
대추,전남,해남군,해남,19.6,1.8,2.1,3,25,,,,ssp585,2048,23.53,3.93,위험,642
대추,전남,해남군,해남,19.6,1.8,2.1,3,25,,,,ssp585,2058,24.42,4.82,위험,561
대추,전남,해남군,해남,19.6,1.8,2.1,3,25,,,,ssp585,2068,25.36,5.76,위험,468
대추,전남,해남군,해남,19.6,1.8,2.1,3,25,,,,ssp585,2078,26.25,6.65,위험,387
대추,전북,남원시,남원,19.6,1.8,2.1,3,25,10.8,53.0,24986.0,관측,2005,19.49,-0.11,적합,1330
대추,전북,남원시,남원,19.6,1.8,2.1,3,25,10.8,53.0,24986.0,ssp245,2028,21.36,1.76,경고,1129
대추,전북,남원시,남원,19.6,1.8,2.1,3,25,10.8,53.0,24986.0,ssp245,2038,21.87,2.27,위험,1075
대추,전북,남원시,남원,19.6,1.8,2.1,3,25,10.8,53.0,24986.0,ssp245,2048,22.33,2.73,위험,1030
대추,전북,남원시,남원,19.6,1.8,2.1,3,25,10.8,53.0,24986.0,ssp245,2058,22.78,3.18,위험,989
대추,전북,남원시,남원,19.6,1.8,2.1,3,25,10.8,53.0,24986.0,ssp245,2068,23.11,3.51,위험,957
대추,전북,남원시,남원,19.6,1.8,2.1,3,25,10.8,53.0,24986.0,ssp245,2078,23.49,3.89,위험,904
대추,전북,남원시,남원,19.6,1.8,2.1,3,25,10.8,53.0,24986.0,ssp585,2028,21.57,1.97,주의,1129
대추,전북,남원시,남원,19.6,1.8,2.1,3,25,10.8,53.0,24986.0,ssp585,2038,22.26,2.66,위험,1045
대추,전북,남원시,남원,19.6,1.8,2.1,3,25,10.8,53.0,24986.0,ssp585,2048,23.02,3.42,위험,952
대추,전북,남원시,남원,19.6,1.8,2.1,3,25,10.8,53.0,24986.0,ssp585,2058,23.84,4.24,위험,865
대추,전북,남원시,남원,19.6,1.8,2.1,3,25,10.8,53.0,24986.0,ssp585,2068,24.7,5.1,위험,745
대추,전북,남원시,남원,19.6,1.8,2.1,3,25,10.8,53.0,24986.0,ssp585,2078,25.52,5.92,위험,641
대추,전남,강진군,강진,19.6,1.8,2.1,3,25,0.8,26.0,17592.0,관측,2005,20.17,0.57,경고,927
대추,전남,강진군,강진,19.6,1.8,2.1,3,25,0.8,26.0,17592.0,ssp245,2028,22.43,2.83,위험,724
대추,전남,강진군,강진,19.6,1.8,2.1,3,25,0.8,26.0,17592.0,ssp245,2038,23.0,3.4,위험,671
대추,전남,강진군,강진,19.6,1.8,2.1,3,25,0.8,26.0,17592.0,ssp245,2048,23.55,3.95,위험,626
대추,전남,강진군,강진,19.6,1.8,2.1,3,25,0.8,26.0,17592.0,ssp245,2058,24.1,4.5,위험,588
대추,전남,강진군,강진,19.6,1.8,2.1,3,25,0.8,26.0,17592.0,ssp245,2068,24.53,4.93,위험,566
대추,전남,강진군,강진,19.6,1.8,2.1,3,25,0.8,26.0,17592.0,ssp245,2078,25.0,5.4,위험,529
대추,전남,강진군,강진,19.6,1.8,2.1,3,25,0.8,26.0,17592.0,ssp585,2028,22.58,2.98,위험,730
대추,전남,강진군,강진,19.6,1.8,2.1,3,25,0.8,26.0,17592.0,ssp585,2038,23.43,3.83,위험,644
대추,전남,강진군,강진,19.6,1.8,2.1,3,25,0.8,26.0,17592.0,ssp585,2048,24.34,4.74,위험,566
대추,전남,강진군,강진,19.6,1.8,2.1,3,25,0.8,26.0,17592.0,ssp585,2058,25.34,5.74,위험,497
대추,전남,강진군,강진,19.6,1.8,2.1,3,25,0.8,26.0,17592.0,ssp585,2068,26.4,6.8,위험,396
대추,전남,강진군,강진,19.6,1.8,2.1,3,25,0.8,26.0,17592.0,ssp585,2078,27.4,7.8,위험,309
대추,전북,임실군,임실,19.6,1.8,2.1,3,25,2.7,612.0,3572.0,관측,2005,18.33,-1.27,적합,1475
대추,전북,임실군,임실,19.6,1.8,2.1,3,25,2.7,612.0,3572.0,ssp245,2028,20.21,0.61,경고,1269
대추,전북,임실군,임실,19.6,1.8,2.1,3,25,2.7,612.0,3572.0,ssp245,2038,20.72,1.12,경고,1212
대추,전북,임실군,임실,19.6,1.8,2.1,3,25,2.7,612.0,3572.0,ssp245,2048,21.18,1.58,경고,1163
대추,전북,임실군,임실,19.6,1.8,2.1,3,25,2.7,612.0,3572.0,ssp245,2058,21.63,2.03,주의,1123
대추,전북,임실군,임실,19.6,1.8,2.1,3,25,2.7,612.0,3572.0,ssp245,2068,21.95,2.35,위험,1089
대추,전북,임실군,임실,19.6,1.8,2.1,3,25,2.7,612.0,3572.0,ssp245,2078,22.33,2.73,위험,1034
대추,전북,임실군,임실,19.6,1.8,2.1,3,25,2.7,612.0,3572.0,ssp585,2028,20.42,0.82,경고,1249
대추,전북,임실군,임실,19.6,1.8,2.1,3,25,2.7,612.0,3572.0,ssp585,2038,21.11,1.51,경고,1162
대추,전북,임실군,임실,19.6,1.8,2.1,3,25,2.7,612.0,3572.0,ssp585,2048,21.87,2.27,위험,1064
대추,전북,임실군,임실,19.6,1.8,2.1,3,25,2.7,612.0,3572.0,ssp585,2058,22.69,3.09,위험,973
대추,전북,임실군,임실,19.6,1.8,2.1,3,25,2.7,612.0,3572.0,ssp585,2068,23.54,3.94,위험,843
대추,전북,임실군,임실,19.6,1.8,2.1,3,25,2.7,612.0,3572.0,ssp585,2078,24.35,4.75,위험,732
대추,전북,진안군,진안,19.6,1.8,2.1,3,25,3.2,1281.0,19214.0,관측,2005,17.86,-1.74,적합,1535
대추,전북,진안군,진안,19.6,1.8,2.1,3,25,3.2,1281.0,19214.0,ssp245,2028,19.64,0.04,경고,1327
대추,전북,진안군,진안,19.6,1.8,2.1,3,25,3.2,1281.0,19214.0,ssp245,2038,20.13,0.53,경고,1271
대추,전북,진안군,진안,19.6,1.8,2.1,3,25,3.2,1281.0,19214.0,ssp245,2048,20.57,0.97,경고,1224
대추,전북,진안군,진안,19.6,1.8,2.1,3,25,3.2,1281.0,19214.0,ssp245,2058,21.0,1.4,경고,1182
대추,전북,진안군,진안,19.6,1.8,2.1,3,25,3.2,1281.0,19214.0,ssp245,2068,21.3,1.7,경고,1149
대추,전북,진안군,진안,19.6,1.8,2.1,3,25,3.2,1281.0,19214.0,ssp245,2078,21.66,2.06,주의,1097
대추,전북,진안군,진안,19.6,1.8,2.1,3,25,3.2,1281.0,19214.0,ssp585,2028,19.84,0.24,경고,1331
대추,전북,진안군,진안,19.6,1.8,2.1,3,25,3.2,1281.0,19214.0,ssp585,2038,20.5,0.9,경고,1244
대추,전북,진안군,진안,19.6,1.8,2.1,3,25,3.2,1281.0,19214.0,ssp585,2048,21.23,1.63,경고,1149
대추,전북,진안군,진안,19.6,1.8,2.1,3,25,3.2,1281.0,19214.0,ssp585,2058,22.01,2.41,위험,1059
대추,전북,진안군,진안,19.6,1.8,2.1,3,25,3.2,1281.0,19214.0,ssp585,2068,22.82,3.22,위험,937
대추,전북,진안군,진안,19.6,1.8,2.1,3,25,3.2,1281.0,19214.0,ssp585,2078,23.6,4.0,위험,834
대추,경북,안동시,안동,19.6,1.8,2.1,3,25,17.8,858.0,12689.0,관측,2005,19.36,-0.24,적합,1367
대추,경북,안동시,안동,19.6,1.8,2.1,3,25,17.8,858.0,12689.0,ssp245,2028,21.22,1.62,경고,1174
대추,경북,안동시,안동,19.6,1.8,2.1,3,25,17.8,858.0,12689.0,ssp245,2038,21.67,2.07,주의,1131
대추,경북,안동시,안동,19.6,1.8,2.1,3,25,17.8,858.0,12689.0,ssp245,2048,22.09,2.49,위험,1086
대추,경북,안동시,안동,19.6,1.8,2.1,3,25,17.8,858.0,12689.0,ssp245,2058,22.53,2.93,위험,1044
대추,경북,안동시,안동,19.6,1.8,2.1,3,25,17.8,858.0,12689.0,ssp245,2068,22.84,3.24,위험,1010
대추,경북,안동시,안동,19.6,1.8,2.1,3,25,17.8,858.0,12689.0,ssp245,2078,23.22,3.62,위험,965
대추,경북,안동시,안동,19.6,1.8,2.1,3,25,17.8,858.0,12689.0,ssp585,2028,21.35,1.75,경고,1183
대추,경북,안동시,안동,19.6,1.8,2.1,3,25,17.8,858.0,12689.0,ssp585,2038,22.01,2.41,위험,1102
대추,경북,안동시,안동,19.6,1.8,2.1,3,25,17.8,858.0,12689.0,ssp585,2048,22.72,3.12,위험,1016
대추,경북,안동시,안동,19.6,1.8,2.1,3,25,17.8,858.0,12689.0,ssp585,2058,23.53,3.93,위험,929
대추,경북,안동시,안동,19.6,1.8,2.1,3,25,17.8,858.0,12689.0,ssp585,2068,24.39,4.79,위험,808
대추,경북,안동시,안동,19.6,1.8,2.1,3,25,17.8,858.0,12689.0,ssp585,2078,25.26,5.66,위험,703
대추,전남,담양군,담양,19.6,1.8,2.1,3,25,7.7,310.0,11977.0,관측,2005,19.93,0.33,경고,1111
대추,전남,담양군,담양,19.6,1.8,2.1,3,25,7.7,310.0,11977.0,ssp245,2028,21.9,2.3,위험,921
대추,전남,담양군,담양,19.6,1.8,2.1,3,25,7.7,310.0,11977.0,ssp245,2038,22.43,2.83,위험,870
대추,전남,담양군,담양,19.6,1.8,2.1,3,25,7.7,310.0,11977.0,ssp245,2048,22.92,3.32,위험,825
대추,전남,담양군,담양,19.6,1.8,2.1,3,25,7.7,310.0,11977.0,ssp245,2058,23.39,3.79,위험,785
대추,전남,담양군,담양,19.6,1.8,2.1,3,25,7.7,310.0,11977.0,ssp245,2068,23.74,4.14,위험,752
대추,전남,담양군,담양,19.6,1.8,2.1,3,25,7.7,310.0,11977.0,ssp245,2078,24.16,4.56,위험,700
대추,전남,담양군,담양,19.6,1.8,2.1,3,25,7.7,310.0,11977.0,ssp585,2028,22.11,2.51,위험,894
대추,전남,담양군,담양,19.6,1.8,2.1,3,25,7.7,310.0,11977.0,ssp585,2038,22.84,3.24,위험,813
대추,전남,담양군,담양,19.6,1.8,2.1,3,25,7.7,310.0,11977.0,ssp585,2048,23.63,4.03,위험,719
대추,전남,담양군,담양,19.6,1.8,2.1,3,25,7.7,310.0,11977.0,ssp585,2058,24.5,4.9,위험,634
대추,전남,담양군,담양,19.6,1.8,2.1,3,25,7.7,310.0,11977.0,ssp585,2068,25.42,5.82,위험,538
대추,전남,담양군,담양,19.6,1.8,2.1,3,25,7.7,310.0,11977.0,ssp585,2078,26.3,6.7,위험,459
대추,전북,김제시,김제,19.6,1.8,2.1,3,25,5.4,44.0,13317.0,관측,2005,20.33,0.73,경고,1045
대추,전북,김제시,김제,19.6,1.8,2.1,3,25,5.4,44.0,13317.0,ssp245,2028,21.95,2.35,위험,868
대추,전북,김제시,김제,19.6,1.8,2.1,3,25,5.4,44.0,13317.0,ssp245,2038,22.38,2.78,위험,822
대추,전북,김제시,김제,19.6,1.8,2.1,3,25,5.4,44.0,13317.0,ssp245,2048,22.78,3.18,위험,779
대추,전북,김제시,김제,19.6,1.8,2.1,3,25,5.4,44.0,13317.0,ssp245,2058,23.16,3.56,위험,743
대추,전북,김제시,김제,19.6,1.8,2.1,3,25,5.4,44.0,13317.0,ssp245,2068,23.44,3.84,위험,712
대추,전북,김제시,김제,19.6,1.8,2.1,3,25,5.4,44.0,13317.0,ssp245,2078,23.78,4.18,위험,667
대추,전북,김제시,김제,19.6,1.8,2.1,3,25,5.4,44.0,13317.0,ssp585,2028,22.11,2.51,위험,861
대추,전북,김제시,김제,19.6,1.8,2.1,3,25,5.4,44.0,13317.0,ssp585,2038,22.7,3.1,위험,786
대추,전북,김제시,김제,19.6,1.8,2.1,3,25,5.4,44.0,13317.0,ssp585,2048,23.35,3.75,위험,701
대추,전북,김제시,김제,19.6,1.8,2.1,3,25,5.4,44.0,13317.0,ssp585,2058,24.07,4.47,위험,628
대추,전북,김제시,김제,19.6,1.8,2.1,3,25,5.4,44.0,13317.0,ssp585,2068,24.83,5.23,위험,545
대추,전북,김제시,김제,19.6,1.8,2.1,3,25,5.4,44.0,13317.0,ssp585,2078,25.59,5.99,위험,475
대추,전남,화순군,화순,19.6,1.8,2.1,3,25,2.4,471.0,17495.0,관측,2005,20.17,0.57,경고,1090
대추,전남,화순군,화순,19.6,1.8,2.1,3,25,2.4,471.0,17495.0,ssp245,2028,22.31,2.71,위험,891
대추,전남,화순군,화순,19.6,1.8,2.1,3,25,2.4,471.0,17495.0,ssp245,2038,22.87,3.27,위험,838
대추,전남,화순군,화순,19.6,1.8,2.1,3,25,2.4,471.0,17495.0,ssp245,2048,23.4,3.8,위험,789
대추,전남,화순군,화순,19.6,1.8,2.1,3,25,2.4,471.0,17495.0,ssp245,2058,23.92,4.32,위험,747
대추,전남,화순군,화순,19.6,1.8,2.1,3,25,2.4,471.0,17495.0,ssp245,2068,24.31,4.71,위험,712
대추,전남,화순군,화순,19.6,1.8,2.1,3,25,2.4,471.0,17495.0,ssp245,2078,24.77,5.17,위험,657
대추,전남,화순군,화순,19.6,1.8,2.1,3,25,2.4,471.0,17495.0,ssp585,2028,22.49,2.89,위험,869
대추,전남,화순군,화순,19.6,1.8,2.1,3,25,2.4,471.0,17495.0,ssp585,2038,23.29,3.69,위험,784
대추,전남,화순군,화순,19.6,1.8,2.1,3,25,2.4,471.0,17495.0,ssp585,2048,24.15,4.55,위험,685
대추,전남,화순군,화순,19.6,1.8,2.1,3,25,2.4,471.0,17495.0,ssp585,2058,25.1,5.5,위험,601
대추,전남,화순군,화순,19.6,1.8,2.1,3,25,2.4,471.0,17495.0,ssp585,2068,26.08,6.48,위험,504
대추,전남,화순군,화순,19.6,1.8,2.1,3,25,2.4,471.0,17495.0,ssp585,2078,27.02,7.42,위험,421
대추,경남,고성군,고성,19.6,1.8,2.1,3,25,1.5,11.0,7650.0,관측,2005,20.56,0.96,경고,970
대추,경남,고성군,고성,19.6,1.8,2.1,3,25,1.5,11.0,7650.0,ssp245,2028,22.64,3.04,위험,789
대추,경남,고성군,고성,19.6,1.8,2.1,3,25,1.5,11.0,7650.0,ssp245,2038,23.23,3.63,위험,742
대추,경남,고성군,고성,19.6,1.8,2.1,3,25,1.5,11.0,7650.0,ssp245,2048,23.76,4.16,위험,698
대추,경남,고성군,고성,19.6,1.8,2.1,3,25,1.5,11.0,7650.0,ssp245,2058,24.26,4.66,위험,659
대추,경남,고성군,고성,19.6,1.8,2.1,3,25,1.5,11.0,7650.0,ssp245,2068,24.65,5.05,위험,631
대추,경남,고성군,고성,19.6,1.8,2.1,3,25,1.5,11.0,7650.0,ssp245,2078,25.07,5.47,위험,599
대추,경남,고성군,고성,19.6,1.8,2.1,3,25,1.5,11.0,7650.0,ssp585,2028,22.85,3.25,위험,799
대추,경남,고성군,고성,19.6,1.8,2.1,3,25,1.5,11.0,7650.0,ssp585,2038,23.64,4.04,위험,719
대추,경남,고성군,고성,19.6,1.8,2.1,3,25,1.5,11.0,7650.0,ssp585,2048,24.5,4.9,위험,633
대추,경남,고성군,고성,19.6,1.8,2.1,3,25,1.5,11.0,7650.0,ssp585,2058,25.45,5.85,위험,574
대추,경남,고성군,고성,19.6,1.8,2.1,3,25,1.5,11.0,7650.0,ssp585,2068,26.41,6.81,위험,487
대추,경남,고성군,고성,19.6,1.8,2.1,3,25,1.5,11.0,7650.0,ssp585,2078,27.33,7.73,위험,415
대추,전북,무주군,무주,19.6,1.8,2.1,3,25,11.7,485.0,9943.0,관측,2005,18.74,-0.86,적합,1473
대추,전북,무주군,무주,19.6,1.8,2.1,3,25,11.7,485.0,9943.0,ssp245,2028,20.49,0.89,경고,1263
대추,전북,무주군,무주,19.6,1.8,2.1,3,25,11.7,485.0,9943.0,ssp245,2038,20.96,1.36,경고,1208
대추,전북,무주군,무주,19.6,1.8,2.1,3,25,11.7,485.0,9943.0,ssp245,2048,21.41,1.81,주의,1162
대추,전북,무주군,무주,19.6,1.8,2.1,3,25,11.7,485.0,9943.0,ssp245,2058,21.84,2.24,위험,1121
대추,전북,무주군,무주,19.6,1.8,2.1,3,25,11.7,485.0,9943.0,ssp245,2068,22.15,2.55,위험,1089
대추,전북,무주군,무주,19.6,1.8,2.1,3,25,11.7,485.0,9943.0,ssp245,2078,22.5,2.9,위험,1038
대추,전북,무주군,무주,19.6,1.8,2.1,3,25,11.7,485.0,9943.0,ssp585,2028,20.72,1.12,경고,1255
대추,전북,무주군,무주,19.6,1.8,2.1,3,25,11.7,485.0,9943.0,ssp585,2038,21.37,1.77,경고,1169
대추,전북,무주군,무주,19.6,1.8,2.1,3,25,11.7,485.0,9943.0,ssp585,2048,22.09,2.49,위험,1078
대추,전북,무주군,무주,19.6,1.8,2.1,3,25,11.7,485.0,9943.0,ssp585,2058,22.9,3.3,위험,989
대추,전북,무주군,무주,19.6,1.8,2.1,3,25,11.7,485.0,9943.0,ssp585,2068,23.72,4.12,위험,871
대추,전북,무주군,무주,19.6,1.8,2.1,3,25,11.7,485.0,9943.0,ssp585,2078,24.54,4.94,위험,773
대추,충남,보령시,보령,19.6,1.8,2.1,3,25,5.4,474.0,18089.0,관측,2005,19.36,-0.24,적합,1034
대추,충남,보령시,보령,19.6,1.8,2.1,3,25,5.4,474.0,18089.0,ssp245,2028,21.33,1.73,경고,832
대추,충남,보령시,보령,19.6,1.8,2.1,3,25,5.4,474.0,18089.0,ssp245,2038,21.85,2.25,위험,777
대추,충남,보령시,보령,19.6,1.8,2.1,3,25,5.4,474.0,18089.0,ssp245,2048,22.33,2.73,위험,729
대추,충남,보령시,보령,19.6,1.8,2.1,3,25,5.4,474.0,18089.0,ssp245,2058,22.79,3.19,위험,688
대추,충남,보령시,보령,19.6,1.8,2.1,3,25,5.4,474.0,18089.0,ssp245,2068,23.14,3.54,위험,655
대추,충남,보령시,보령,19.6,1.8,2.1,3,25,5.4,474.0,18089.0,ssp245,2078,23.56,3.96,위험,618
대추,충남,보령시,보령,19.6,1.8,2.1,3,25,5.4,474.0,18089.0,ssp585,2028,21.49,1.89,주의,828
대추,충남,보령시,보령,19.6,1.8,2.1,3,25,5.4,474.0,18089.0,ssp585,2038,22.22,2.62,위험,740
대추,충남,보령시,보령,19.6,1.8,2.1,3,25,5.4,474.0,18089.0,ssp585,2048,23.0,3.4,위험,646
대추,충남,보령시,보령,19.6,1.8,2.1,3,25,5.4,474.0,18089.0,ssp585,2058,23.87,4.27,위험,583
대추,충남,보령시,보령,19.6,1.8,2.1,3,25,5.4,474.0,18089.0,ssp585,2068,24.8,5.2,위험,480
대추,충남,보령시,보령,19.6,1.8,2.1,3,25,5.4,474.0,18089.0,ssp585,2078,25.72,6.12,위험,397
대추,경북,성주군,성주,19.6,1.8,2.1,3,25,1.5,2227.0,9409.0,관측,2005,20.03,0.43,경고,1356
대추,경북,성주군,성주,19.6,1.8,2.1,3,25,1.5,2227.0,9409.0,ssp245,2028,21.81,2.21,위험,1183
대추,경북,성주군,성주,19.6,1.8,2.1,3,25,1.5,2227.0,9409.0,ssp245,2038,22.3,2.7,위험,1139
대추,경북,성주군,성주,19.6,1.8,2.1,3,25,1.5,2227.0,9409.0,ssp245,2048,22.76,3.16,위험,1097
대추,경북,성주군,성주,19.6,1.8,2.1,3,25,1.5,2227.0,9409.0,ssp245,2058,23.18,3.58,위험,1063
대추,경북,성주군,성주,19.6,1.8,2.1,3,25,1.5,2227.0,9409.0,ssp245,2068,23.51,3.91,위험,1035
대추,경북,성주군,성주,19.6,1.8,2.1,3,25,1.5,2227.0,9409.0,ssp245,2078,23.86,4.26,위험,991
대추,경북,성주군,성주,19.6,1.8,2.1,3,25,1.5,2227.0,9409.0,ssp585,2028,22.03,2.43,위험,1186
대추,경북,성주군,성주,19.6,1.8,2.1,3,25,1.5,2227.0,9409.0,ssp585,2038,22.69,3.09,위험,1113
대추,경북,성주군,성주,19.6,1.8,2.1,3,25,1.5,2227.0,9409.0,ssp585,2048,23.43,3.83,위험,1033
대추,경북,성주군,성주,19.6,1.8,2.1,3,25,1.5,2227.0,9409.0,ssp585,2058,24.24,4.64,위험,957
대추,경북,성주군,성주,19.6,1.8,2.1,3,25,1.5,2227.0,9409.0,ssp585,2068,25.07,5.47,위험,848
대추,경북,성주군,성주,19.6,1.8,2.1,3,25,1.5,2227.0,9409.0,ssp585,2078,25.89,6.29,위험,757
대추,전남,함평군,함평,19.6,1.8,2.1,3,25,7.1,400.0,14289.0,관측,2005,20.37,0.77,경고,945
대추,전남,함평군,함평,19.6,1.8,2.1,3,25,7.1,400.0,14289.0,ssp245,2028,22.23,2.63,위험,774
대추,전남,함평군,함평,19.6,1.8,2.1,3,25,7.1,400.0,14289.0,ssp245,2038,22.72,3.12,위험,729
대추,전남,함평군,함평,19.6,1.8,2.1,3,25,7.1,400.0,14289.0,ssp245,2048,23.17,3.57,위험,685
대추,전남,함평군,함평,19.6,1.8,2.1,3,25,7.1,400.0,14289.0,ssp245,2058,23.59,3.99,위험,647
대추,전남,함평군,함평,19.6,1.8,2.1,3,25,7.1,400.0,14289.0,ssp245,2068,23.93,4.33,위험,617
대추,전남,함평군,함평,19.6,1.8,2.1,3,25,7.1,400.0,14289.0,ssp245,2078,24.31,4.71,위험,585
대추,전남,함평군,함평,19.6,1.8,2.1,3,25,7.1,400.0,14289.0,ssp585,2028,22.39,2.79,위험,766
대추,전남,함평군,함평,19.6,1.8,2.1,3,25,7.1,400.0,14289.0,ssp585,2038,23.08,3.48,위험,690
대추,전남,함평군,함평,19.6,1.8,2.1,3,25,7.1,400.0,14289.0,ssp585,2048,23.79,4.19,위험,605
대추,전남,함평군,함평,19.6,1.8,2.1,3,25,7.1,400.0,14289.0,ssp585,2058,24.6,5.0,위험,548
대추,전남,함평군,함평,19.6,1.8,2.1,3,25,7.1,400.0,14289.0,ssp585,2068,25.46,5.86,위험,461
대추,전남,함평군,함평,19.6,1.8,2.1,3,25,7.1,400.0,14289.0,ssp585,2078,26.29,6.69,위험,386
대추,강원,삼척시,삼척,19.6,1.8,2.1,3,25,2.0,215.0,10537.0,관측,2005,19.36,-0.24,적합,828
대추,강원,삼척시,삼척,19.6,1.8,2.1,3,25,2.0,215.0,10537.0,ssp245,2028,21.32,1.72,경고,607
대추,강원,삼척시,삼척,19.6,1.8,2.1,3,25,2.0,215.0,10537.0,ssp245,2038,21.85,2.25,위험,564
대추,강원,삼척시,삼척,19.6,1.8,2.1,3,25,2.0,215.0,10537.0,ssp245,2048,22.28,2.68,위험,528
대추,강원,삼척시,삼척,19.6,1.8,2.1,3,25,2.0,215.0,10537.0,ssp245,2058,22.8,3.2,위험,490
대추,강원,삼척시,삼척,19.6,1.8,2.1,3,25,2.0,215.0,10537.0,ssp245,2068,23.13,3.53,위험,470
대추,강원,삼척시,삼척,19.6,1.8,2.1,3,25,2.0,215.0,10537.0,ssp245,2078,23.54,3.94,위험,433
대추,강원,삼척시,삼척,19.6,1.8,2.1,3,25,2.0,215.0,10537.0,ssp585,2028,21.38,1.78,경고,654
대추,강원,삼척시,삼척,19.6,1.8,2.1,3,25,2.0,215.0,10537.0,ssp585,2038,22.12,2.52,위험,573
대추,강원,삼척시,삼척,19.6,1.8,2.1,3,25,2.0,215.0,10537.0,ssp585,2048,22.92,3.32,위험,499
대추,강원,삼척시,삼척,19.6,1.8,2.1,3,25,2.0,215.0,10537.0,ssp585,2058,23.83,4.23,위험,423
대추,강원,삼척시,삼척,19.6,1.8,2.1,3,25,2.0,215.0,10537.0,ssp585,2068,24.8,5.2,위험,321
대추,강원,삼척시,삼척,19.6,1.8,2.1,3,25,2.0,215.0,10537.0,ssp585,2078,25.73,6.13,위험,240
대추,경북,칠곡군,칠곡,19.6,1.8,2.1,3,25,6.3,769.0,8265.0,관측,2005,20.33,0.73,경고,1232
대추,경북,칠곡군,칠곡,19.6,1.8,2.1,3,25,6.3,769.0,8265.0,ssp245,2028,22.17,2.57,위험,1060
대추,경북,칠곡군,칠곡,19.6,1.8,2.1,3,25,6.3,769.0,8265.0,ssp245,2038,22.66,3.06,위험,1017
대추,경북,칠곡군,칠곡,19.6,1.8,2.1,3,25,6.3,769.0,8265.0,ssp245,2048,23.13,3.53,위험,976
대추,경북,칠곡군,칠곡,19.6,1.8,2.1,3,25,6.3,769.0,8265.0,ssp245,2058,23.57,3.97,위험,941
대추,경북,칠곡군,칠곡,19.6,1.8,2.1,3,25,6.3,769.0,8265.0,ssp245,2068,23.89,4.29,위험,912
대추,경북,칠곡군,칠곡,19.6,1.8,2.1,3,25,6.3,769.0,8265.0,ssp245,2078,24.27,4.67,위험,868
대추,경북,칠곡군,칠곡,19.6,1.8,2.1,3,25,6.3,769.0,8265.0,ssp585,2028,22.36,2.76,위험,1060
대추,경북,칠곡군,칠곡,19.6,1.8,2.1,3,25,6.3,769.0,8265.0,ssp585,2038,23.03,3.43,위험,986
대추,경북,칠곡군,칠곡,19.6,1.8,2.1,3,25,6.3,769.0,8265.0,ssp585,2048,23.77,4.17,위험,909
대추,경북,칠곡군,칠곡,19.6,1.8,2.1,3,25,6.3,769.0,8265.0,ssp585,2058,24.59,4.99,위험,832
대추,경북,칠곡군,칠곡,19.6,1.8,2.1,3,25,6.3,769.0,8265.0,ssp585,2068,25.46,5.86,위험,723
대추,경북,칠곡군,칠곡,19.6,1.8,2.1,3,25,6.3,769.0,8265.0,ssp585,2078,26.31,6.71,위험,631
대추,전북,익산시,익산,19.6,1.8,2.1,3,25,5.2,470.0,13601.0,관측,2005,20.13,0.53,경고,1144
대추,전북,익산시,익산,19.6,1.8,2.1,3,25,5.2,470.0,13601.0,ssp245,2028,21.82,2.22,위험,963
대추,전북,익산시,익산,19.6,1.8,2.1,3,25,5.2,470.0,13601.0,ssp245,2038,22.28,2.68,위험,914
대추,전북,익산시,익산,19.6,1.8,2.1,3,25,5.2,470.0,13601.0,ssp245,2048,22.7,3.1,위험,871
대추,전북,익산시,익산,19.6,1.8,2.1,3,25,5.2,470.0,13601.0,ssp245,2058,23.1,3.5,위험,834
대추,전북,익산시,익산,19.6,1.8,2.1,3,25,5.2,470.0,13601.0,ssp245,2068,23.39,3.79,위험,803
대추,전북,익산시,익산,19.6,1.8,2.1,3,25,5.2,470.0,13601.0,ssp245,2078,23.75,4.15,위험,754
대추,전북,익산시,익산,19.6,1.8,2.1,3,25,5.2,470.0,13601.0,ssp585,2028,22.02,2.42,위험,955
대추,전북,익산시,익산,19.6,1.8,2.1,3,25,5.2,470.0,13601.0,ssp585,2038,22.64,3.04,위험,876
대추,전북,익산시,익산,19.6,1.8,2.1,3,25,5.2,470.0,13601.0,ssp585,2048,23.32,3.72,위험,789
대추,전북,익산시,익산,19.6,1.8,2.1,3,25,5.2,470.0,13601.0,ssp585,2058,24.06,4.46,위험,710
대추,전북,익산시,익산,19.6,1.8,2.1,3,25,5.2,470.0,13601.0,ssp585,2068,24.86,5.26,위험,602
대추,전북,익산시,익산,19.6,1.8,2.1,3,25,5.2,470.0,13601.0,ssp585,2078,25.65,6.05,위험,530
대추,충남,서천군,서천,19.6,1.8,2.1,3,25,1.7,724.0,13796.0,관측,2005,19.41,-0.19,적합,1180
대추,충남,서천군,서천,19.6,1.8,2.1,3,25,1.7,724.0,13796.0,ssp245,2028,21.0,1.4,경고,1011
대추,충남,서천군,서천,19.6,1.8,2.1,3,25,1.7,724.0,13796.0,ssp245,2038,21.42,1.82,주의,965
대추,충남,서천군,서천,19.6,1.8,2.1,3,25,1.7,724.0,13796.0,ssp245,2048,21.81,2.21,위험,924
대추,충남,서천군,서천,19.6,1.8,2.1,3,25,1.7,724.0,13796.0,ssp245,2058,22.18,2.58,위험,892
대추,충남,서천군,서천,19.6,1.8,2.1,3,25,1.7,724.0,13796.0,ssp245,2068,22.46,2.86,위험,863
대추,충남,서천군,서천,19.6,1.8,2.1,3,25,1.7,724.0,13796.0,ssp245,2078,22.8,3.2,위험,819
대추,충남,서천군,서천,19.6,1.8,2.1,3,25,1.7,724.0,13796.0,ssp585,2028,21.14,1.54,경고,1014
대추,충남,서천군,서천,19.6,1.8,2.1,3,25,1.7,724.0,13796.0,ssp585,2038,21.72,2.12,위험,940
대추,충남,서천군,서천,19.6,1.8,2.1,3,25,1.7,724.0,13796.0,ssp585,2048,22.35,2.75,위험,860
대추,충남,서천군,서천,19.6,1.8,2.1,3,25,1.7,724.0,13796.0,ssp585,2058,23.05,3.45,위험,790
대추,충남,서천군,서천,19.6,1.8,2.1,3,25,1.7,724.0,13796.0,ssp585,2068,23.8,4.2,위험,685
대추,충남,서천군,서천,19.6,1.8,2.1,3,25,1.7,724.0,13796.0,ssp585,2078,24.54,4.94,위험,600
대추,인천,강화군,강화,19.6,1.8,2.1,3,25,2.2,230.0,17598.0,관측,2005,18.5,-1.1,적합,1421
대추,인천,강화군,강화,19.6,1.8,2.1,3,25,2.2,230.0,17598.0,ssp245,2028,20.07,0.47,경고,1215
대추,인천,강화군,강화,19.6,1.8,2.1,3,25,2.2,230.0,17598.0,ssp245,2038,20.5,0.9,경고,1166
대추,인천,강화군,강화,19.6,1.8,2.1,3,25,2.2,230.0,17598.0,ssp245,2048,20.89,1.29,경고,1117
대추,인천,강화군,강화,19.6,1.8,2.1,3,25,2.2,230.0,17598.0,ssp245,2058,21.25,1.65,경고,1080
대추,인천,강화군,강화,19.6,1.8,2.1,3,25,2.2,230.0,17598.0,ssp245,2068,21.52,1.92,주의,1048
대추,인천,강화군,강화,19.6,1.8,2.1,3,25,2.2,230.0,17598.0,ssp245,2078,21.88,2.28,위험,998
대추,인천,강화군,강화,19.6,1.8,2.1,3,25,2.2,230.0,17598.0,ssp585,2028,20.21,0.61,경고,1194
대추,인천,강화군,강화,19.6,1.8,2.1,3,25,2.2,230.0,17598.0,ssp585,2038,20.83,1.23,경고,1116
대추,인천,강화군,강화,19.6,1.8,2.1,3,25,2.2,230.0,17598.0,ssp585,2048,21.44,1.84,주의,1028
대추,인천,강화군,강화,19.6,1.8,2.1,3,25,2.2,230.0,17598.0,ssp585,2058,22.18,2.58,위험,944
대추,인천,강화군,강화,19.6,1.8,2.1,3,25,2.2,230.0,17598.0,ssp585,2068,22.98,3.38,위험,823
대추,인천,강화군,강화,19.6,1.8,2.1,3,25,2.2,230.0,17598.0,ssp585,2078,23.77,4.17,위험,722
대추,경북,경주시,경주,19.6,1.8,2.1,3,25,11.8,3018.0,8712.0,관측,2005,19.94,0.34,경고,1108
대추,경북,경주시,경주,19.6,1.8,2.1,3,25,11.8,3018.0,8712.0,ssp245,2028,22.29,2.69,위험,920
대추,경북,경주시,경주,19.6,1.8,2.1,3,25,11.8,3018.0,8712.0,ssp245,2038,22.93,3.33,위험,874
대추,경북,경주시,경주,19.6,1.8,2.1,3,25,11.8,3018.0,8712.0,ssp245,2048,23.5,3.9,위험,827
대추,경북,경주시,경주,19.6,1.8,2.1,3,25,11.8,3018.0,8712.0,ssp245,2058,24.08,4.48,위험,788
대추,경북,경주시,경주,19.6,1.8,2.1,3,25,11.8,3018.0,8712.0,ssp245,2068,24.49,4.89,위험,762
대추,경북,경주시,경주,19.6,1.8,2.1,3,25,11.8,3018.0,8712.0,ssp245,2078,24.96,5.36,위험,718
대추,경북,경주시,경주,19.6,1.8,2.1,3,25,11.8,3018.0,8712.0,ssp585,2028,22.43,2.83,위험,953
대추,경북,경주시,경주,19.6,1.8,2.1,3,25,11.8,3018.0,8712.0,ssp585,2038,23.32,3.72,위험,873
대추,경북,경주시,경주,19.6,1.8,2.1,3,25,11.8,3018.0,8712.0,ssp585,2048,24.3,4.7,위험,787
대추,경북,경주시,경주,19.6,1.8,2.1,3,25,11.8,3018.0,8712.0,ssp585,2058,25.35,5.75,위험,701
대추,경북,경주시,경주,19.6,1.8,2.1,3,25,11.8,3018.0,8712.0,ssp585,2068,26.44,6.84,위험,597
대추,경북,경주시,경주,19.6,1.8,2.1,3,25,11.8,3018.0,8712.0,ssp585,2078,27.47,7.87,위험,520
대추,경남,양산시,양산,19.6,1.8,2.1,3,25,2.6,1177.0,14467.0,관측,2005,21.23,1.63,경고,811
대추,경남,양산시,양산,19.6,1.8,2.1,3,25,2.6,1177.0,14467.0,ssp245,2028,23.65,4.05,위험,615
대추,경남,양산시,양산,19.6,1.8,2.1,3,25,2.6,1177.0,14467.0,ssp245,2038,24.34,4.74,위험,578
대추,경남,양산시,양산,19.6,1.8,2.1,3,25,2.6,1177.0,14467.0,ssp245,2048,24.88,5.28,위험,543
대추,경남,양산시,양산,19.6,1.8,2.1,3,25,2.6,1177.0,14467.0,ssp245,2058,25.5,5.9,위험,509
대추,경남,양산시,양산,19.6,1.8,2.1,3,25,2.6,1177.0,14467.0,ssp245,2068,25.94,6.34,위험,494
대추,경남,양산시,양산,19.6,1.8,2.1,3,25,2.6,1177.0,14467.0,ssp245,2078,26.45,6.85,위험,460
대추,경남,양산시,양산,19.6,1.8,2.1,3,25,2.6,1177.0,14467.0,ssp585,2028,23.81,4.21,위험,647
대추,경남,양산시,양산,19.6,1.8,2.1,3,25,2.6,1177.0,14467.0,ssp585,2038,24.72,5.12,위험,584
대추,경남,양산시,양산,19.6,1.8,2.1,3,25,2.6,1177.0,14467.0,ssp585,2048,25.71,6.11,위험,515
대추,경남,양산시,양산,19.6,1.8,2.1,3,25,2.6,1177.0,14467.0,ssp585,2058,26.83,7.23,위험,448
대추,경남,양산시,양산,19.6,1.8,2.1,3,25,2.6,1177.0,14467.0,ssp585,2068,27.95,8.35,위험,348
대추,경남,양산시,양산,19.6,1.8,2.1,3,25,2.6,1177.0,14467.0,ssp585,2078,29.04,9.44,위험,264
대추,충남,청양군,청양,19.6,1.8,2.1,3,25,12.2,956.0,15940.0,관측,2005,18.89,-0.71,적합,1457
대추,충남,청양군,청양,19.6,1.8,2.1,3,25,12.2,956.0,15940.0,ssp245,2028,20.83,1.23,경고,1260
대추,충남,청양군,청양,19.6,1.8,2.1,3,25,12.2,956.0,15940.0,ssp245,2038,21.34,1.74,경고,1207
대추,충남,청양군,청양,19.6,1.8,2.1,3,25,12.2,956.0,15940.0,ssp245,2048,21.81,2.21,위험,1161
대추,충남,청양군,청양,19.6,1.8,2.1,3,25,12.2,956.0,15940.0,ssp245,2058,22.26,2.66,위험,1121
대추,충남,청양군,청양,19.6,1.8,2.1,3,25,12.2,956.0,15940.0,ssp245,2068,22.6,3.0,위험,1083
대추,충남,청양군,청양,19.6,1.8,2.1,3,25,12.2,956.0,15940.0,ssp245,2078,23.0,3.4,위험,1032
대추,충남,청양군,청양,19.6,1.8,2.1,3,25,12.2,956.0,15940.0,ssp585,2028,21.0,1.4,경고,1261
대추,충남,청양군,청양,19.6,1.8,2.1,3,25,12.2,956.0,15940.0,ssp585,2038,21.71,2.11,위험,1176
대추,충남,청양군,청양,19.6,1.8,2.1,3,25,12.2,956.0,15940.0,ssp585,2048,22.47,2.87,위험,1081
대추,충남,청양군,청양,19.6,1.8,2.1,3,25,12.2,956.0,15940.0,ssp585,2058,23.32,3.72,위험,998
대추,충남,청양군,청양,19.6,1.8,2.1,3,25,12.2,956.0,15940.0,ssp585,2068,24.22,4.62,위험,869
대추,충남,청양군,청양,19.6,1.8,2.1,3,25,12.2,956.0,15940.0,ssp585,2078,25.13,5.53,위험,756
대추,충북,괴산군,괴산,19.6,1.8,2.1,3,25,10.4,285.0,17742.0,관측,2005,18.76,-0.84,적합,1567
대추,충북,괴산군,괴산,19.6,1.8,2.1,3,25,10.4,285.0,17742.0,ssp245,2028,20.26,0.66,경고,1369
대추,충북,괴산군,괴산,19.6,1.8,2.1,3,25,10.4,285.0,17742.0,ssp245,2038,20.65,1.05,경고,1321
대추,충북,괴산군,괴산,19.6,1.8,2.1,3,25,10.4,285.0,17742.0,ssp245,2048,21.01,1.41,경고,1277
대추,충북,괴산군,괴산,19.6,1.8,2.1,3,25,10.4,285.0,17742.0,ssp245,2058,21.37,1.77,경고,1236
대추,충북,괴산군,괴산,19.6,1.8,2.1,3,25,10.4,285.0,17742.0,ssp245,2068,21.64,2.04,주의,1202
대추,충북,괴산군,괴산,19.6,1.8,2.1,3,25,10.4,285.0,17742.0,ssp245,2078,21.95,2.35,위험,1157
대추,충북,괴산군,괴산,19.6,1.8,2.1,3,25,10.4,285.0,17742.0,ssp585,2028,20.45,0.85,경고,1362
대추,충북,괴산군,괴산,19.6,1.8,2.1,3,25,10.4,285.0,17742.0,ssp585,2038,20.99,1.39,경고,1282
대추,충북,괴산군,괴산,19.6,1.8,2.1,3,25,10.4,285.0,17742.0,ssp585,2048,21.58,1.98,주의,1195
대추,충북,괴산군,괴산,19.6,1.8,2.1,3,25,10.4,285.0,17742.0,ssp585,2058,22.26,2.66,위험,1111
대추,충북,괴산군,괴산,19.6,1.8,2.1,3,25,10.4,285.0,17742.0,ssp585,2068,23.0,3.4,위험,999
대추,충북,괴산군,괴산,19.6,1.8,2.1,3,25,10.4,285.0,17742.0,ssp585,2078,23.74,4.14,위험,906
대추,전북,군산시,군산,19.6,1.8,2.1,3,25,1.3,198.0,19226.0,관측,2005,19.71,0.11,경고,960
대추,전북,군산시,군산,19.6,1.8,2.1,3,25,1.3,198.0,19226.0,ssp245,2028,21.2,1.6,경고,798
대추,전북,군산시,군산,19.6,1.8,2.1,3,25,1.3,198.0,19226.0,ssp245,2038,21.6,2.0,주의,756
대추,전북,군산시,군산,19.6,1.8,2.1,3,25,1.3,198.0,19226.0,ssp245,2048,21.96,2.36,위험,717
대추,전북,군산시,군산,19.6,1.8,2.1,3,25,1.3,198.0,19226.0,ssp245,2058,22.31,2.71,위험,684
대추,전북,군산시,군산,19.6,1.8,2.1,3,25,1.3,198.0,19226.0,ssp245,2068,22.57,2.97,위험,656
대추,전북,군산시,군산,19.6,1.8,2.1,3,25,1.3,198.0,19226.0,ssp245,2078,22.89,3.29,위험,628
대추,전북,군산시,군산,19.6,1.8,2.1,3,25,1.3,198.0,19226.0,ssp585,2028,21.33,1.73,경고,800
대추,전북,군산시,군산,19.6,1.8,2.1,3,25,1.3,198.0,19226.0,ssp585,2038,21.88,2.28,위험,731
대추,전북,군산시,군산,19.6,1.8,2.1,3,25,1.3,198.0,19226.0,ssp585,2048,22.47,2.87,위험,655
대추,전북,군산시,군산,19.6,1.8,2.1,3,25,1.3,198.0,19226.0,ssp585,2058,23.14,3.54,위험,602
대추,전북,군산시,군산,19.6,1.8,2.1,3,25,1.3,198.0,19226.0,ssp585,2068,23.85,4.25,위험,528
대추,전북,군산시,군산,19.6,1.8,2.1,3,25,1.3,198.0,19226.0,ssp585,2078,24.57,4.97,위험,467
대추,강원,양양군,양양,19.6,1.8,2.1,3,25,1.4,136.0,10324.0,관측,2005,19.11,-0.49,적합,951
대추,강원,양양군,양양,19.6,1.8,2.1,3,25,1.4,136.0,10324.0,ssp245,2028,21.09,1.49,경고,732
대추,강원,양양군,양양,19.6,1.8,2.1,3,25,1.4,136.0,10324.0,ssp245,2038,21.58,1.98,주의,684
대추,강원,양양군,양양,19.6,1.8,2.1,3,25,1.4,136.0,10324.0,ssp245,2048,22.06,2.46,위험,632
대추,강원,양양군,양양,19.6,1.8,2.1,3,25,1.4,136.0,10324.0,ssp245,2058,22.54,2.94,위험,591
대추,강원,양양군,양양,19.6,1.8,2.1,3,25,1.4,136.0,10324.0,ssp245,2068,22.83,3.23,위험,565
대추,강원,양양군,양양,19.6,1.8,2.1,3,25,1.4,136.0,10324.0,ssp245,2078,23.24,3.64,위험,524
대추,강원,양양군,양양,19.6,1.8,2.1,3,25,1.4,136.0,10324.0,ssp585,2028,21.14,1.54,경고,764
대추,강원,양양군,양양,19.6,1.8,2.1,3,25,1.4,136.0,10324.0,ssp585,2038,21.85,2.25,위험,680
대추,강원,양양군,양양,19.6,1.8,2.1,3,25,1.4,136.0,10324.0,ssp585,2048,22.62,3.02,위험,590
대추,강원,양양군,양양,19.6,1.8,2.1,3,25,1.4,136.0,10324.0,ssp585,2058,23.5,3.9,위험,516
대추,강원,양양군,양양,19.6,1.8,2.1,3,25,1.4,136.0,10324.0,ssp585,2068,24.47,4.87,위험,413
대추,강원,양양군,양양,19.6,1.8,2.1,3,25,1.4,136.0,10324.0,ssp585,2078,25.41,5.81,위험,331
대추,경남,창녕군,창녕,19.6,1.8,2.1,3,25,1.7,2434.0,10614.0,관측,2005,20.59,0.99,경고,1304
대추,경남,창녕군,창녕,19.6,1.8,2.1,3,25,1.7,2434.0,10614.0,ssp245,2028,22.51,2.91,위험,1132
대추,경남,창녕군,창녕,19.6,1.8,2.1,3,25,1.7,2434.0,10614.0,ssp245,2038,23.04,3.44,위험,1087
대추,경남,창녕군,창녕,19.6,1.8,2.1,3,25,1.7,2434.0,10614.0,ssp245,2048,23.52,3.92,위험,1044
대추,경남,창녕군,창녕,19.6,1.8,2.1,3,25,1.7,2434.0,10614.0,ssp245,2058,23.99,4.39,위험,1008
대추,경남,창녕군,창녕,19.6,1.8,2.1,3,25,1.7,2434.0,10614.0,ssp245,2068,24.34,4.74,위험,979
대추,경남,창녕군,창녕,19.6,1.8,2.1,3,25,1.7,2434.0,10614.0,ssp245,2078,24.73,5.13,위험,933
대추,경남,창녕군,창녕,19.6,1.8,2.1,3,25,1.7,2434.0,10614.0,ssp585,2028,22.7,3.1,위험,1142
대추,경남,창녕군,창녕,19.6,1.8,2.1,3,25,1.7,2434.0,10614.0,ssp585,2038,23.41,3.81,위험,1067
대추,경남,창녕군,창녕,19.6,1.8,2.1,3,25,1.7,2434.0,10614.0,ssp585,2048,24.19,4.59,위험,986
대추,경남,창녕군,창녕,19.6,1.8,2.1,3,25,1.7,2434.0,10614.0,ssp585,2058,25.07,5.47,위험,905
대추,경남,창녕군,창녕,19.6,1.8,2.1,3,25,1.7,2434.0,10614.0,ssp585,2068,25.97,6.37,위험,788
대추,경남,창녕군,창녕,19.6,1.8,2.1,3,25,1.7,2434.0,10614.0,ssp585,2078,26.83,7.23,위험,687
대추,경북,울진군,울진,19.6,1.8,2.1,3,25,2.5,241.0,8690.0,관측,2005,18.56,-1.04,적합,900
대추,경북,울진군,울진,19.6,1.8,2.1,3,25,2.5,241.0,8690.0,ssp245,2028,20.67,1.07,경고,702
대추,경북,울진군,울진,19.6,1.8,2.1,3,25,2.5,241.0,8690.0,ssp245,2038,21.25,1.65,경고,658
대추,경북,울진군,울진,19.6,1.8,2.1,3,25,2.5,241.0,8690.0,ssp245,2048,21.75,2.15,위험,612
대추,경북,울진군,울진,19.6,1.8,2.1,3,25,2.5,241.0,8690.0,ssp245,2058,22.34,2.74,위험,570
대추,경북,울진군,울진,19.6,1.8,2.1,3,25,2.5,241.0,8690.0,ssp245,2068,22.71,3.11,위험,545
대추,경북,울진군,울진,19.6,1.8,2.1,3,25,2.5,241.0,8690.0,ssp245,2078,23.17,3.57,위험,512
대추,경북,울진군,울진,19.6,1.8,2.1,3,25,2.5,241.0,8690.0,ssp585,2028,20.8,1.2,경고,730
대추,경북,울진군,울진,19.6,1.8,2.1,3,25,2.5,241.0,8690.0,ssp585,2038,21.61,2.01,주의,650
대추,경북,울진군,울진,19.6,1.8,2.1,3,25,2.5,241.0,8690.0,ssp585,2048,22.51,2.91,위험,562
대추,경북,울진군,울진,19.6,1.8,2.1,3,25,2.5,241.0,8690.0,ssp585,2058,23.52,3.92,위험,493
대추,경북,울진군,울진,19.6,1.8,2.1,3,25,2.5,241.0,8690.0,ssp585,2068,24.61,5.01,위험,398
대추,경북,울진군,울진,19.6,1.8,2.1,3,25,2.5,241.0,8690.0,ssp585,2078,25.64,6.04,위험,321
대추,경북,영주시,영주,19.6,1.8,2.1,3,25,11.8,874.0,14562.0,관측,2005,18.67,-0.93,적합,1400
대추,경북,영주시,영주,19.6,1.8,2.1,3,25,11.8,874.0,14562.0,ssp245,2028,20.39,0.79,경고,1191
대추,경북,영주시,영주,19.6,1.8,2.1,3,25,11.8,874.0,14562.0,ssp245,2038,20.82,1.22,경고,1143
대추,경북,영주시,영주,19.6,1.8,2.1,3,25,11.8,874.0,14562.0,ssp245,2048,21.24,1.64,경고,1097
대추,경북,영주시,영주,19.6,1.8,2.1,3,25,11.8,874.0,14562.0,ssp245,2058,21.64,2.04,주의,1052
대추,경북,영주시,영주,19.6,1.8,2.1,3,25,11.8,874.0,14562.0,ssp245,2068,21.93,2.33,위험,1014
대추,경북,영주시,영주,19.6,1.8,2.1,3,25,11.8,874.0,14562.0,ssp245,2078,22.29,2.69,위험,965
대추,경북,영주시,영주,19.6,1.8,2.1,3,25,11.8,874.0,14562.0,ssp585,2028,20.55,0.95,경고,1193
대추,경북,영주시,영주,19.6,1.8,2.1,3,25,11.8,874.0,14562.0,ssp585,2038,21.16,1.56,경고,1108
대추,경북,영주시,영주,19.6,1.8,2.1,3,25,11.8,874.0,14562.0,ssp585,2048,21.81,2.21,위험,1018
대추,경북,영주시,영주,19.6,1.8,2.1,3,25,11.8,874.0,14562.0,ssp585,2058,22.57,2.97,위험,928
대추,경북,영주시,영주,19.6,1.8,2.1,3,25,11.8,874.0,14562.0,ssp585,2068,23.39,3.79,위험,808
대추,경북,영주시,영주,19.6,1.8,2.1,3,25,11.8,874.0,14562.0,ssp585,2078,24.21,4.61,위험,706
대추,충남,예산군,예산,19.6,1.8,2.1,3,25,4.9,798.0,12608.0,관측,2005,19.93,0.33,경고,1277
대추,충남,예산군,예산,19.6,1.8,2.1,3,25,4.9,798.0,12608.0,ssp245,2028,21.64,2.04,주의,1094
대추,충남,예산군,예산,19.6,1.8,2.1,3,25,4.9,798.0,12608.0,ssp245,2038,22.1,2.5,위험,1046
대추,충남,예산군,예산,19.6,1.8,2.1,3,25,4.9,798.0,12608.0,ssp245,2048,22.51,2.91,위험,1002
대추,충남,예산군,예산,19.6,1.8,2.1,3,25,4.9,798.0,12608.0,ssp245,2058,22.92,3.32,위험,965
대추,충남,예산군,예산,19.6,1.8,2.1,3,25,4.9,798.0,12608.0,ssp245,2068,23.22,3.62,위험,931
대추,충남,예산군,예산,19.6,1.8,2.1,3,25,4.9,798.0,12608.0,ssp245,2078,23.58,3.98,위험,884
대추,충남,예산군,예산,19.6,1.8,2.1,3,25,4.9,798.0,12608.0,ssp585,2028,21.78,2.18,위험,1098
대추,충남,예산군,예산,19.6,1.8,2.1,3,25,4.9,798.0,12608.0,ssp585,2038,22.42,2.82,위험,1020
대추,충남,예산군,예산,19.6,1.8,2.1,3,25,4.9,798.0,12608.0,ssp585,2048,23.1,3.5,위험,932
대추,충남,예산군,예산,19.6,1.8,2.1,3,25,4.9,798.0,12608.0,ssp585,2058,23.86,4.26,위험,856
대추,충남,예산군,예산,19.6,1.8,2.1,3,25,4.9,798.0,12608.0,ssp585,2068,24.68,5.08,위험,737
대추,충남,예산군,예산,19.6,1.8,2.1,3,25,4.9,798.0,12608.0,ssp585,2078,25.51,5.91,위험,638
대추,전남,고흥군,고흥,19.6,1.8,2.1,3,25,,,,관측,2005,19.84,0.24,경고,981
대추,전남,고흥군,고흥,19.6,1.8,2.1,3,25,,,,ssp245,2028,21.72,2.12,위험,799
대추,전남,고흥군,고흥,19.6,1.8,2.1,3,25,,,,ssp245,2038,22.22,2.62,위험,749
대추,전남,고흥군,고흥,19.6,1.8,2.1,3,25,,,,ssp245,2048,22.67,3.07,위험,705
대추,전남,고흥군,고흥,19.6,1.8,2.1,3,25,,,,ssp245,2058,23.15,3.55,위험,663
대추,전남,고흥군,고흥,19.6,1.8,2.1,3,25,,,,ssp245,2068,23.51,3.91,위험,632
대추,전남,고흥군,고흥,19.6,1.8,2.1,3,25,,,,ssp245,2078,23.9,4.3,위험,588
대추,전남,고흥군,고흥,19.6,1.8,2.1,3,25,,,,ssp585,2028,21.88,2.28,위험,795
대추,전남,고흥군,고흥,19.6,1.8,2.1,3,25,,,,ssp585,2038,22.6,3.0,위험,716
대추,전남,고흥군,고흥,19.6,1.8,2.1,3,25,,,,ssp585,2048,23.38,3.78,위험,625
대추,전남,고흥군,고흥,19.6,1.8,2.1,3,25,,,,ssp585,2058,24.23,4.63,위험,553
대추,전남,고흥군,고흥,19.6,1.8,2.1,3,25,,,,ssp585,2068,25.11,5.51,위험,466
대추,전남,고흥군,고흥,19.6,1.8,2.1,3,25,,,,ssp585,2078,25.96,6.36,위험,392
대추,강원,동해시,동해,19.6,1.8,2.1,3,25,0.8,331.0,8561.0,관측,2005,18.66,-0.94,적합,867
대추,강원,동해시,동해,19.6,1.8,2.1,3,25,0.8,331.0,8561.0,ssp245,2028,20.6,1.0,경고,662
대추,강원,동해시,동해,19.6,1.8,2.1,3,25,0.8,331.0,8561.0,ssp245,2038,21.13,1.53,경고,617
대추,강원,동해시,동해,19.6,1.8,2.1,3,25,0.8,331.0,8561.0,ssp245,2048,21.55,1.95,주의,575
대추,강원,동해시,동해,19.6,1.8,2.1,3,25,0.8,331.0,8561.0,ssp245,2058,22.07,2.47,위험,543
대추,강원,동해시,동해,19.6,1.8,2.1,3,25,0.8,331.0,8561.0,ssp245,2068,22.37,2.77,위험,527
대추,강원,동해시,동해,19.6,1.8,2.1,3,25,0.8,331.0,8561.0,ssp245,2078,22.77,3.17,위험,492
대추,강원,동해시,동해,19.6,1.8,2.1,3,25,0.8,331.0,8561.0,ssp585,2028,20.63,1.03,경고,708
대추,강원,동해시,동해,19.6,1.8,2.1,3,25,0.8,331.0,8561.0,ssp585,2038,21.38,1.78,경고,629
대추,강원,동해시,동해,19.6,1.8,2.1,3,25,0.8,331.0,8561.0,ssp585,2048,22.17,2.57,위험,553
대추,강원,동해시,동해,19.6,1.8,2.1,3,25,0.8,331.0,8561.0,ssp585,2058,23.06,3.46,위험,485
대추,강원,동해시,동해,19.6,1.8,2.1,3,25,0.8,331.0,8561.0,ssp585,2068,24.02,4.42,위험,392
대추,강원,동해시,동해,19.6,1.8,2.1,3,25,0.8,331.0,8561.0,ssp585,2078,24.94,5.34,위험,318
대추,경기,김포시,김포,19.6,1.8,2.1,3,25,5.6,229.0,14238.0,관측,2005,19.39,-0.21,적합,1353
대추,경기,김포시,김포,19.6,1.8,2.1,3,25,5.6,229.0,14238.0,ssp245,2028,20.69,1.09,경고,1169
대추,경기,김포시,김포,19.6,1.8,2.1,3,25,5.6,229.0,14238.0,ssp245,2038,21.04,1.44,경고,1124
대추,경기,김포시,김포,19.6,1.8,2.1,3,25,5.6,229.0,14238.0,ssp245,2048,21.36,1.76,경고,1080
대추,경기,김포시,김포,19.6,1.8,2.1,3,25,5.6,229.0,14238.0,ssp245,2058,21.67,2.07,주의,1047
대추,경기,김포시,김포,19.6,1.8,2.1,3,25,5.6,229.0,14238.0,ssp245,2068,21.91,2.31,위험,1018
대추,경기,김포시,김포,19.6,1.8,2.1,3,25,5.6,229.0,14238.0,ssp245,2078,22.21,2.61,위험,974
대추,경기,김포시,김포,19.6,1.8,2.1,3,25,5.6,229.0,14238.0,ssp585,2028,20.79,1.19,경고,1168
대추,경기,김포시,김포,19.6,1.8,2.1,3,25,5.6,229.0,14238.0,ssp585,2038,21.3,1.7,경고,1098
대추,경기,김포시,김포,19.6,1.8,2.1,3,25,5.6,229.0,14238.0,ssp585,2048,21.83,2.23,위험,1017
대추,경기,김포시,김포,19.6,1.8,2.1,3,25,5.6,229.0,14238.0,ssp585,2058,22.46,2.86,위험,941
대추,경기,김포시,김포,19.6,1.8,2.1,3,25,5.6,229.0,14238.0,ssp585,2068,23.16,3.56,위험,835
대추,경기,김포시,김포,19.6,1.8,2.1,3,25,5.6,229.0,14238.0,ssp585,2078,23.86,4.26,위험,748
대추,충남,천안시,천안,19.6,1.8,2.1,3,25,32.3,158.0,11021.0,관측,2005,19.24,-0.36,적합,1379
대추,충남,천안시,천안,19.6,1.8,2.1,3,25,32.3,158.0,11021.0,ssp245,2028,20.9,1.3,경고,1187
대추,충남,천안시,천안,19.6,1.8,2.1,3,25,32.3,158.0,11021.0,ssp245,2038,21.34,1.74,경고,1139
대추,충남,천안시,천안,19.6,1.8,2.1,3,25,32.3,158.0,11021.0,ssp245,2048,21.74,2.14,위험,1096
대추,충남,천안시,천안,19.6,1.8,2.1,3,25,32.3,158.0,11021.0,ssp245,2058,22.13,2.53,위험,1056
대추,충남,천안시,천안,19.6,1.8,2.1,3,25,32.3,158.0,11021.0,ssp245,2068,22.42,2.82,위험,1021
대추,충남,천안시,천안,19.6,1.8,2.1,3,25,32.3,158.0,11021.0,ssp245,2078,22.76,3.16,위험,972
대추,충남,천안시,천안,19.6,1.8,2.1,3,25,32.3,158.0,11021.0,ssp585,2028,21.06,1.46,경고,1183
대추,충남,천안시,천안,19.6,1.8,2.1,3,25,32.3,158.0,11021.0,ssp585,2038,21.67,2.07,주의,1104
대추,충남,천안시,천안,19.6,1.8,2.1,3,25,32.3,158.0,11021.0,ssp585,2048,22.33,2.73,위험,1015
대추,충남,천안시,천안,19.6,1.8,2.1,3,25,32.3,158.0,11021.0,ssp585,2058,23.07,3.47,위험,932
대추,충남,천안시,천안,19.6,1.8,2.1,3,25,32.3,158.0,11021.0,ssp585,2068,23.87,4.27,위험,815
대추,충남,천안시,천안,19.6,1.8,2.1,3,25,32.3,158.0,11021.0,ssp585,2078,24.67,5.07,위험,715
대추,경북,영덕군,영덕,19.6,1.8,2.1,3,25,1.6,1210.0,14792.0,관측,2005,19.1,-0.5,적합,924
대추,경북,영덕군,영덕,19.6,1.8,2.1,3,25,1.6,1210.0,14792.0,ssp245,2028,21.3,1.7,경고,741
대추,경북,영덕군,영덕,19.6,1.8,2.1,3,25,1.6,1210.0,14792.0,ssp245,2038,21.89,2.29,위험,700
대추,경북,영덕군,영덕,19.6,1.8,2.1,3,25,1.6,1210.0,14792.0,ssp245,2048,22.41,2.81,위험,657
대추,경북,영덕군,영덕,19.6,1.8,2.1,3,25,1.6,1210.0,14792.0,ssp245,2058,23.0,3.4,위험,619
대추,경북,영덕군,영덕,19.6,1.8,2.1,3,25,1.6,1210.0,14792.0,ssp245,2068,23.37,3.77,위험,590
대추,경북,영덕군,영덕,19.6,1.8,2.1,3,25,1.6,1210.0,14792.0,ssp245,2078,23.83,4.23,위험,558
대추,경북,영덕군,영덕,19.6,1.8,2.1,3,25,1.6,1210.0,14792.0,ssp585,2028,21.44,1.84,주의,768
대추,경북,영덕군,영덕,19.6,1.8,2.1,3,25,1.6,1210.0,14792.0,ssp585,2038,22.26,2.66,위험,694
대추,경북,영덕군,영덕,19.6,1.8,2.1,3,25,1.6,1210.0,14792.0,ssp585,2048,23.17,3.57,위험,611
대추,경북,영덕군,영덕,19.6,1.8,2.1,3,25,1.6,1210.0,14792.0,ssp585,2058,24.19,4.59,위험,540
대추,경북,영덕군,영덕,19.6,1.8,2.1,3,25,1.6,1210.0,14792.0,ssp585,2068,25.27,5.67,위험,453
대추,경북,영덕군,영덕,19.6,1.8,2.1,3,25,1.6,1210.0,14792.0,ssp585,2078,26.29,6.69,위험,380
대추,경북,영천시,영천,19.6,1.8,2.1,3,25,34.9,12002.0,7519.0,관측,2005,19.57,-0.03,적합,1271
대추,경북,영천시,영천,19.6,1.8,2.1,3,25,34.9,12002.0,7519.0,ssp245,2028,21.76,2.16,위험,1081
대추,경북,영천시,영천,19.6,1.8,2.1,3,25,34.9,12002.0,7519.0,ssp245,2038,22.34,2.74,위험,1036
대추,경북,영천시,영천,19.6,1.8,2.1,3,25,34.9,12002.0,7519.0,ssp245,2048,22.87,3.27,위험,990
대추,경북,영천시,영천,19.6,1.8,2.1,3,25,34.9,12002.0,7519.0,ssp245,2058,23.4,3.8,위험,951
대추,경북,영천시,영천,19.6,1.8,2.1,3,25,34.9,12002.0,7519.0,ssp245,2068,23.78,4.18,위험,923
대추,경북,영천시,영천,19.6,1.8,2.1,3,25,34.9,12002.0,7519.0,ssp245,2078,24.22,4.62,위험,878
대추,경북,영천시,영천,19.6,1.8,2.1,3,25,34.9,12002.0,7519.0,ssp585,2028,21.93,2.33,위험,1094
대추,경북,영천시,영천,19.6,1.8,2.1,3,25,34.9,12002.0,7519.0,ssp585,2038,22.75,3.15,위험,1013
대추,경북,영천시,영천,19.6,1.8,2.1,3,25,34.9,12002.0,7519.0,ssp585,2048,23.65,4.05,위험,929
대추,경북,영천시,영천,19.6,1.8,2.1,3,25,34.9,12002.0,7519.0,ssp585,2058,24.62,5.02,위험,843
대추,경북,영천시,영천,19.6,1.8,2.1,3,25,34.9,12002.0,7519.0,ssp585,2068,25.63,6.03,위험,721
대추,경북,영천시,영천,19.6,1.8,2.1,3,25,34.9,12002.0,7519.0,ssp585,2078,26.62,7.02,위험,617
대추,충북,청주시,청주,19.6,1.8,2.1,3,25,60.7,331.0,20185.0,관측,2005,20.37,0.77,경고,1190
대추,충북,청주시,청주,19.6,1.8,2.1,3,25,60.7,331.0,20185.0,ssp245,2028,21.92,2.32,위험,1004
대추,충북,청주시,청주,19.6,1.8,2.1,3,25,60.7,331.0,20185.0,ssp245,2038,22.32,2.72,위험,957
대추,충북,청주시,청주,19.6,1.8,2.1,3,25,60.7,331.0,20185.0,ssp245,2048,22.69,3.09,위험,916
대추,충북,청주시,청주,19.6,1.8,2.1,3,25,60.7,331.0,20185.0,ssp245,2058,23.05,3.45,위험,876
대추,충북,청주시,청주,19.6,1.8,2.1,3,25,60.7,331.0,20185.0,ssp245,2068,23.33,3.73,위험,843
대추,충북,청주시,청주,19.6,1.8,2.1,3,25,60.7,331.0,20185.0,ssp245,2078,23.64,4.04,위험,798
대추,충북,청주시,청주,19.6,1.8,2.1,3,25,60.7,331.0,20185.0,ssp585,2028,22.06,2.46,위험,1006
대추,충북,청주시,청주,19.6,1.8,2.1,3,25,60.7,331.0,20185.0,ssp585,2038,22.62,3.02,위험,929
대추,충북,청주시,청주,19.6,1.8,2.1,3,25,60.7,331.0,20185.0,ssp585,2048,23.23,3.63,위험,844
대추,충북,청주시,청주,19.6,1.8,2.1,3,25,60.7,331.0,20185.0,ssp585,2058,23.92,4.32,위험,763
대추,충북,청주시,청주,19.6,1.8,2.1,3,25,60.7,331.0,20185.0,ssp585,2068,24.66,5.06,위험,651
대추,충북,청주시,청주,19.6,1.8,2.1,3,25,60.7,331.0,20185.0,ssp585,2078,25.41,5.81,위험,568
대추,전남,목포시,목포,19.6,1.8,2.1,3,25,0.9,2.0,13228.0,관측,2005,20.26,0.66,경고,703
대추,전남,목포시,목포,19.6,1.8,2.1,3,25,0.9,2.0,13228.0,ssp245,2028,21.89,2.29,위험,572
대추,전남,목포시,목포,19.6,1.8,2.1,3,25,0.9,2.0,13228.0,ssp245,2038,22.3,2.7,위험,542
대추,전남,목포시,목포,19.6,1.8,2.1,3,25,0.9,2.0,13228.0,ssp245,2048,22.69,3.09,위험,515
대추,전남,목포시,목포,19.6,1.8,2.1,3,25,0.9,2.0,13228.0,ssp245,2058,23.07,3.47,위험,486
대추,전남,목포시,목포,19.6,1.8,2.1,3,25,0.9,2.0,13228.0,ssp245,2068,23.38,3.78,위험,471
대추,전남,목포시,목포,19.6,1.8,2.1,3,25,0.9,2.0,13228.0,ssp245,2078,23.71,4.11,위험,444
대추,전남,목포시,목포,19.6,1.8,2.1,3,25,0.9,2.0,13228.0,ssp585,2028,21.99,2.39,위험,565
대추,전남,목포시,목포,19.6,1.8,2.1,3,25,0.9,2.0,13228.0,ssp585,2038,22.62,3.02,위험,518
대추,전남,목포시,목포,19.6,1.8,2.1,3,25,0.9,2.0,13228.0,ssp585,2048,23.25,3.65,위험,462
대추,전남,목포시,목포,19.6,1.8,2.1,3,25,0.9,2.0,13228.0,ssp585,2058,23.97,4.37,위험,411
대추,전남,목포시,목포,19.6,1.8,2.1,3,25,0.9,2.0,13228.0,ssp585,2068,24.73,5.13,위험,336
대추,전남,목포시,목포,19.6,1.8,2.1,3,25,0.9,2.0,13228.0,ssp585,2078,25.47,5.87,위험,269
대추,충남,금산군,금산,19.6,1.8,2.1,3,25,10.5,391.0,13984.0,관측,2005,18.93,-0.67,적합,1454
대추,충남,금산군,금산,19.6,1.8,2.1,3,25,10.5,391.0,13984.0,ssp245,2028,20.64,1.04,경고,1260
대추,충남,금산군,금산,19.6,1.8,2.1,3,25,10.5,391.0,13984.0,ssp245,2038,21.09,1.49,경고,1209
대추,충남,금산군,금산,19.6,1.8,2.1,3,25,10.5,391.0,13984.0,ssp245,2048,21.52,1.92,주의,1165
대추,충남,금산군,금산,19.6,1.8,2.1,3,25,10.5,391.0,13984.0,ssp245,2058,21.91,2.31,위험,1124
대추,충남,금산군,금산,19.6,1.8,2.1,3,25,10.5,391.0,13984.0,ssp245,2068,22.21,2.61,위험,1092
대추,충남,금산군,금산,19.6,1.8,2.1,3,25,10.5,391.0,13984.0,ssp245,2078,22.55,2.95,위험,1042
대추,충남,금산군,금산,19.6,1.8,2.1,3,25,10.5,391.0,13984.0,ssp585,2028,20.81,1.21,경고,1263
대추,충남,금산군,금산,19.6,1.8,2.1,3,25,10.5,391.0,13984.0,ssp585,2038,21.43,1.83,주의,1178
대추,충남,금산군,금산,19.6,1.8,2.1,3,25,10.5,391.0,13984.0,ssp585,2048,22.11,2.51,위험,1089
대추,충남,금산군,금산,19.6,1.8,2.1,3,25,10.5,391.0,13984.0,ssp585,2058,22.86,3.26,위험,1004
대추,충남,금산군,금산,19.6,1.8,2.1,3,25,10.5,391.0,13984.0,ssp585,2068,23.64,4.04,위험,889
대추,충남,금산군,금산,19.6,1.8,2.1,3,25,10.5,391.0,13984.0,ssp585,2078,24.43,4.83,위험,792
대추,경남,거제시,거제,19.6,1.8,2.1,3,25,1.6,781.0,10003.0,관측,2005,20.29,0.69,경고,719
대추,경남,거제시,거제,19.6,1.8,2.1,3,25,1.6,781.0,10003.0,ssp245,2028,22.17,2.57,위험,563
대추,경남,거제시,거제,19.6,1.8,2.1,3,25,1.6,781.0,10003.0,ssp245,2038,22.7,3.1,위험,529
대추,경남,거제시,거제,19.6,1.8,2.1,3,25,1.6,781.0,10003.0,ssp245,2048,23.17,3.57,위험,499
대추,경남,거제시,거제,19.6,1.8,2.1,3,25,1.6,781.0,10003.0,ssp245,2058,23.6,4.0,위험,470
대추,경남,거제시,거제,19.6,1.8,2.1,3,25,1.6,781.0,10003.0,ssp245,2068,23.96,4.36,위험,453
대추,경남,거제시,거제,19.6,1.8,2.1,3,25,1.6,781.0,10003.0,ssp245,2078,24.33,4.73,위험,422
대추,경남,거제시,거제,19.6,1.8,2.1,3,25,1.6,781.0,10003.0,ssp585,2028,22.3,2.7,위험,576
대추,경남,거제시,거제,19.6,1.8,2.1,3,25,1.6,781.0,10003.0,ssp585,2038,23.03,3.43,위험,521
대추,경남,거제시,거제,19.6,1.8,2.1,3,25,1.6,781.0,10003.0,ssp585,2048,23.8,4.2,위험,461
대추,경남,거제시,거제,19.6,1.8,2.1,3,25,1.6,781.0,10003.0,ssp585,2058,24.63,5.03,위험,405
대추,경남,거제시,거제,19.6,1.8,2.1,3,25,1.6,781.0,10003.0,ssp585,2068,25.46,5.86,위험,323
대추,경남,거제시,거제,19.6,1.8,2.1,3,25,1.6,781.0,10003.0,ssp585,2078,26.28,6.68,위험,253
대추,경북,포항시,포항,19.6,1.8,2.1,3,25,16.3,948.0,9571.0,관측,2005,20.67,1.07,경고,693
대추,경북,포항시,포항,19.6,1.8,2.1,3,25,16.3,948.0,9571.0,ssp245,2028,22.96,3.36,위험,538
대추,경북,포항시,포항,19.6,1.8,2.1,3,25,16.3,948.0,9571.0,ssp245,2038,23.58,3.98,위험,505
대추,경북,포항시,포항,19.6,1.8,2.1,3,25,16.3,948.0,9571.0,ssp245,2048,24.15,4.55,위험,472
대추,경북,포항시,포항,19.6,1.8,2.1,3,25,16.3,948.0,9571.0,ssp245,2058,24.73,5.13,위험,443
대추,경북,포항시,포항,19.6,1.8,2.1,3,25,16.3,948.0,9571.0,ssp245,2068,25.12,5.52,위험,428
대추,경북,포항시,포항,19.6,1.8,2.1,3,25,16.3,948.0,9571.0,ssp245,2078,25.58,5.98,위험,399
대추,경북,포항시,포항,19.6,1.8,2.1,3,25,16.3,948.0,9571.0,ssp585,2028,23.12,3.52,위험,557
대추,경북,포항시,포항,19.6,1.8,2.1,3,25,16.3,948.0,9571.0,ssp585,2038,23.99,4.39,위험,501
대추,경북,포항시,포항,19.6,1.8,2.1,3,25,16.3,948.0,9571.0,ssp585,2048,24.95,5.35,위험,439
대추,경북,포항시,포항,19.6,1.8,2.1,3,25,16.3,948.0,9571.0,ssp585,2058,25.97,6.37,위험,377
대추,경북,포항시,포항,19.6,1.8,2.1,3,25,16.3,948.0,9571.0,ssp585,2068,27.04,7.44,위험,290
대추,경북,포항시,포항,19.6,1.8,2.1,3,25,16.3,948.0,9571.0,ssp585,2078,28.06,8.46,위험,218
대추,충남,아산시,아산,19.6,1.8,2.1,3,25,10.8,473.0,16285.0,관측,2005,19.74,0.14,경고,1235
대추,충남,아산시,아산,19.6,1.8,2.1,3,25,10.8,473.0,16285.0,ssp245,2028,21.35,1.75,경고,1054
대추,충남,아산시,아산,19.6,1.8,2.1,3,25,10.8,473.0,16285.0,ssp245,2038,21.78,2.18,위험,1008
대추,충남,아산시,아산,19.6,1.8,2.1,3,25,10.8,473.0,16285.0,ssp245,2048,22.17,2.57,위험,966
대추,충남,아산시,아산,19.6,1.8,2.1,3,25,10.8,473.0,16285.0,ssp245,2058,22.55,2.95,위험,929
대추,충남,아산시,아산,19.6,1.8,2.1,3,25,10.8,473.0,16285.0,ssp245,2068,22.83,3.23,위험,896
대추,충남,아산시,아산,19.6,1.8,2.1,3,25,10.8,473.0,16285.0,ssp245,2078,23.17,3.57,위험,850
대추,충남,아산시,아산,19.6,1.8,2.1,3,25,10.8,473.0,16285.0,ssp585,2028,21.5,1.9,주의,1050
대추,충남,아산시,아산,19.6,1.8,2.1,3,25,10.8,473.0,16285.0,ssp585,2038,22.1,2.5,위험,974
대추,충남,아산시,아산,19.6,1.8,2.1,3,25,10.8,473.0,16285.0,ssp585,2048,22.74,3.14,위험,889
대추,충남,아산시,아산,19.6,1.8,2.1,3,25,10.8,473.0,16285.0,ssp585,2058,23.46,3.86,위험,813
대추,충남,아산시,아산,19.6,1.8,2.1,3,25,10.8,473.0,16285.0,ssp585,2068,24.24,4.64,위험,700
대추,충남,아산시,아산,19.6,1.8,2.1,3,25,10.8,473.0,16285.0,ssp585,2078,25.03,5.43,위험,609
대추,경남,통영시,통영,19.6,1.8,2.1,3,25,0.8,1573.0,13171.0,관측,2005,20.3,0.7,경고,617
대추,경남,통영시,통영,19.6,1.8,2.1,3,25,0.8,1573.0,13171.0,ssp245,2028,22.19,2.59,위험,494
대추,경남,통영시,통영,19.6,1.8,2.1,3,25,0.8,1573.0,13171.0,ssp245,2038,22.71,3.11,위험,460
대추,경남,통영시,통영,19.6,1.8,2.1,3,25,0.8,1573.0,13171.0,ssp245,2048,23.19,3.59,위험,431
대추,경남,통영시,통영,19.6,1.8,2.1,3,25,0.8,1573.0,13171.0,ssp245,2058,23.63,4.03,위험,402
대추,경남,통영시,통영,19.6,1.8,2.1,3,25,0.8,1573.0,13171.0,ssp245,2068,23.99,4.39,위험,385
대추,경남,통영시,통영,19.6,1.8,2.1,3,25,0.8,1573.0,13171.0,ssp245,2078,24.35,4.75,위험,356
대추,경남,통영시,통영,19.6,1.8,2.1,3,25,0.8,1573.0,13171.0,ssp585,2028,22.33,2.73,위험,506
대추,경남,통영시,통영,19.6,1.8,2.1,3,25,0.8,1573.0,13171.0,ssp585,2038,23.06,3.46,위험,452
대추,경남,통영시,통영,19.6,1.8,2.1,3,25,0.8,1573.0,13171.0,ssp585,2048,23.84,4.24,위험,392
대추,경남,통영시,통영,19.6,1.8,2.1,3,25,0.8,1573.0,13171.0,ssp585,2058,24.67,5.07,위험,338
대추,경남,통영시,통영,19.6,1.8,2.1,3,25,0.8,1573.0,13171.0,ssp585,2068,25.51,5.91,위험,258
대추,경남,통영시,통영,19.6,1.8,2.1,3,25,0.8,1573.0,13171.0,ssp585,2078,26.34,6.74,위험,192
대추,경북,고령군,고령,19.6,1.8,2.1,3,25,1.2,1127.0,9701.0,관측,2005,19.8,0.2,경고,1383
대추,경북,고령군,고령,19.6,1.8,2.1,3,25,1.2,1127.0,9701.0,ssp245,2028,21.64,2.04,주의,1216
대추,경북,고령군,고령,19.6,1.8,2.1,3,25,1.2,1127.0,9701.0,ssp245,2038,22.16,2.56,위험,1172
대추,경북,고령군,고령,19.6,1.8,2.1,3,25,1.2,1127.0,9701.0,ssp245,2048,22.63,3.03,위험,1130
대추,경북,고령군,고령,19.6,1.8,2.1,3,25,1.2,1127.0,9701.0,ssp245,2058,23.08,3.48,위험,1096
대추,경북,고령군,고령,19.6,1.8,2.1,3,25,1.2,1127.0,9701.0,ssp245,2068,23.42,3.82,위험,1068
대추,경북,고령군,고령,19.6,1.8,2.1,3,25,1.2,1127.0,9701.0,ssp245,2078,23.78,4.18,위험,1025
대추,경북,고령군,고령,19.6,1.8,2.1,3,25,1.2,1127.0,9701.0,ssp585,2028,21.87,2.27,위험,1221
대추,경북,고령군,고령,19.6,1.8,2.1,3,25,1.2,1127.0,9701.0,ssp585,2038,22.55,2.95,위험,1148
대추,경북,고령군,고령,19.6,1.8,2.1,3,25,1.2,1127.0,9701.0,ssp585,2048,23.32,3.72,위험,1068
대추,경북,고령군,고령,19.6,1.8,2.1,3,25,1.2,1127.0,9701.0,ssp585,2058,24.17,4.57,위험,992
대추,경북,고령군,고령,19.6,1.8,2.1,3,25,1.2,1127.0,9701.0,ssp585,2068,25.03,5.43,위험,881
대추,경북,고령군,고령,19.6,1.8,2.1,3,25,1.2,1127.0,9701.0,ssp585,2078,25.87,6.27,위험,787
대추,대구,군위군,군위,19.6,1.8,2.1,3,25,,,7735.0,관측,2005,19.14,-0.46,적합,1530
대추,대구,군위군,군위,19.6,1.8,2.1,3,25,,,7735.0,ssp245,2028,21.06,1.46,경고,1347
대추,대구,군위군,군위,19.6,1.8,2.1,3,25,,,7735.0,ssp245,2038,21.56,1.96,주의,1303
대추,대구,군위군,군위,19.6,1.8,2.1,3,25,,,7735.0,ssp245,2048,22.03,2.43,위험,1260
대추,대구,군위군,군위,19.6,1.8,2.1,3,25,,,7735.0,ssp245,2058,22.48,2.88,위험,1222
대추,대구,군위군,군위,19.6,1.8,2.1,3,25,,,7735.0,ssp245,2068,22.81,3.21,위험,1191
대추,대구,군위군,군위,19.6,1.8,2.1,3,25,,,7735.0,ssp245,2078,23.2,3.6,위험,1145
대추,대구,군위군,군위,19.6,1.8,2.1,3,25,,,7735.0,ssp585,2028,21.23,1.63,경고,1349
대추,대구,군위군,군위,19.6,1.8,2.1,3,25,,,7735.0,ssp585,2038,21.93,2.33,위험,1271
대추,대구,군위군,군위,19.6,1.8,2.1,3,25,,,7735.0,ssp585,2048,22.68,3.08,위험,1190
대추,대구,군위군,군위,19.6,1.8,2.1,3,25,,,7735.0,ssp585,2058,23.52,3.92,위험,1108
대추,대구,군위군,군위,19.6,1.8,2.1,3,25,,,7735.0,ssp585,2068,24.41,4.81,위험,993
대추,대구,군위군,군위,19.6,1.8,2.1,3,25,,,7735.0,ssp585,2078,25.3,5.7,위험,896
대추,충남,당진시,당진,19.6,1.8,2.1,3,25,3.8,327.0,14368.0,관측,2005,19.04,-0.56,적합,1261
대추,충남,당진시,당진,19.6,1.8,2.1,3,25,3.8,327.0,14368.0,ssp245,2028,20.49,0.89,경고,1095
대추,충남,당진시,당진,19.6,1.8,2.1,3,25,3.8,327.0,14368.0,ssp245,2038,20.89,1.29,경고,1052
대추,충남,당진시,당진,19.6,1.8,2.1,3,25,3.8,327.0,14368.0,ssp245,2048,21.24,1.64,경고,1012
대추,충남,당진시,당진,19.6,1.8,2.1,3,25,3.8,327.0,14368.0,ssp245,2058,21.58,1.98,주의,978
대추,충남,당진시,당진,19.6,1.8,2.1,3,25,3.8,327.0,14368.0,ssp245,2068,21.84,2.24,위험,948
대추,충남,당진시,당진,19.6,1.8,2.1,3,25,3.8,327.0,14368.0,ssp245,2078,22.16,2.56,위험,907
대추,충남,당진시,당진,19.6,1.8,2.1,3,25,3.8,327.0,14368.0,ssp585,2028,20.61,1.01,경고,1093
대추,충남,당진시,당진,19.6,1.8,2.1,3,25,3.8,327.0,14368.0,ssp585,2038,21.15,1.55,경고,1022
대추,충남,당진시,당진,19.6,1.8,2.1,3,25,3.8,327.0,14368.0,ssp585,2048,21.74,2.14,위험,944
대추,충남,당진시,당진,19.6,1.8,2.1,3,25,3.8,327.0,14368.0,ssp585,2058,22.4,2.8,위험,876
대추,충남,당진시,당진,19.6,1.8,2.1,3,25,3.8,327.0,14368.0,ssp585,2068,23.12,3.52,위험,772
대추,충남,당진시,당진,19.6,1.8,2.1,3,25,3.8,327.0,14368.0,ssp585,2078,23.85,4.25,위험,683
대추,전남,장흥군,장흥,19.6,1.8,2.1,3,25,3.5,2.0,17236.0,관측,2005,19.66,0.06,경고,1062
대추,전남,장흥군,장흥,19.6,1.8,2.1,3,25,3.5,2.0,17236.0,ssp245,2028,22.06,2.46,위험,844
대추,전남,장흥군,장흥,19.6,1.8,2.1,3,25,3.5,2.0,17236.0,ssp245,2038,22.67,3.07,위험,787
대추,전남,장흥군,장흥,19.6,1.8,2.1,3,25,3.5,2.0,17236.0,ssp245,2048,23.25,3.65,위험,734
대추,전남,장흥군,장흥,19.6,1.8,2.1,3,25,3.5,2.0,17236.0,ssp245,2058,23.83,4.23,위험,684
대추,전남,장흥군,장흥,19.6,1.8,2.1,3,25,3.5,2.0,17236.0,ssp245,2068,24.29,4.69,위험,644
대추,전남,장흥군,장흥,19.6,1.8,2.1,3,25,3.5,2.0,17236.0,ssp245,2078,24.78,5.18,위험,592
대추,전남,장흥군,장흥,19.6,1.8,2.1,3,25,3.5,2.0,17236.0,ssp585,2028,22.21,2.61,위험,833
대추,전남,장흥군,장흥,19.6,1.8,2.1,3,25,3.5,2.0,17236.0,ssp585,2038,23.12,3.52,위험,739
대추,전남,장흥군,장흥,19.6,1.8,2.1,3,25,3.5,2.0,17236.0,ssp585,2048,24.08,4.48,위험,630
대추,전남,장흥군,장흥,19.6,1.8,2.1,3,25,3.5,2.0,17236.0,ssp585,2058,25.13,5.53,위험,546
대추,전남,장흥군,장흥,19.6,1.8,2.1,3,25,3.5,2.0,17236.0,ssp585,2068,26.24,6.64,위험,441
대추,전남,장흥군,장흥,19.6,1.8,2.1,3,25,3.5,2.0,17236.0,ssp585,2078,27.28,7.68,위험,349
대추,경남,김해시,김해,19.6,1.8,2.1,3,25,15.5,49.0,17449.0,관측,2005,21.4,1.8,경고,737
대추,경남,김해시,김해,19.6,1.8,2.1,3,25,15.5,49.0,17449.0,ssp245,2028,23.3,3.7,위험,585
대추,경남,김해시,김해,19.6,1.8,2.1,3,25,15.5,49.0,17449.0,ssp245,2038,23.82,4.22,위험,552
대추,경남,김해시,김해,19.6,1.8,2.1,3,25,15.5,49.0,17449.0,ssp245,2048,24.27,4.67,위험,520
대추,경남,김해시,김해,19.6,1.8,2.1,3,25,15.5,49.0,17449.0,ssp245,2058,24.73,5.13,위험,489
대추,경남,김해시,김해,19.6,1.8,2.1,3,25,15.5,49.0,17449.0,ssp245,2068,25.09,5.49,위험,474
대추,경남,김해시,김해,19.6,1.8,2.1,3,25,15.5,49.0,17449.0,ssp245,2078,25.48,5.88,위험,442
대추,경남,김해시,김해,19.6,1.8,2.1,3,25,15.5,49.0,17449.0,ssp585,2028,23.48,3.88,위험,591
대추,경남,김해시,김해,19.6,1.8,2.1,3,25,15.5,49.0,17449.0,ssp585,2038,24.19,4.59,위험,534
대추,경남,김해시,김해,19.6,1.8,2.1,3,25,15.5,49.0,17449.0,ssp585,2048,24.98,5.38,위험,471
대추,경남,김해시,김해,19.6,1.8,2.1,3,25,15.5,49.0,17449.0,ssp585,2058,25.86,6.26,위험,411
대추,경남,김해시,김해,19.6,1.8,2.1,3,25,15.5,49.0,17449.0,ssp585,2068,26.75,7.15,위험,321
대추,경남,김해시,김해,19.6,1.8,2.1,3,25,15.5,49.0,17449.0,ssp585,2078,27.63,8.03,위험,245
대추,경기,남양주시,남양주,19.6,1.8,2.1,3,25,10.0,188.0,15688.0,관측,2005,19.04,-0.56,적합,1597
대추,경기,남양주시,남양주,19.6,1.8,2.1,3,25,10.0,188.0,15688.0,ssp245,2028,20.55,0.95,경고,1374
대추,경기,남양주시,남양주,19.6,1.8,2.1,3,25,10.0,188.0,15688.0,ssp245,2038,20.94,1.34,경고,1326
대추,경기,남양주시,남양주,19.6,1.8,2.1,3,25,10.0,188.0,15688.0,ssp245,2048,21.3,1.7,경고,1278
대추,경기,남양주시,남양주,19.6,1.8,2.1,3,25,10.0,188.0,15688.0,ssp245,2058,21.66,2.06,주의,1237
대추,경기,남양주시,남양주,19.6,1.8,2.1,3,25,10.0,188.0,15688.0,ssp245,2068,21.92,2.32,위험,1205
대추,경기,남양주시,남양주,19.6,1.8,2.1,3,25,10.0,188.0,15688.0,ssp245,2078,22.23,2.63,위험,1153
대추,경기,남양주시,남양주,19.6,1.8,2.1,3,25,10.0,188.0,15688.0,ssp585,2028,20.7,1.1,경고,1368
대추,경기,남양주시,남양주,19.6,1.8,2.1,3,25,10.0,188.0,15688.0,ssp585,2038,21.26,1.66,경고,1288
대추,경기,남양주시,남양주,19.6,1.8,2.1,3,25,10.0,188.0,15688.0,ssp585,2048,21.86,2.26,위험,1197
대추,경기,남양주시,남양주,19.6,1.8,2.1,3,25,10.0,188.0,15688.0,ssp585,2058,22.55,2.95,위험,1109
대추,경기,남양주시,남양주,19.6,1.8,2.1,3,25,10.0,188.0,15688.0,ssp585,2068,23.31,3.71,위험,989
대추,경기,남양주시,남양주,19.6,1.8,2.1,3,25,10.0,188.0,15688.0,ssp585,2078,24.07,4.47,위험,896
대추,경기,화성시,화성,19.6,1.8,2.1,3,25,11.6,9.0,17505.0,관측,2005,19.54,-0.06,적합,1220
대추,경기,화성시,화성,19.6,1.8,2.1,3,25,11.6,9.0,17505.0,ssp245,2028,20.95,1.35,경고,1044
대추,경기,화성시,화성,19.6,1.8,2.1,3,25,11.6,9.0,17505.0,ssp245,2038,21.33,1.73,경고,1001
대추,경기,화성시,화성,19.6,1.8,2.1,3,25,11.6,9.0,17505.0,ssp245,2048,21.67,2.07,주의,959
대추,경기,화성시,화성,19.6,1.8,2.1,3,25,11.6,9.0,17505.0,ssp245,2058,22.01,2.41,위험,924
대추,경기,화성시,화성,19.6,1.8,2.1,3,25,11.6,9.0,17505.0,ssp245,2068,22.26,2.66,위험,894
대추,경기,화성시,화성,19.6,1.8,2.1,3,25,11.6,9.0,17505.0,ssp245,2078,22.55,2.95,위험,852
대추,경기,화성시,화성,19.6,1.8,2.1,3,25,11.6,9.0,17505.0,ssp585,2028,21.08,1.48,경고,1045
대추,경기,화성시,화성,19.6,1.8,2.1,3,25,11.6,9.0,17505.0,ssp585,2038,21.6,2.0,주의,972
대추,경기,화성시,화성,19.6,1.8,2.1,3,25,11.6,9.0,17505.0,ssp585,2048,22.17,2.57,위험,891
대추,경기,화성시,화성,19.6,1.8,2.1,3,25,11.6,9.0,17505.0,ssp585,2058,22.82,3.22,위험,821
대추,경기,화성시,화성,19.6,1.8,2.1,3,25,11.6,9.0,17505.0,ssp585,2068,23.52,3.92,위험,714
대추,경기,화성시,화성,19.6,1.8,2.1,3,25,11.6,9.0,17505.0,ssp585,2078,24.23,4.63,위험,634
대추,전남,완도군,완도,19.6,1.8,2.1,3,25,,,17492.0,관측,2005,20.23,0.63,경고,619
대추,전남,완도군,완도,19.6,1.8,2.1,3,25,,,17492.0,ssp245,2028,22.28,2.68,위험,484
대추,전남,완도군,완도,19.6,1.8,2.1,3,25,,,17492.0,ssp245,2038,22.81,3.21,위험,447
대추,전남,완도군,완도,19.6,1.8,2.1,3,25,,,17492.0,ssp245,2048,23.28,3.68,위험,419
대추,전남,완도군,완도,19.6,1.8,2.1,3,25,,,17492.0,ssp245,2058,23.83,4.23,위험,386
대추,전남,완도군,완도,19.6,1.8,2.1,3,25,,,17492.0,ssp245,2068,24.21,4.61,위험,368
대추,전남,완도군,완도,19.6,1.8,2.1,3,25,,,17492.0,ssp245,2078,24.63,5.03,위험,334
대추,전남,완도군,완도,19.6,1.8,2.1,3,25,,,17492.0,ssp585,2028,22.4,2.8,위험,486
대추,전남,완도군,완도,19.6,1.8,2.1,3,25,,,17492.0,ssp585,2038,23.18,3.58,위험,433
대추,전남,완도군,완도,19.6,1.8,2.1,3,25,,,17492.0,ssp585,2048,24.03,4.43,위험,368
대추,전남,완도군,완도,19.6,1.8,2.1,3,25,,,17492.0,ssp585,2058,24.97,5.37,위험,306
대추,전남,완도군,완도,19.6,1.8,2.1,3,25,,,17492.0,ssp585,2068,25.97,6.37,위험,220
대추,전남,완도군,완도,19.6,1.8,2.1,3,25,,,17492.0,ssp585,2078,26.89,7.29,위험,147
대추,강원,속초시,속초,19.6,1.8,2.1,3,25,0.2,399.0,10359.0,관측,2005,18.67,-0.93,적합,951
대추,강원,속초시,속초,19.6,1.8,2.1,3,25,0.2,399.0,10359.0,ssp245,2028,20.68,1.08,경고,739
대추,강원,속초시,속초,19.6,1.8,2.1,3,25,0.2,399.0,10359.0,ssp245,2038,21.19,1.59,경고,691
대추,강원,속초시,속초,19.6,1.8,2.1,3,25,0.2,399.0,10359.0,ssp245,2048,21.69,2.09,주의,640
대추,강원,속초시,속초,19.6,1.8,2.1,3,25,0.2,399.0,10359.0,ssp245,2058,22.18,2.58,위험,600
대추,강원,속초시,속초,19.6,1.8,2.1,3,25,0.2,399.0,10359.0,ssp245,2068,22.48,2.88,위험,574
대추,강원,속초시,속초,19.6,1.8,2.1,3,25,0.2,399.0,10359.0,ssp245,2078,22.91,3.31,위험,533
대추,강원,속초시,속초,19.6,1.8,2.1,3,25,0.2,399.0,10359.0,ssp585,2028,20.73,1.13,경고,775
대추,강원,속초시,속초,19.6,1.8,2.1,3,25,0.2,399.0,10359.0,ssp585,2038,21.47,1.87,주의,693
대추,강원,속초시,속초,19.6,1.8,2.1,3,25,0.2,399.0,10359.0,ssp585,2048,22.26,2.66,위험,603
대추,강원,속초시,속초,19.6,1.8,2.1,3,25,0.2,399.0,10359.0,ssp585,2058,23.17,3.57,위험,531
대추,강원,속초시,속초,19.6,1.8,2.1,3,25,0.2,399.0,10359.0,ssp585,2068,24.18,4.58,위험,429
대추,강원,속초시,속초,19.6,1.8,2.1,3,25,0.2,399.0,10359.0,ssp585,2078,25.17,5.57,위험,348
대추,충남,계룡시,계룡,19.6,1.8,2.1,3,25,2.7,40.0,16015.0,관측,2005,18.9,-0.7,적합,1520
대추,충남,계룡시,계룡,19.6,1.8,2.1,3,25,2.7,40.0,16015.0,ssp245,2028,20.62,1.02,경고,1325
대추,충남,계룡시,계룡,19.6,1.8,2.1,3,25,2.7,40.0,16015.0,ssp245,2038,21.07,1.47,경고,1274
대추,충남,계룡시,계룡,19.6,1.8,2.1,3,25,2.7,40.0,16015.0,ssp245,2048,21.5,1.9,주의,1232
대추,충남,계룡시,계룡,19.6,1.8,2.1,3,25,2.7,40.0,16015.0,ssp245,2058,21.9,2.3,위험,1192
대추,충남,계룡시,계룡,19.6,1.8,2.1,3,25,2.7,40.0,16015.0,ssp245,2068,22.2,2.6,위험,1157
대추,충남,계룡시,계룡,19.6,1.8,2.1,3,25,2.7,40.0,16015.0,ssp245,2078,22.57,2.97,위험,1107
대추,충남,계룡시,계룡,19.6,1.8,2.1,3,25,2.7,40.0,16015.0,ssp585,2028,20.8,1.2,경고,1313
대추,충남,계룡시,계룡,19.6,1.8,2.1,3,25,2.7,40.0,16015.0,ssp585,2038,21.44,1.84,주의,1232
대추,충남,계룡시,계룡,19.6,1.8,2.1,3,25,2.7,40.0,16015.0,ssp585,2048,22.13,2.53,위험,1143
대추,충남,계룡시,계룡,19.6,1.8,2.1,3,25,2.7,40.0,16015.0,ssp585,2058,22.89,3.29,위험,1059
대추,충남,계룡시,계룡,19.6,1.8,2.1,3,25,2.7,40.0,16015.0,ssp585,2068,23.7,4.1,위험,942
대추,충남,계룡시,계룡,19.6,1.8,2.1,3,25,2.7,40.0,16015.0,ssp585,2078,24.52,4.92,위험,844
대추,경기,용인시,용인,19.6,1.8,2.1,3,25,11.2,316.0,16429.0,관측,2005,18.96,-0.64,적합,1482
대추,경기,용인시,용인,19.6,1.8,2.1,3,25,11.2,316.0,16429.0,ssp245,2028,20.64,1.04,경고,1277
대추,경기,용인시,용인,19.6,1.8,2.1,3,25,11.2,316.0,16429.0,ssp245,2038,21.08,1.48,경고,1228
대추,경기,용인시,용인,19.6,1.8,2.1,3,25,11.2,316.0,16429.0,ssp245,2048,21.48,1.88,주의,1183
대추,경기,용인시,용인,19.6,1.8,2.1,3,25,11.2,316.0,16429.0,ssp245,2058,21.87,2.27,위험,1140
대추,경기,용인시,용인,19.6,1.8,2.1,3,25,11.2,316.0,16429.0,ssp245,2068,22.16,2.56,위험,1107
대추,경기,용인시,용인,19.6,1.8,2.1,3,25,11.2,316.0,16429.0,ssp245,2078,22.5,2.9,위험,1057
대추,경기,용인시,용인,19.6,1.8,2.1,3,25,11.2,316.0,16429.0,ssp585,2028,20.81,1.21,경고,1272
대추,경기,용인시,용인,19.6,1.8,2.1,3,25,11.2,316.0,16429.0,ssp585,2038,21.42,1.82,주의,1189
대추,경기,용인시,용인,19.6,1.8,2.1,3,25,11.2,316.0,16429.0,ssp585,2048,22.09,2.49,위험,1097
대추,경기,용인시,용인,19.6,1.8,2.1,3,25,11.2,316.0,16429.0,ssp585,2058,22.83,3.23,위험,1012
대추,경기,용인시,용인,19.6,1.8,2.1,3,25,11.2,316.0,16429.0,ssp585,2068,23.62,4.02,위험,892
대추,경기,용인시,용인,19.6,1.8,2.1,3,25,11.2,316.0,16429.0,ssp585,2078,24.43,4.83,위험,792
대추,경기,오산시,오산,19.6,1.8,2.1,3,25,1.3,624.0,13007.0,관측,2005,19.66,0.06,경고,1340
대추,경기,오산시,오산,19.6,1.8,2.1,3,25,1.3,624.0,13007.0,ssp245,2028,21.22,1.62,경고,1155
대추,경기,오산시,오산,19.6,1.8,2.1,3,25,1.3,624.0,13007.0,ssp245,2038,21.63,2.03,주의,1110
대추,경기,오산시,오산,19.6,1.8,2.1,3,25,1.3,624.0,13007.0,ssp245,2048,22.01,2.41,위험,1067
대추,경기,오산시,오산,19.6,1.8,2.1,3,25,1.3,624.0,13007.0,ssp245,2058,22.39,2.79,위험,1028
대추,경기,오산시,오산,19.6,1.8,2.1,3,25,1.3,624.0,13007.0,ssp245,2068,22.65,3.05,위험,996
대추,경기,오산시,오산,19.6,1.8,2.1,3,25,1.3,624.0,13007.0,ssp245,2078,22.98,3.38,위험,950
대추,경기,오산시,오산,19.6,1.8,2.1,3,25,1.3,624.0,13007.0,ssp585,2028,21.38,1.78,경고,1148
대추,경기,오산시,오산,19.6,1.8,2.1,3,25,1.3,624.0,13007.0,ssp585,2038,21.96,2.36,위험,1071
대추,경기,오산시,오산,19.6,1.8,2.1,3,25,1.3,624.0,13007.0,ssp585,2048,22.59,2.99,위험,986
대추,경기,오산시,오산,19.6,1.8,2.1,3,25,1.3,624.0,13007.0,ssp585,2058,23.29,3.69,위험,906
대추,경기,오산시,오산,19.6,1.8,2.1,3,25,1.3,624.0,13007.0,ssp585,2068,24.04,4.44,위험,792
대추,경기,오산시,오산,19.6,1.8,2.1,3,25,1.3,624.0,13007.0,ssp585,2078,24.81,5.21,위험,696
대추,전남,진도군,진도,19.6,1.8,2.1,3,25,0.1,151.0,17492.0,관측,2005,20.03,0.43,경고,794
대추,전남,진도군,진도,19.6,1.8,2.1,3,25,0.1,151.0,17492.0,ssp245,2028,21.82,2.22,위험,623
대추,전남,진도군,진도,19.6,1.8,2.1,3,25,0.1,151.0,17492.0,ssp245,2038,22.28,2.68,위험,579
대추,전남,진도군,진도,19.6,1.8,2.1,3,25,0.1,151.0,17492.0,ssp245,2048,22.7,3.1,위험,547
대추,전남,진도군,진도,19.6,1.8,2.1,3,25,0.1,151.0,17492.0,ssp245,2058,23.15,3.55,위험,515
대추,전남,진도군,진도,19.6,1.8,2.1,3,25,0.1,151.0,17492.0,ssp245,2068,23.49,3.89,위험,499
대추,전남,진도군,진도,19.6,1.8,2.1,3,25,0.1,151.0,17492.0,ssp245,2078,23.85,4.25,위험,467
대추,전남,진도군,진도,19.6,1.8,2.1,3,25,0.1,151.0,17492.0,ssp585,2028,21.95,2.35,위험,616
대추,전남,진도군,진도,19.6,1.8,2.1,3,25,0.1,151.0,17492.0,ssp585,2038,22.63,3.03,위험,556
대추,전남,진도군,진도,19.6,1.8,2.1,3,25,0.1,151.0,17492.0,ssp585,2048,23.36,3.76,위험,493
대추,전남,진도군,진도,19.6,1.8,2.1,3,25,0.1,151.0,17492.0,ssp585,2058,24.16,4.56,위험,435
대추,전남,진도군,진도,19.6,1.8,2.1,3,25,0.1,151.0,17492.0,ssp585,2068,25.01,5.41,위험,349
대추,전남,진도군,진도,19.6,1.8,2.1,3,25,0.1,151.0,17492.0,ssp585,2078,25.82,6.22,위험,277
대추,제주,제주시,제주,19.6,1.8,2.1,3,25,1.6,1.0,10544.0,관측,2005,21.36,1.76,경고,249
대추,제주,제주시,제주,19.6,1.8,2.1,3,25,1.6,1.0,10544.0,ssp245,2028,23.44,3.84,위험,133
대추,제주,제주시,제주,19.6,1.8,2.1,3,25,1.6,1.0,10544.0,ssp245,2038,24.01,4.41,위험,100
대추,제주,제주시,제주,19.6,1.8,2.1,3,25,1.6,1.0,10544.0,ssp245,2048,24.43,4.83,위험,78
대추,제주,제주시,제주,19.6,1.8,2.1,3,25,1.6,1.0,10544.0,ssp245,2058,24.94,5.34,위험,58
대추,제주,제주시,제주,19.6,1.8,2.1,3,25,1.6,1.0,10544.0,ssp245,2068,25.33,5.73,위험,49
대추,제주,제주시,제주,19.6,1.8,2.1,3,25,1.6,1.0,10544.0,ssp245,2078,25.69,6.09,위험,27
대추,제주,제주시,제주,19.6,1.8,2.1,3,25,1.6,1.0,10544.0,ssp585,2028,23.54,3.94,위험,134
대추,제주,제주시,제주,19.6,1.8,2.1,3,25,1.6,1.0,10544.0,ssp585,2038,24.35,4.75,위험,85
대추,제주,제주시,제주,19.6,1.8,2.1,3,25,1.6,1.0,10544.0,ssp585,2048,25.15,5.55,위험,49
대추,제주,제주시,제주,19.6,1.8,2.1,3,25,1.6,1.0,10544.0,ssp585,2058,26.01,6.41,위험,14
대추,제주,제주시,제주,19.6,1.8,2.1,3,25,1.6,1.0,10544.0,ssp585,2068,26.9,7.3,위험,0
대추,제주,제주시,제주,19.6,1.8,2.1,3,25,1.6,1.0,10544.0,ssp585,2078,27.74,8.14,위험,0
대추,충남,서산시,서산,19.6,1.8,2.1,3,25,4.4,701.0,16034.0,관측,2005,19.06,-0.54,적합,1245
대추,충남,서산시,서산,19.6,1.8,2.1,3,25,4.4,701.0,16034.0,ssp245,2028,20.78,1.18,경고,1064
대추,충남,서산시,서산,19.6,1.8,2.1,3,25,4.4,701.0,16034.0,ssp245,2038,21.26,1.66,경고,1018
대추,충남,서산시,서산,19.6,1.8,2.1,3,25,4.4,701.0,16034.0,ssp245,2048,21.68,2.08,주의,973
대추,충남,서산시,서산,19.6,1.8,2.1,3,25,4.4,701.0,16034.0,ssp245,2058,22.07,2.47,위험,936
대추,충남,서산시,서산,19.6,1.8,2.1,3,25,4.4,701.0,16034.0,ssp245,2068,22.36,2.76,위험,903
대추,충남,서산시,서산,19.6,1.8,2.1,3,25,4.4,701.0,16034.0,ssp245,2078,22.73,3.13,위험,857
대추,충남,서산시,서산,19.6,1.8,2.1,3,25,4.4,701.0,16034.0,ssp585,2028,20.92,1.32,경고,1042
대추,충남,서산시,서산,19.6,1.8,2.1,3,25,4.4,701.0,16034.0,ssp585,2038,21.57,1.97,주의,964
대추,충남,서산시,서산,19.6,1.8,2.1,3,25,4.4,701.0,16034.0,ssp585,2048,22.24,2.64,위험,880
대추,충남,서산시,서산,19.6,1.8,2.1,3,25,4.4,701.0,16034.0,ssp585,2058,23.01,3.41,위험,803
대추,충남,서산시,서산,19.6,1.8,2.1,3,25,4.4,701.0,16034.0,ssp585,2068,23.83,4.23,위험,684
대추,충남,서산시,서산,19.6,1.8,2.1,3,25,4.4,701.0,16034.0,ssp585,2078,24.64,5.04,위험,594
대추,전남,여수시,여수,19.6,1.8,2.1,3,25,2.4,25.0,17377.0,관측,2005,20.43,0.83,경고,572
대추,전남,여수시,여수,19.6,1.8,2.1,3,25,2.4,25.0,17377.0,ssp245,2028,22.23,2.63,위험,449
대추,전남,여수시,여수,19.6,1.8,2.1,3,25,2.4,25.0,17377.0,ssp245,2038,22.71,3.11,위험,414
대추,전남,여수시,여수,19.6,1.8,2.1,3,25,2.4,25.0,17377.0,ssp245,2048,23.16,3.56,위험,386
대추,전남,여수시,여수,19.6,1.8,2.1,3,25,2.4,25.0,17377.0,ssp245,2058,23.58,3.98,위험,358
대추,전남,여수시,여수,19.6,1.8,2.1,3,25,2.4,25.0,17377.0,ssp245,2068,23.92,4.32,위험,341
대추,전남,여수시,여수,19.6,1.8,2.1,3,25,2.4,25.0,17377.0,ssp245,2078,24.28,4.68,위험,312
대추,전남,여수시,여수,19.6,1.8,2.1,3,25,2.4,25.0,17377.0,ssp585,2028,22.36,2.76,위험,466
대추,전남,여수시,여수,19.6,1.8,2.1,3,25,2.4,25.0,17377.0,ssp585,2038,23.05,3.45,위험,413
대추,전남,여수시,여수,19.6,1.8,2.1,3,25,2.4,25.0,17377.0,ssp585,2048,23.8,4.2,위험,353
대추,전남,여수시,여수,19.6,1.8,2.1,3,25,2.4,25.0,17377.0,ssp585,2058,24.59,4.99,위험,298
대추,전남,여수시,여수,19.6,1.8,2.1,3,25,2.4,25.0,17377.0,ssp585,2068,25.39,5.79,위험,222
대추,전남,여수시,여수,19.6,1.8,2.1,3,25,2.4,25.0,17377.0,ssp585,2078,26.2,6.6,위험,158
대추,경기,안성시,안성,19.6,1.8,2.1,3,25,16.2,268.0,18665.0,관측,2005,20.03,0.43,경고,1335
대추,경기,안성시,안성,19.6,1.8,2.1,3,25,16.2,268.0,18665.0,ssp245,2028,21.64,2.04,주의,1142
대추,경기,안성시,안성,19.6,1.8,2.1,3,25,16.2,268.0,18665.0,ssp245,2038,22.06,2.46,위험,1095
대추,경기,안성시,안성,19.6,1.8,2.1,3,25,16.2,268.0,18665.0,ssp245,2048,22.44,2.84,위험,1052
대추,경기,안성시,안성,19.6,1.8,2.1,3,25,16.2,268.0,18665.0,ssp245,2058,22.82,3.22,위험,1011
대추,경기,안성시,안성,19.6,1.8,2.1,3,25,16.2,268.0,18665.0,ssp245,2068,23.1,3.5,위험,979
대추,경기,안성시,안성,19.6,1.8,2.1,3,25,16.2,268.0,18665.0,ssp245,2078,23.42,3.82,위험,931
대추,경기,안성시,안성,19.6,1.8,2.1,3,25,16.2,268.0,18665.0,ssp585,2028,21.78,2.18,위험,1143
대추,경기,안성시,안성,19.6,1.8,2.1,3,25,16.2,268.0,18665.0,ssp585,2038,22.37,2.77,위험,1063
대추,경기,안성시,안성,19.6,1.8,2.1,3,25,16.2,268.0,18665.0,ssp585,2048,23.01,3.41,위험,975
대추,경기,안성시,안성,19.6,1.8,2.1,3,25,16.2,268.0,18665.0,ssp585,2058,23.72,4.12,위험,894
대추,경기,안성시,안성,19.6,1.8,2.1,3,25,16.2,268.0,18665.0,ssp585,2068,24.48,4.88,위험,778
대추,경기,안성시,안성,19.6,1.8,2.1,3,25,16.2,268.0,18665.0,ssp585,2078,25.26,5.66,위험,682
대추,경기,안산시,안산,19.6,1.8,2.1,3,25,5.2,48.0,12365.0,관측,2005,19.06,-0.54,적합,1509
대추,경기,안산시,안산,19.6,1.8,2.1,3,25,5.2,48.0,12365.0,ssp245,2028,20.37,0.77,경고,1337
대추,경기,안산시,안산,19.6,1.8,2.1,3,25,5.2,48.0,12365.0,ssp245,2038,20.72,1.12,경고,1294
대추,경기,안산시,안산,19.6,1.8,2.1,3,25,5.2,48.0,12365.0,ssp245,2048,21.03,1.43,경고,1253
대추,경기,안산시,안산,19.6,1.8,2.1,3,25,5.2,48.0,12365.0,ssp245,2058,21.35,1.75,경고,1218
대추,경기,안산시,안산,19.6,1.8,2.1,3,25,5.2,48.0,12365.0,ssp245,2068,21.58,1.98,주의,1190
대추,경기,안산시,안산,19.6,1.8,2.1,3,25,5.2,48.0,12365.0,ssp245,2078,21.87,2.27,위험,1150
대추,경기,안산시,안산,19.6,1.8,2.1,3,25,5.2,48.0,12365.0,ssp585,2028,20.47,0.87,경고,1340
대추,경기,안산시,안산,19.6,1.8,2.1,3,25,5.2,48.0,12365.0,ssp585,2038,20.96,1.36,경고,1268
대추,경기,안산시,안산,19.6,1.8,2.1,3,25,5.2,48.0,12365.0,ssp585,2048,21.5,1.9,주의,1190
대추,경기,안산시,안산,19.6,1.8,2.1,3,25,5.2,48.0,12365.0,ssp585,2058,22.11,2.51,위험,1122
대추,경기,안산시,안산,19.6,1.8,2.1,3,25,5.2,48.0,12365.0,ssp585,2068,22.77,3.17,위험,1020
대추,경기,안산시,안산,19.6,1.8,2.1,3,25,5.2,48.0,12365.0,ssp585,2078,23.46,3.86,위험,936
대추,전북,장수군,장수,19.6,1.8,2.1,3,25,0.6,920.0,13990.0,관측,2005,17.6,-2.0,적합,1529
대추,전북,장수군,장수,19.6,1.8,2.1,3,25,0.6,920.0,13990.0,ssp245,2028,19.4,-0.2,적합,1323
대추,전북,장수군,장수,19.6,1.8,2.1,3,25,0.6,920.0,13990.0,ssp245,2038,19.88,0.28,경고,1269
대추,전북,장수군,장수,19.6,1.8,2.1,3,25,0.6,920.0,13990.0,ssp245,2048,20.33,0.73,경고,1222
대추,전북,장수군,장수,19.6,1.8,2.1,3,25,0.6,920.0,13990.0,ssp245,2058,20.77,1.17,경고,1182
대추,전북,장수군,장수,19.6,1.8,2.1,3,25,0.6,920.0,13990.0,ssp245,2068,21.08,1.48,경고,1150
대추,전북,장수군,장수,19.6,1.8,2.1,3,25,0.6,920.0,13990.0,ssp245,2078,21.44,1.84,주의,1100
대추,전북,장수군,장수,19.6,1.8,2.1,3,25,0.6,920.0,13990.0,ssp585,2028,19.61,0.01,경고,1325
대추,전북,장수군,장수,19.6,1.8,2.1,3,25,0.6,920.0,13990.0,ssp585,2038,20.27,0.67,경고,1240
대추,전북,장수군,장수,19.6,1.8,2.1,3,25,0.6,920.0,13990.0,ssp585,2048,21.0,1.4,경고,1150
대추,전북,장수군,장수,19.6,1.8,2.1,3,25,0.6,920.0,13990.0,ssp585,2058,21.81,2.21,위험,1062
대추,전북,장수군,장수,19.6,1.8,2.1,3,25,0.6,920.0,13990.0,ssp585,2068,22.64,3.04,위험,943
대추,전북,장수군,장수,19.6,1.8,2.1,3,25,0.6,920.0,13990.0,ssp585,2078,23.45,3.85,위험,844
대추,경북,청송군,청송,19.6,1.8,2.1,3,25,30.9,287.0,8159.0,관측,2005,18.24,-1.36,적합,1524
대추,경북,청송군,청송,19.6,1.8,2.1,3,25,30.9,287.0,8159.0,ssp245,2028,20.46,0.86,경고,1321
대추,경북,청송군,청송,19.6,1.8,2.1,3,25,30.9,287.0,8159.0,ssp245,2038,21.03,1.43,경고,1276
대추,경북,청송군,청송,19.6,1.8,2.1,3,25,30.9,287.0,8159.0,ssp245,2048,21.54,1.94,주의,1229
대추,경북,청송군,청송,19.6,1.8,2.1,3,25,30.9,287.0,8159.0,ssp245,2058,22.1,2.5,위험,1188
대추,경북,청송군,청송,19.6,1.8,2.1,3,25,30.9,287.0,8159.0,ssp245,2068,22.48,2.88,위험,1156
대추,경북,청송군,청송,19.6,1.8,2.1,3,25,30.9,287.0,8159.0,ssp245,2078,22.93,3.33,위험,1111
대추,경북,청송군,청송,19.6,1.8,2.1,3,25,30.9,287.0,8159.0,ssp585,2028,20.59,0.99,경고,1348
대추,경북,청송군,청송,19.6,1.8,2.1,3,25,30.9,287.0,8159.0,ssp585,2038,21.4,1.8,주의,1265
대추,경북,청송군,청송,19.6,1.8,2.1,3,25,30.9,287.0,8159.0,ssp585,2048,22.3,2.7,위험,1175
대추,경북,청송군,청송,19.6,1.8,2.1,3,25,30.9,287.0,8159.0,ssp585,2058,23.29,3.69,위험,1084
대추,경북,청송군,청송,19.6,1.8,2.1,3,25,30.9,287.0,8159.0,ssp585,2068,24.34,4.74,위험,958
대추,경북,청송군,청송,19.6,1.8,2.1,3,25,30.9,287.0,8159.0,ssp585,2078,25.36,5.76,위험,851
대추,경남,남해군,남해,19.6,1.8,2.1,3,25,0.2,371.0,15942.0,관측,2005,20.41,0.81,경고,776
대추,경남,남해군,남해,19.6,1.8,2.1,3,25,0.2,371.0,15942.0,ssp245,2028,22.76,3.16,위험,603
대추,경남,남해군,남해,19.6,1.8,2.1,3,25,0.2,371.0,15942.0,ssp245,2038,23.4,3.8,위험,564
대추,경남,남해군,남해,19.6,1.8,2.1,3,25,0.2,371.0,15942.0,ssp245,2048,23.99,4.39,위험,534
대추,경남,남해군,남해,19.6,1.8,2.1,3,25,0.2,371.0,15942.0,ssp245,2058,24.54,4.94,위험,503
대추,경남,남해군,남해,19.6,1.8,2.1,3,25,0.2,371.0,15942.0,ssp245,2068,24.98,5.38,위험,485
대추,경남,남해군,남해,19.6,1.8,2.1,3,25,0.2,371.0,15942.0,ssp245,2078,25.43,5.83,위험,453
대추,경남,남해군,남해,19.6,1.8,2.1,3,25,0.2,371.0,15942.0,ssp585,2028,22.94,3.34,위험,620
대추,경남,남해군,남해,19.6,1.8,2.1,3,25,0.2,371.0,15942.0,ssp585,2038,23.85,4.25,위험,562
대추,경남,남해군,남해,19.6,1.8,2.1,3,25,0.2,371.0,15942.0,ssp585,2048,24.82,5.22,위험,496
대추,경남,남해군,남해,19.6,1.8,2.1,3,25,0.2,371.0,15942.0,ssp585,2058,25.84,6.24,위험,436
대추,경남,남해군,남해,19.6,1.8,2.1,3,25,0.2,371.0,15942.0,ssp585,2068,26.85,7.25,위험,351
대추,경남,남해군,남해,19.6,1.8,2.1,3,25,0.2,371.0,15942.0,ssp585,2078,27.83,8.23,위험,279
대추,충북,진천군,진천,19.6,1.8,2.1,3,25,10.0,907.0,23951.0,관측,2005,18.91,-0.69,적합,1422
대추,충북,진천군,진천,19.6,1.8,2.1,3,25,10.0,907.0,23951.0,ssp245,2028,20.53,0.93,경고,1229
대추,충북,진천군,진천,19.6,1.8,2.1,3,25,10.0,907.0,23951.0,ssp245,2038,20.95,1.35,경고,1180
대추,충북,진천군,진천,19.6,1.8,2.1,3,25,10.0,907.0,23951.0,ssp245,2048,21.34,1.74,경고,1137
대추,충북,진천군,진천,19.6,1.8,2.1,3,25,10.0,907.0,23951.0,ssp245,2058,21.73,2.13,위험,1096
대추,충북,진천군,진천,19.6,1.8,2.1,3,25,10.0,907.0,23951.0,ssp245,2068,22.01,2.41,위험,1062
대추,충북,진천군,진천,19.6,1.8,2.1,3,25,10.0,907.0,23951.0,ssp245,2078,22.34,2.74,위험,1014
대추,충북,진천군,진천,19.6,1.8,2.1,3,25,10.0,907.0,23951.0,ssp585,2028,20.67,1.07,경고,1233
대추,충북,진천군,진천,19.6,1.8,2.1,3,25,10.0,907.0,23951.0,ssp585,2038,21.26,1.66,경고,1153
대추,충북,진천군,진천,19.6,1.8,2.1,3,25,10.0,907.0,23951.0,ssp585,2048,21.9,2.3,위험,1064
대추,충북,진천군,진천,19.6,1.8,2.1,3,25,10.0,907.0,23951.0,ssp585,2058,22.62,3.02,위험,981
대추,충북,진천군,진천,19.6,1.8,2.1,3,25,10.0,907.0,23951.0,ssp585,2068,23.4,3.8,위험,865
대추,충북,진천군,진천,19.6,1.8,2.1,3,25,10.0,907.0,23951.0,ssp585,2078,24.18,4.58,위험,767
대추,경기,의왕시,의왕,19.6,1.8,2.1,3,25,1.0,601.0,20006.0,관측,2005,19.13,-0.47,적합,1305
대추,경기,의왕시,의왕,19.6,1.8,2.1,3,25,1.0,601.0,20006.0,ssp245,2028,20.94,1.34,경고,1088
대추,경기,의왕시,의왕,19.6,1.8,2.1,3,25,1.0,601.0,20006.0,ssp245,2038,21.42,1.82,주의,1035
대추,경기,의왕시,의왕,19.6,1.8,2.1,3,25,1.0,601.0,20006.0,ssp245,2048,21.86,2.26,위험,986
대추,경기,의왕시,의왕,19.6,1.8,2.1,3,25,1.0,601.0,20006.0,ssp245,2058,22.28,2.68,위험,944
대추,경기,의왕시,의왕,19.6,1.8,2.1,3,25,1.0,601.0,20006.0,ssp245,2068,22.59,2.99,위험,908
대추,경기,의왕시,의왕,19.6,1.8,2.1,3,25,1.0,601.0,20006.0,ssp245,2078,22.97,3.37,위험,856
대추,경기,의왕시,의왕,19.6,1.8,2.1,3,25,1.0,601.0,20006.0,ssp585,2028,21.13,1.53,경고,1078
대추,경기,의왕시,의왕,19.6,1.8,2.1,3,25,1.0,601.0,20006.0,ssp585,2038,21.81,2.21,위험,989
대추,경기,의왕시,의왕,19.6,1.8,2.1,3,25,1.0,601.0,20006.0,ssp585,2048,22.54,2.94,위험,892
대추,경기,의왕시,의왕,19.6,1.8,2.1,3,25,1.0,601.0,20006.0,ssp585,2058,23.36,3.76,위험,804
대추,경기,의왕시,의왕,19.6,1.8,2.1,3,25,1.0,601.0,20006.0,ssp585,2068,24.23,4.63,위험,674
대추,경기,의왕시,의왕,19.6,1.8,2.1,3,25,1.0,601.0,20006.0,ssp585,2078,25.1,5.5,위험,582
대추,경기,시흥시,시흥,19.6,1.8,2.1,3,25,4.2,295.0,12978.0,관측,2005,20.03,0.43,경고,1202
대추,경기,시흥시,시흥,19.6,1.8,2.1,3,25,4.2,295.0,12978.0,ssp245,2028,21.37,1.77,경고,1026
대추,경기,시흥시,시흥,19.6,1.8,2.1,3,25,4.2,295.0,12978.0,ssp245,2038,21.74,2.14,위험,982
대추,경기,시흥시,시흥,19.6,1.8,2.1,3,25,4.2,295.0,12978.0,ssp245,2048,22.06,2.46,위험,940
대추,경기,시흥시,시흥,19.6,1.8,2.1,3,25,4.2,295.0,12978.0,ssp245,2058,22.39,2.79,위험,906
대추,경기,시흥시,시흥,19.6,1.8,2.1,3,25,4.2,295.0,12978.0,ssp245,2068,22.62,3.02,위험,877
대추,경기,시흥시,시흥,19.6,1.8,2.1,3,25,4.2,295.0,12978.0,ssp245,2078,22.91,3.31,위험,836
대추,경기,시흥시,시흥,19.6,1.8,2.1,3,25,4.2,295.0,12978.0,ssp585,2028,21.47,1.87,주의,1032
대추,경기,시흥시,시흥,19.6,1.8,2.1,3,25,4.2,295.0,12978.0,ssp585,2038,21.98,2.38,위험,959
대추,경기,시흥시,시흥,19.6,1.8,2.1,3,25,4.2,295.0,12978.0,ssp585,2048,22.53,2.93,위험,879
대추,경기,시흥시,시흥,19.6,1.8,2.1,3,25,4.2,295.0,12978.0,ssp585,2058,23.17,3.57,위험,809
대추,경기,시흥시,시흥,19.6,1.8,2.1,3,25,4.2,295.0,12978.0,ssp585,2068,23.85,4.25,위험,705
대추,경기,시흥시,시흥,19.6,1.8,2.1,3,25,4.2,295.0,12978.0,ssp585,2078,24.54,4.94,위험,628
대추,충북,단양군,단양,19.6,1.8,2.1,3,25,8.8,389.0,10272.0,관측,2005,19.16,-0.44,적합,1446
대추,충북,단양군,단양,19.6,1.8,2.1,3,25,8.8,389.0,10272.0,ssp245,2028,20.78,1.18,경고,1222
대추,충북,단양군,단양,19.6,1.8,2.1,3,25,8.8,389.0,10272.0,ssp245,2038,21.19,1.59,경고,1172
대추,충북,단양군,단양,19.6,1.8,2.1,3,25,8.8,389.0,10272.0,ssp245,2048,21.59,1.99,주의,1123
대추,충북,단양군,단양,19.6,1.8,2.1,3,25,8.8,389.0,10272.0,ssp245,2058,21.97,2.37,위험,1075
대추,충북,단양군,단양,19.6,1.8,2.1,3,25,8.8,389.0,10272.0,ssp245,2068,22.25,2.65,위험,1038
대추,충북,단양군,단양,19.6,1.8,2.1,3,25,8.8,389.0,10272.0,ssp245,2078,22.58,2.98,위험,987
대추,충북,단양군,단양,19.6,1.8,2.1,3,25,8.8,389.0,10272.0,ssp585,2028,20.94,1.34,경고,1223
대추,충북,단양군,단양,19.6,1.8,2.1,3,25,8.8,389.0,10272.0,ssp585,2038,21.52,1.92,주의,1133
대추,충북,단양군,단양,19.6,1.8,2.1,3,25,8.8,389.0,10272.0,ssp585,2048,22.15,2.55,위험,1038
대추,충북,단양군,단양,19.6,1.8,2.1,3,25,8.8,389.0,10272.0,ssp585,2058,22.88,3.28,위험,946
대추,충북,단양군,단양,19.6,1.8,2.1,3,25,8.8,389.0,10272.0,ssp585,2068,23.66,4.06,위험,823
대추,충북,단양군,단양,19.6,1.8,2.1,3,25,8.8,389.0,10272.0,ssp585,2078,24.45,4.85,위험,723
대추,충남,태안군,태안,19.6,1.8,2.1,3,25,1.5,160.0,18035.0,관측,2005,19.56,-0.04,적합,990
대추,충남,태안군,태안,19.6,1.8,2.1,3,25,1.5,160.0,18035.0,ssp245,2028,21.08,1.48,경고,828
대추,충남,태안군,태안,19.6,1.8,2.1,3,25,1.5,160.0,18035.0,ssp245,2038,21.5,1.9,주의,788
대추,충남,태안군,태안,19.6,1.8,2.1,3,25,1.5,160.0,18035.0,ssp245,2048,21.87,2.27,위험,747
대추,충남,태안군,태안,19.6,1.8,2.1,3,25,1.5,160.0,18035.0,ssp245,2058,22.22,2.62,위험,713
대추,충남,태안군,태안,19.6,1.8,2.1,3,25,1.5,160.0,18035.0,ssp245,2068,22.49,2.89,위험,684
대추,충남,태안군,태안,19.6,1.8,2.1,3,25,1.5,160.0,18035.0,ssp245,2078,22.82,3.22,위험,655
대추,충남,태안군,태안,19.6,1.8,2.1,3,25,1.5,160.0,18035.0,ssp585,2028,21.19,1.59,경고,809
대추,충남,태안군,태안,19.6,1.8,2.1,3,25,1.5,160.0,18035.0,ssp585,2038,21.78,2.18,위험,740
대추,충남,태안군,태안,19.6,1.8,2.1,3,25,1.5,160.0,18035.0,ssp585,2048,22.37,2.77,위험,669
대추,충남,태안군,태안,19.6,1.8,2.1,3,25,1.5,160.0,18035.0,ssp585,2058,23.06,3.46,위험,618
대추,충남,태안군,태안,19.6,1.8,2.1,3,25,1.5,160.0,18035.0,ssp585,2068,23.8,4.2,위험,535
대추,충남,태안군,태안,19.6,1.8,2.1,3,25,1.5,160.0,18035.0,ssp585,2078,24.54,4.94,위험,468
대추,경기,고양시,고양,19.6,1.8,2.1,3,25,8.1,388.0,14738.0,관측,2005,19.43,-0.17,적합,1476
대추,경기,고양시,고양,19.6,1.8,2.1,3,25,8.1,388.0,14738.0,ssp245,2028,20.83,1.23,경고,1280
대추,경기,고양시,고양,19.6,1.8,2.1,3,25,8.1,388.0,14738.0,ssp245,2038,21.2,1.6,경고,1233
대추,경기,고양시,고양,19.6,1.8,2.1,3,25,8.1,388.0,14738.0,ssp245,2048,21.54,1.94,주의,1187
대추,경기,고양시,고양,19.6,1.8,2.1,3,25,8.1,388.0,14738.0,ssp245,2058,21.88,2.28,위험,1151
대추,경기,고양시,고양,19.6,1.8,2.1,3,25,8.1,388.0,14738.0,ssp245,2068,22.14,2.54,위험,1121
대추,경기,고양시,고양,19.6,1.8,2.1,3,25,8.1,388.0,14738.0,ssp245,2078,22.44,2.84,위험,1074
대추,경기,고양시,고양,19.6,1.8,2.1,3,25,8.1,388.0,14738.0,ssp585,2028,20.94,1.34,경고,1280
대추,경기,고양시,고양,19.6,1.8,2.1,3,25,8.1,388.0,14738.0,ssp585,2038,21.48,1.88,주의,1206
대추,경기,고양시,고양,19.6,1.8,2.1,3,25,8.1,388.0,14738.0,ssp585,2048,22.05,2.45,위험,1122
대추,경기,고양시,고양,19.6,1.8,2.1,3,25,8.1,388.0,14738.0,ssp585,2058,22.73,3.13,위험,1042
대추,경기,고양시,고양,19.6,1.8,2.1,3,25,8.1,388.0,14738.0,ssp585,2068,23.46,3.86,위험,931
대추,경기,고양시,고양,19.6,1.8,2.1,3,25,8.1,388.0,14738.0,ssp585,2078,24.2,4.6,위험,840
대추,경북,영양군,영양,19.6,1.8,2.1,3,25,4.0,1904.0,8038.0,관측,2005,17.99,-1.61,적합,1491
대추,경북,영양군,영양,19.6,1.8,2.1,3,25,4.0,1904.0,8038.0,ssp245,2028,20.16,0.56,경고,1276
대추,경북,영양군,영양,19.6,1.8,2.1,3,25,4.0,1904.0,8038.0,ssp245,2038,20.74,1.14,경고,1230
대추,경북,영양군,영양,19.6,1.8,2.1,3,25,4.0,1904.0,8038.0,ssp245,2048,21.23,1.63,경고,1181
대추,경북,영양군,영양,19.6,1.8,2.1,3,25,4.0,1904.0,8038.0,ssp245,2058,21.8,2.2,위험,1136
대추,경북,영양군,영양,19.6,1.8,2.1,3,25,4.0,1904.0,8038.0,ssp245,2068,22.17,2.57,위험,1102
대추,경북,영양군,영양,19.6,1.8,2.1,3,25,4.0,1904.0,8038.0,ssp245,2078,22.63,3.03,위험,1054
대추,경북,영양군,영양,19.6,1.8,2.1,3,25,4.0,1904.0,8038.0,ssp585,2028,20.27,0.67,경고,1312
대추,경북,영양군,영양,19.6,1.8,2.1,3,25,4.0,1904.0,8038.0,ssp585,2038,21.08,1.48,경고,1226
대추,경북,영양군,영양,19.6,1.8,2.1,3,25,4.0,1904.0,8038.0,ssp585,2048,21.95,2.35,위험,1132
대추,경북,영양군,영양,19.6,1.8,2.1,3,25,4.0,1904.0,8038.0,ssp585,2058,22.94,3.34,위험,1036
대추,경북,영양군,영양,19.6,1.8,2.1,3,25,4.0,1904.0,8038.0,ssp585,2068,24.0,4.4,위험,903
대추,경북,영양군,영양,19.6,1.8,2.1,3,25,4.0,1904.0,8038.0,ssp585,2078,25.0,5.4,위험,790
대추,경북,봉화군,봉화,19.6,1.8,2.1,3,25,21.5,2518.0,13529.0,관측,2005,17.09,-2.51,적합,1755
대추,경북,봉화군,봉화,19.6,1.8,2.1,3,25,21.5,2518.0,13529.0,ssp245,2028,19.04,-0.56,적합,1526
대추,경북,봉화군,봉화,19.6,1.8,2.1,3,25,21.5,2518.0,13529.0,ssp245,2038,19.53,-0.07,적합,1477
대추,경북,봉화군,봉화,19.6,1.8,2.1,3,25,21.5,2518.0,13529.0,ssp245,2048,19.97,0.37,경고,1427
대추,경북,봉화군,봉화,19.6,1.8,2.1,3,25,21.5,2518.0,13529.0,ssp245,2058,20.45,0.85,경고,1378
대추,경북,봉화군,봉화,19.6,1.8,2.1,3,25,21.5,2518.0,13529.0,ssp245,2068,20.78,1.18,경고,1341
대추,경북,봉화군,봉화,19.6,1.8,2.1,3,25,21.5,2518.0,13529.0,ssp245,2078,21.18,1.58,경고,1290
대추,경북,봉화군,봉화,19.6,1.8,2.1,3,25,21.5,2518.0,13529.0,ssp585,2028,19.16,-0.44,적합,1546
대추,경북,봉화군,봉화,19.6,1.8,2.1,3,25,21.5,2518.0,13529.0,ssp585,2038,19.87,0.27,경고,1454
대추,경북,봉화군,봉화,19.6,1.8,2.1,3,25,21.5,2518.0,13529.0,ssp585,2048,20.64,1.04,경고,1355
대추,경북,봉화군,봉화,19.6,1.8,2.1,3,25,21.5,2518.0,13529.0,ssp585,2058,21.5,1.9,주의,1255
대추,경북,봉화군,봉화,19.6,1.8,2.1,3,25,21.5,2518.0,13529.0,ssp585,2068,22.43,2.83,위험,1119
대추,경북,봉화군,봉화,19.6,1.8,2.1,3,25,21.5,2518.0,13529.0,ssp585,2078,23.33,3.73,위험,1004
대추,경기,부천시,부천,19.6,1.8,2.1,3,25,3.4,89.0,17564.0,관측,2005,20.6,1.0,경고,1031
대추,경기,부천시,부천,19.6,1.8,2.1,3,25,3.4,89.0,17564.0,ssp245,2028,21.97,2.37,위험,847
대추,경기,부천시,부천,19.6,1.8,2.1,3,25,3.4,89.0,17564.0,ssp245,2038,22.34,2.74,위험,801
대추,경기,부천시,부천,19.6,1.8,2.1,3,25,3.4,89.0,17564.0,ssp245,2048,22.67,3.07,위험,758
대추,경기,부천시,부천,19.6,1.8,2.1,3,25,3.4,89.0,17564.0,ssp245,2058,23.0,3.4,위험,724
대추,경기,부천시,부천,19.6,1.8,2.1,3,25,3.4,89.0,17564.0,ssp245,2068,23.25,3.65,위험,694
대추,경기,부천시,부천,19.6,1.8,2.1,3,25,3.4,89.0,17564.0,ssp245,2078,23.55,3.95,위험,656
대추,경기,부천시,부천,19.6,1.8,2.1,3,25,3.4,89.0,17564.0,ssp585,2028,22.07,2.47,위험,851
대추,경기,부천시,부천,19.6,1.8,2.1,3,25,3.4,89.0,17564.0,ssp585,2038,22.6,3.0,위험,779
대추,경기,부천시,부천,19.6,1.8,2.1,3,25,3.4,89.0,17564.0,ssp585,2048,23.16,3.56,위험,697
대추,경기,부천시,부천,19.6,1.8,2.1,3,25,3.4,89.0,17564.0,ssp585,2058,23.82,4.22,위험,632
대추,경기,부천시,부천,19.6,1.8,2.1,3,25,3.4,89.0,17564.0,ssp585,2068,24.53,4.93,위험,546
대추,경기,부천시,부천,19.6,1.8,2.1,3,25,3.4,89.0,17564.0,ssp585,2078,25.25,5.65,위험,481
대추,충북,제천시,제천,19.6,1.8,2.1,3,25,14.3,264.0,14666.0,관측,2005,17.83,-1.77,적합,1740
대추,충북,제천시,제천,19.6,1.8,2.1,3,25,14.3,264.0,14666.0,ssp245,2028,19.41,-0.19,적합,1524
대추,충북,제천시,제천,19.6,1.8,2.1,3,25,14.3,264.0,14666.0,ssp245,2038,19.81,0.21,경고,1474
대추,충북,제천시,제천,19.6,1.8,2.1,3,25,14.3,264.0,14666.0,ssp245,2048,20.2,0.6,경고,1425
대추,충북,제천시,제천,19.6,1.8,2.1,3,25,14.3,264.0,14666.0,ssp245,2058,20.57,0.97,경고,1379
대추,충북,제천시,제천,19.6,1.8,2.1,3,25,14.3,264.0,14666.0,ssp245,2068,20.85,1.25,경고,1342
대추,충북,제천시,제천,19.6,1.8,2.1,3,25,14.3,264.0,14666.0,ssp245,2078,21.17,1.57,경고,1292
대추,충북,제천시,제천,19.6,1.8,2.1,3,25,14.3,264.0,14666.0,ssp585,2028,19.57,-0.03,적합,1527
대추,충북,제천시,제천,19.6,1.8,2.1,3,25,14.3,264.0,14666.0,ssp585,2038,20.13,0.53,경고,1439
대추,충북,제천시,제천,19.6,1.8,2.1,3,25,14.3,264.0,14666.0,ssp585,2048,20.76,1.16,경고,1344
대추,충북,제천시,제천,19.6,1.8,2.1,3,25,14.3,264.0,14666.0,ssp585,2058,21.47,1.87,주의,1252
대추,충북,제천시,제천,19.6,1.8,2.1,3,25,14.3,264.0,14666.0,ssp585,2068,22.24,2.64,위험,1128
대추,충북,제천시,제천,19.6,1.8,2.1,3,25,14.3,264.0,14666.0,ssp585,2078,23.01,3.41,위험,1027
대추,경기,의정부시,의정부,19.6,1.8,2.1,3,25,2.7,81.0,20026.0,관측,2005,19.24,-0.36,적합,1480
대추,경기,의정부시,의정부,19.6,1.8,2.1,3,25,2.7,81.0,20026.0,ssp245,2028,20.74,1.14,경고,1263
대추,경기,의정부시,의정부,19.6,1.8,2.1,3,25,2.7,81.0,20026.0,ssp245,2038,21.14,1.54,경고,1216
대추,경기,의정부시,의정부,19.6,1.8,2.1,3,25,2.7,81.0,20026.0,ssp245,2048,21.5,1.9,주의,1168
대추,경기,의정부시,의정부,19.6,1.8,2.1,3,25,2.7,81.0,20026.0,ssp245,2058,21.87,2.27,위험,1129
대추,경기,의정부시,의정부,19.6,1.8,2.1,3,25,2.7,81.0,20026.0,ssp245,2068,22.13,2.53,위험,1097
대추,경기,의정부시,의정부,19.6,1.8,2.1,3,25,2.7,81.0,20026.0,ssp245,2078,22.46,2.86,위험,1045
대추,경기,의정부시,의정부,19.6,1.8,2.1,3,25,2.7,81.0,20026.0,ssp585,2028,20.91,1.31,경고,1251
대추,경기,의정부시,의정부,19.6,1.8,2.1,3,25,2.7,81.0,20026.0,ssp585,2038,21.48,1.88,주의,1172
대추,경기,의정부시,의정부,19.6,1.8,2.1,3,25,2.7,81.0,20026.0,ssp585,2048,22.09,2.49,위험,1083
대추,경기,의정부시,의정부,19.6,1.8,2.1,3,25,2.7,81.0,20026.0,ssp585,2058,22.8,3.2,위험,996
대추,경기,의정부시,의정부,19.6,1.8,2.1,3,25,2.7,81.0,20026.0,ssp585,2068,23.57,3.97,위험,877
대추,경기,의정부시,의정부,19.6,1.8,2.1,3,25,2.7,81.0,20026.0,ssp585,2078,24.34,4.74,위험,783
대추,충북,증평군,증평,19.6,1.8,2.1,3,25,6.1,3.0,16935.0,관측,2005,19.29,-0.31,적합,1485
대추,충북,증평군,증평,19.6,1.8,2.1,3,25,6.1,3.0,16935.0,ssp245,2028,20.79,1.19,경고,1300
대추,충북,증평군,증평,19.6,1.8,2.1,3,25,6.1,3.0,16935.0,ssp245,2038,21.18,1.58,경고,1254
대추,충북,증평군,증평,19.6,1.8,2.1,3,25,6.1,3.0,16935.0,ssp245,2048,21.54,1.94,주의,1212
대추,충북,증평군,증평,19.6,1.8,2.1,3,25,6.1,3.0,16935.0,ssp245,2058,21.9,2.3,위험,1173
대추,충북,증평군,증평,19.6,1.8,2.1,3,25,6.1,3.0,16935.0,ssp245,2068,22.17,2.57,위험,1141
대추,충북,증평군,증평,19.6,1.8,2.1,3,25,6.1,3.0,16935.0,ssp245,2078,22.48,2.88,위험,1096
대추,충북,증평군,증평,19.6,1.8,2.1,3,25,6.1,3.0,16935.0,ssp585,2028,20.95,1.35,경고,1301
대추,충북,증평군,증평,19.6,1.8,2.1,3,25,6.1,3.0,16935.0,ssp585,2038,21.5,1.9,주의,1223
대추,충북,증평군,증평,19.6,1.8,2.1,3,25,6.1,3.0,16935.0,ssp585,2048,22.08,2.48,위험,1139
대추,충북,증평군,증평,19.6,1.8,2.1,3,25,6.1,3.0,16935.0,ssp585,2058,22.77,3.17,위험,1057
대추,충북,증평군,증평,19.6,1.8,2.1,3,25,6.1,3.0,16935.0,ssp585,2068,23.51,3.91,위험,946
대추,충북,증평군,증평,19.6,1.8,2.1,3,25,6.1,3.0,16935.0,ssp585,2078,24.26,4.66,위험,851
대추,경기,수원시,수원,19.6,1.8,2.1,3,25,11.4,67.0,17555.0,관측,2005,19.87,0.27,경고,1256
대추,경기,수원시,수원,19.6,1.8,2.1,3,25,11.4,67.0,17555.0,ssp245,2028,21.54,1.94,주의,1056
대추,경기,수원시,수원,19.6,1.8,2.1,3,25,11.4,67.0,17555.0,ssp245,2038,21.99,2.39,위험,1007
대추,경기,수원시,수원,19.6,1.8,2.1,3,25,11.4,67.0,17555.0,ssp245,2048,22.39,2.79,위험,961
대추,경기,수원시,수원,19.6,1.8,2.1,3,25,11.4,67.0,17555.0,ssp245,2058,22.79,3.19,위험,920
대추,경기,수원시,수원,19.6,1.8,2.1,3,25,11.4,67.0,17555.0,ssp245,2068,23.08,3.48,위험,887
대추,경기,수원시,수원,19.6,1.8,2.1,3,25,11.4,67.0,17555.0,ssp245,2078,23.43,3.83,위험,837
대추,경기,수원시,수원,19.6,1.8,2.1,3,25,11.4,67.0,17555.0,ssp585,2028,21.73,2.13,위험,1046
대추,경기,수원시,수원,19.6,1.8,2.1,3,25,11.4,67.0,17555.0,ssp585,2038,22.35,2.75,위험,963
대추,경기,수원시,수원,19.6,1.8,2.1,3,25,11.4,67.0,17555.0,ssp585,2048,23.03,3.43,위험,871
대추,경기,수원시,수원,19.6,1.8,2.1,3,25,11.4,67.0,17555.0,ssp585,2058,23.78,4.18,위험,788
대추,경기,수원시,수원,19.6,1.8,2.1,3,25,11.4,67.0,17555.0,ssp585,2068,24.59,4.99,위험,666
대추,경기,수원시,수원,19.6,1.8,2.1,3,25,11.4,67.0,17555.0,ssp585,2078,25.41,5.81,위험,577
대추,충북,음성군,음성,19.6,1.8,2.1,3,25,15.0,159.0,12318.0,관측,2005,18.56,-1.04,적합,1654
대추,충북,음성군,음성,19.6,1.8,2.1,3,25,15.0,159.0,12318.0,ssp245,2028,20.06,0.46,경고,1464
대추,충북,음성군,음성,19.6,1.8,2.1,3,25,15.0,159.0,12318.0,ssp245,2038,20.44,0.84,경고,1417
대추,충북,음성군,음성,19.6,1.8,2.1,3,25,15.0,159.0,12318.0,ssp245,2048,20.8,1.2,경고,1375
대추,충북,음성군,음성,19.6,1.8,2.1,3,25,15.0,159.0,12318.0,ssp245,2058,21.16,1.56,경고,1335
대추,충북,음성군,음성,19.6,1.8,2.1,3,25,15.0,159.0,12318.0,ssp245,2068,21.43,1.83,주의,1302
대추,충북,음성군,음성,19.6,1.8,2.1,3,25,15.0,159.0,12318.0,ssp245,2078,21.74,2.14,위험,1257
대추,충북,음성군,음성,19.6,1.8,2.1,3,25,15.0,159.0,12318.0,ssp585,2028,20.22,0.62,경고,1462
대추,충북,음성군,음성,19.6,1.8,2.1,3,25,15.0,159.0,12318.0,ssp585,2038,20.77,1.17,경고,1383
대추,충북,음성군,음성,19.6,1.8,2.1,3,25,15.0,159.0,12318.0,ssp585,2048,21.35,1.75,경고,1298
대추,충북,음성군,음성,19.6,1.8,2.1,3,25,15.0,159.0,12318.0,ssp585,2058,22.04,2.44,위험,1216
대추,충북,음성군,음성,19.6,1.8,2.1,3,25,15.0,159.0,12318.0,ssp585,2068,22.78,3.18,위험,1104
대추,충북,음성군,음성,19.6,1.8,2.1,3,25,15.0,159.0,12318.0,ssp585,2078,23.53,3.93,위험,1009
대추,경기,하남시,하남,19.6,1.8,2.1,3,25,2.2,71.0,17533.0,관측,2005,19.96,0.36,경고,1281
대추,경기,하남시,하남,19.6,1.8,2.1,3,25,2.2,71.0,17533.0,ssp245,2028,21.49,1.89,주의,1068
대추,경기,하남시,하남,19.6,1.8,2.1,3,25,2.2,71.0,17533.0,ssp245,2038,21.89,2.29,위험,1021
대추,경기,하남시,하남,19.6,1.8,2.1,3,25,2.2,71.0,17533.0,ssp245,2048,22.26,2.66,위험,974
대추,경기,하남시,하남,19.6,1.8,2.1,3,25,2.2,71.0,17533.0,ssp245,2058,22.63,3.03,위험,935
대추,경기,하남시,하남,19.6,1.8,2.1,3,25,2.2,71.0,17533.0,ssp245,2068,22.89,3.29,위험,903
대추,경기,하남시,하남,19.6,1.8,2.1,3,25,2.2,71.0,17533.0,ssp245,2078,23.22,3.62,위험,852
대추,경기,하남시,하남,19.6,1.8,2.1,3,25,2.2,71.0,17533.0,ssp585,2028,21.66,2.06,주의,1058
대추,경기,하남시,하남,19.6,1.8,2.1,3,25,2.2,71.0,17533.0,ssp585,2038,22.24,2.64,위험,978
대추,경기,하남시,하남,19.6,1.8,2.1,3,25,2.2,71.0,17533.0,ssp585,2048,22.85,3.25,위험,889
대추,경기,하남시,하남,19.6,1.8,2.1,3,25,2.2,71.0,17533.0,ssp585,2058,23.56,3.96,위험,802
대추,경기,하남시,하남,19.6,1.8,2.1,3,25,2.2,71.0,17533.0,ssp585,2068,24.33,4.73,위험,683
대추,경기,하남시,하남,19.6,1.8,2.1,3,25,2.2,71.0,17533.0,ssp585,2078,25.1,5.5,위험,600
대추,경기,평택시,평택,19.6,1.8,2.1,3,25,10.0,332.0,16059.0,관측,2005,20.3,0.7,경고,1268
대추,경기,평택시,평택,19.6,1.8,2.1,3,25,10.0,332.0,16059.0,ssp245,2028,21.78,2.18,위험,1093
대추,경기,평택시,평택,19.6,1.8,2.1,3,25,10.0,332.0,16059.0,ssp245,2038,22.17,2.57,위험,1049
대추,경기,평택시,평택,19.6,1.8,2.1,3,25,10.0,332.0,16059.0,ssp245,2048,22.53,2.93,위험,1008
대추,경기,평택시,평택,19.6,1.8,2.1,3,25,10.0,332.0,16059.0,ssp245,2058,22.88,3.28,위험,972
대추,경기,평택시,평택,19.6,1.8,2.1,3,25,10.0,332.0,16059.0,ssp245,2068,23.14,3.54,위험,941
대추,경기,평택시,평택,19.6,1.8,2.1,3,25,10.0,332.0,16059.0,ssp245,2078,23.45,3.85,위험,898
대추,경기,평택시,평택,19.6,1.8,2.1,3,25,10.0,332.0,16059.0,ssp585,2028,21.92,2.32,위험,1089
대추,경기,평택시,평택,19.6,1.8,2.1,3,25,10.0,332.0,16059.0,ssp585,2038,22.47,2.87,위험,1015
대추,경기,평택시,평택,19.6,1.8,2.1,3,25,10.0,332.0,16059.0,ssp585,2048,23.07,3.47,위험,934
대추,경기,평택시,평택,19.6,1.8,2.1,3,25,10.0,332.0,16059.0,ssp585,2058,23.73,4.13,위험,861
대추,경기,평택시,평택,19.6,1.8,2.1,3,25,10.0,332.0,16059.0,ssp585,2068,24.46,4.86,위험,753
대추,경기,평택시,평택,19.6,1.8,2.1,3,25,10.0,332.0,16059.0,ssp585,2078,25.2,5.6,위험,663
대추,경기,양평군,양평,19.6,1.8,2.1,3,25,8.4,368.0,22884.0,관측,2005,19.27,-0.33,적합,1473
대추,경기,양평군,양평,19.6,1.8,2.1,3,25,8.4,368.0,22884.0,ssp245,2028,20.86,1.26,경고,1238
대추,경기,양평군,양평,19.6,1.8,2.1,3,25,8.4,368.0,22884.0,ssp245,2038,21.27,1.67,경고,1184
대추,경기,양평군,양평,19.6,1.8,2.1,3,25,8.4,368.0,22884.0,ssp245,2048,21.65,2.05,주의,1134
대추,경기,양평군,양평,19.6,1.8,2.1,3,25,8.4,368.0,22884.0,ssp245,2058,22.02,2.42,위험,1090
대추,경기,양평군,양평,19.6,1.8,2.1,3,25,8.4,368.0,22884.0,ssp245,2068,22.29,2.69,위험,1055
대추,경기,양평군,양평,19.6,1.8,2.1,3,25,8.4,368.0,22884.0,ssp245,2078,22.61,3.01,위험,1002
대추,경기,양평군,양평,19.6,1.8,2.1,3,25,8.4,368.0,22884.0,ssp585,2028,21.01,1.41,경고,1239
대추,경기,양평군,양평,19.6,1.8,2.1,3,25,8.4,368.0,22884.0,ssp585,2038,21.59,1.99,주의,1151
대추,경기,양평군,양평,19.6,1.8,2.1,3,25,8.4,368.0,22884.0,ssp585,2048,22.21,2.61,위험,1054
대추,경기,양평군,양평,19.6,1.8,2.1,3,25,8.4,368.0,22884.0,ssp585,2058,22.94,3.34,위험,961
대추,경기,양평군,양평,19.6,1.8,2.1,3,25,8.4,368.0,22884.0,ssp585,2068,23.71,4.11,위험,837
대추,경기,양평군,양평,19.6,1.8,2.1,3,25,8.4,368.0,22884.0,ssp585,2078,24.49,4.89,위험,739
대추,경기,광명시,광명,19.6,1.8,2.1,3,25,,,,관측,2005,20.89,1.29,경고,977
대추,경기,광명시,광명,19.6,1.8,2.1,3,25,,,,ssp245,2028,22.33,2.73,위험,791
대추,경기,광명시,광명,19.6,1.8,2.1,3,25,,,,ssp245,2038,22.72,3.12,위험,745
대추,경기,광명시,광명,19.6,1.8,2.1,3,25,,,,ssp245,2048,23.07,3.47,위험,704
대추,경기,광명시,광명,19.6,1.8,2.1,3,25,,,,ssp245,2058,23.42,3.82,위험,675
대추,경기,광명시,광명,19.6,1.8,2.1,3,25,,,,ssp245,2068,23.66,4.06,위험,657
대추,경기,광명시,광명,19.6,1.8,2.1,3,25,,,,ssp245,2078,23.97,4.37,위험,624
대추,경기,광명시,광명,19.6,1.8,2.1,3,25,,,,ssp585,2028,22.44,2.84,위험,799
대추,경기,광명시,광명,19.6,1.8,2.1,3,25,,,,ssp585,2038,22.99,3.39,위험,723
대추,경기,광명시,광명,19.6,1.8,2.1,3,25,,,,ssp585,2048,23.57,3.97,위험,656
대추,경기,광명시,광명,19.6,1.8,2.1,3,25,,,,ssp585,2058,24.25,4.65,위험,599
대추,경기,광명시,광명,19.6,1.8,2.1,3,25,,,,ssp585,2068,24.97,5.37,위험,509
대추,경기,광명시,광명,19.6,1.8,2.1,3,25,,,,ssp585,2078,25.7,6.1,위험,441
대추,경기,광주시,광주,19.6,1.8,2.1,3,25,7.5,246.0,15876.0,관측,2005,20.79,1.19,경고,867
대추,경기,광주시,광주,19.6,1.8,2.1,3,25,7.5,246.0,15876.0,ssp245,2028,22.44,2.84,위험,645
대추,경기,광주시,광주,19.6,1.8,2.1,3,25,7.5,246.0,15876.0,ssp245,2038,22.87,3.27,위험,594
대추,경기,광주시,광주,19.6,1.8,2.1,3,25,7.5,246.0,15876.0,ssp245,2048,23.26,3.66,위험,547
대추,경기,광주시,광주,19.6,1.8,2.1,3,25,7.5,246.0,15876.0,ssp245,2058,23.65,4.05,위험,507
대추,경기,광주시,광주,19.6,1.8,2.1,3,25,7.5,246.0,15876.0,ssp245,2068,23.92,4.32,위험,486
대추,경기,광주시,광주,19.6,1.8,2.1,3,25,7.5,246.0,15876.0,ssp245,2078,24.26,4.66,위험,447
대추,경기,광주시,광주,19.6,1.8,2.1,3,25,7.5,246.0,15876.0,ssp585,2028,22.59,2.99,위험,646
대추,경기,광주시,광주,19.6,1.8,2.1,3,25,7.5,246.0,15876.0,ssp585,2038,23.19,3.59,위험,560
대추,경기,광주시,광주,19.6,1.8,2.1,3,25,7.5,246.0,15876.0,ssp585,2048,23.84,4.24,위험,482
대추,경기,광주시,광주,19.6,1.8,2.1,3,25,7.5,246.0,15876.0,ssp585,2058,24.58,4.98,위험,412
대추,경기,광주시,광주,19.6,1.8,2.1,3,25,7.5,246.0,15876.0,ssp585,2068,25.36,5.76,위험,317
대추,경기,광주시,광주,19.6,1.8,2.1,3,25,7.5,246.0,15876.0,ssp585,2078,26.16,6.56,위험,246
대추,경기,이천시,이천,19.6,1.8,2.1,3,25,8.3,13.0,17628.0,관측,2005,19.14,-0.46,적합,1491
대추,경기,이천시,이천,19.6,1.8,2.1,3,25,8.3,13.0,17628.0,ssp245,2028,20.71,1.11,경고,1294
대추,경기,이천시,이천,19.6,1.8,2.1,3,25,8.3,13.0,17628.0,ssp245,2038,21.12,1.52,경고,1247
대추,경기,이천시,이천,19.6,1.8,2.1,3,25,8.3,13.0,17628.0,ssp245,2048,21.49,1.89,주의,1204
대추,경기,이천시,이천,19.6,1.8,2.1,3,25,8.3,13.0,17628.0,ssp245,2058,21.86,2.26,위험,1162
대추,경기,이천시,이천,19.6,1.8,2.1,3,25,8.3,13.0,17628.0,ssp245,2068,22.13,2.53,위험,1130
대추,경기,이천시,이천,19.6,1.8,2.1,3,25,8.3,13.0,17628.0,ssp245,2078,22.44,2.84,위험,1084
대추,경기,이천시,이천,19.6,1.8,2.1,3,25,8.3,13.0,17628.0,ssp585,2028,20.85,1.25,경고,1299
대추,경기,이천시,이천,19.6,1.8,2.1,3,25,8.3,13.0,17628.0,ssp585,2038,21.42,1.82,주의,1218
대추,경기,이천시,이천,19.6,1.8,2.1,3,25,8.3,13.0,17628.0,ssp585,2048,22.03,2.43,위험,1131
대추,경기,이천시,이천,19.6,1.8,2.1,3,25,8.3,13.0,17628.0,ssp585,2058,22.73,3.13,위험,1048
대추,경기,이천시,이천,19.6,1.8,2.1,3,25,8.3,13.0,17628.0,ssp585,2068,23.48,3.88,위험,933
대추,경기,이천시,이천,19.6,1.8,2.1,3,25,8.3,13.0,17628.0,ssp585,2078,24.24,4.64,위험,838
대추,경기,파주시,파주,19.6,1.8,2.1,3,25,14.9,398.0,18483.0,관측,2005,18.66,-0.94,적합,1661
대추,경기,파주시,파주,19.6,1.8,2.1,3,25,14.9,398.0,18483.0,ssp245,2028,20.1,0.5,경고,1456
대추,경기,파주시,파주,19.6,1.8,2.1,3,25,14.9,398.0,18483.0,ssp245,2038,20.48,0.88,경고,1408
대추,경기,파주시,파주,19.6,1.8,2.1,3,25,14.9,398.0,18483.0,ssp245,2048,20.82,1.22,경고,1361
대추,경기,파주시,파주,19.6,1.8,2.1,3,25,14.9,398.0,18483.0,ssp245,2058,21.16,1.56,경고,1324
대추,경기,파주시,파주,19.6,1.8,2.1,3,25,14.9,398.0,18483.0,ssp245,2068,21.42,1.82,주의,1292
대추,경기,파주시,파주,19.6,1.8,2.1,3,25,14.9,398.0,18483.0,ssp245,2078,21.72,2.12,위험,1244
대추,경기,파주시,파주,19.6,1.8,2.1,3,25,14.9,398.0,18483.0,ssp585,2028,20.21,0.61,경고,1455
대추,경기,파주시,파주,19.6,1.8,2.1,3,25,14.9,398.0,18483.0,ssp585,2038,20.75,1.15,경고,1380
대추,경기,파주시,파주,19.6,1.8,2.1,3,25,14.9,398.0,18483.0,ssp585,2048,21.33,1.73,경고,1294
대추,경기,파주시,파주,19.6,1.8,2.1,3,25,14.9,398.0,18483.0,ssp585,2058,22.01,2.41,위험,1211
대추,경기,파주시,파주,19.6,1.8,2.1,3,25,14.9,398.0,18483.0,ssp585,2068,22.75,3.15,위험,1094
대추,경기,파주시,파주,19.6,1.8,2.1,3,25,14.9,398.0,18483.0,ssp585,2078,23.5,3.9,위험,997
대추,경기,군포시,군포,19.6,1.8,2.1,3,25,4.0,51.0,17517.0,관측,2005,20.51,0.91,경고,1019
대추,경기,군포시,군포,19.6,1.8,2.1,3,25,4.0,51.0,17517.0,ssp245,2028,22.29,2.69,위험,810
대추,경기,군포시,군포,19.6,1.8,2.1,3,25,4.0,51.0,17517.0,ssp245,2038,22.77,3.17,위험,757
대추,경기,군포시,군포,19.6,1.8,2.1,3,25,4.0,51.0,17517.0,ssp245,2048,23.19,3.59,위험,708
대추,경기,군포시,군포,19.6,1.8,2.1,3,25,4.0,51.0,17517.0,ssp245,2058,23.61,4.01,위험,667
대추,경기,군포시,군포,19.6,1.8,2.1,3,25,4.0,51.0,17517.0,ssp245,2068,23.91,4.31,위험,647
대추,경기,군포시,군포,19.6,1.8,2.1,3,25,4.0,51.0,17517.0,ssp245,2078,24.29,4.69,위험,609
대추,경기,군포시,군포,19.6,1.8,2.1,3,25,4.0,51.0,17517.0,ssp585,2028,22.46,2.86,위험,804
대추,경기,군포시,군포,19.6,1.8,2.1,3,25,4.0,51.0,17517.0,ssp585,2038,23.13,3.53,위험,716
대추,경기,군포시,군포,19.6,1.8,2.1,3,25,4.0,51.0,17517.0,ssp585,2048,23.84,4.24,위험,636
대추,경기,군포시,군포,19.6,1.8,2.1,3,25,4.0,51.0,17517.0,ssp585,2058,24.65,5.05,위험,572
대추,경기,군포시,군포,19.6,1.8,2.1,3,25,4.0,51.0,17517.0,ssp585,2068,25.51,5.91,위험,469
대추,경기,군포시,군포,19.6,1.8,2.1,3,25,4.0,51.0,17517.0,ssp585,2078,26.37,6.77,위험,388
대추,경기,과천시,과천,19.6,1.8,2.1,3,25,0.1,622.0,17603.0,관측,2005,19.8,0.2,경고,1299
대추,경기,과천시,과천,19.6,1.8,2.1,3,25,0.1,622.0,17603.0,ssp245,2028,21.56,1.96,주의,1084
대추,경기,과천시,과천,19.6,1.8,2.1,3,25,0.1,622.0,17603.0,ssp245,2038,22.02,2.42,위험,1032
대추,경기,과천시,과천,19.6,1.8,2.1,3,25,0.1,622.0,17603.0,ssp245,2048,22.45,2.85,위험,985
대추,경기,과천시,과천,19.6,1.8,2.1,3,25,0.1,622.0,17603.0,ssp245,2058,22.86,3.26,위험,944
대추,경기,과천시,과천,19.6,1.8,2.1,3,25,0.1,622.0,17603.0,ssp245,2068,23.16,3.56,위험,910
대추,경기,과천시,과천,19.6,1.8,2.1,3,25,0.1,622.0,17603.0,ssp245,2078,23.53,3.93,위험,858
대추,경기,과천시,과천,19.6,1.8,2.1,3,25,0.1,622.0,17603.0,ssp585,2028,21.74,2.14,위험,1075
대추,경기,과천시,과천,19.6,1.8,2.1,3,25,0.1,622.0,17603.0,ssp585,2038,22.4,2.8,위험,990
대추,경기,과천시,과천,19.6,1.8,2.1,3,25,0.1,622.0,17603.0,ssp585,2048,23.1,3.5,위험,895
대추,경기,과천시,과천,19.6,1.8,2.1,3,25,0.1,622.0,17603.0,ssp585,2058,23.91,4.31,위험,807
대추,경기,과천시,과천,19.6,1.8,2.1,3,25,0.1,622.0,17603.0,ssp585,2068,24.76,5.16,위험,682
대추,경기,과천시,과천,19.6,1.8,2.1,3,25,0.1,622.0,17603.0,ssp585,2078,25.62,6.02,위험,589
대추,강원,인제군,인제,19.6,1.8,2.1,3,25,3.7,73.0,18030.0,관측,2005,17.71,-1.89,적합,1644
대추,강원,인제군,인제,19.6,1.8,2.1,3,25,3.7,73.0,18030.0,ssp245,2028,19.66,0.06,경고,1396
대추,강원,인제군,인제,19.6,1.8,2.1,3,25,3.7,73.0,18030.0,ssp245,2038,20.16,0.56,경고,1341
대추,강원,인제군,인제,19.6,1.8,2.1,3,25,3.7,73.0,18030.0,ssp245,2048,20.61,1.01,경고,1281
대추,강원,인제군,인제,19.6,1.8,2.1,3,25,3.7,73.0,18030.0,ssp245,2058,21.05,1.45,경고,1234
대추,강원,인제군,인제,19.6,1.8,2.1,3,25,3.7,73.0,18030.0,ssp245,2068,21.35,1.75,경고,1193
대추,강원,인제군,인제,19.6,1.8,2.1,3,25,3.7,73.0,18030.0,ssp245,2078,21.73,2.13,위험,1132
대추,강원,인제군,인제,19.6,1.8,2.1,3,25,3.7,73.0,18030.0,ssp585,2028,19.78,0.18,경고,1410
대추,강원,인제군,인제,19.6,1.8,2.1,3,25,3.7,73.0,18030.0,ssp585,2038,20.45,0.85,경고,1315
대추,강원,인제군,인제,19.6,1.8,2.1,3,25,3.7,73.0,18030.0,ssp585,2048,21.22,1.62,경고,1206
대추,강원,인제군,인제,19.6,1.8,2.1,3,25,3.7,73.0,18030.0,ssp585,2058,22.07,2.47,위험,1101
대추,강원,인제군,인제,19.6,1.8,2.1,3,25,3.7,73.0,18030.0,ssp585,2068,22.99,3.39,위험,954
대추,강원,인제군,인제,19.6,1.8,2.1,3,25,3.7,73.0,18030.0,ssp585,2078,23.91,4.31,위험,833
대추,경기,여주시,여주,19.6,1.8,2.1,3,25,2.9,1533.0,16353.0,관측,2005,19.23,-0.37,적합,1503
대추,경기,여주시,여주,19.6,1.8,2.1,3,25,2.9,1533.0,16353.0,ssp245,2028,20.75,1.15,경고,1305
대추,경기,여주시,여주,19.6,1.8,2.1,3,25,2.9,1533.0,16353.0,ssp245,2038,21.15,1.55,경고,1258
대추,경기,여주시,여주,19.6,1.8,2.1,3,25,2.9,1533.0,16353.0,ssp245,2048,21.51,1.91,주의,1215
대추,경기,여주시,여주,19.6,1.8,2.1,3,25,2.9,1533.0,16353.0,ssp245,2058,21.87,2.27,위험,1174
대추,경기,여주시,여주,19.6,1.8,2.1,3,25,2.9,1533.0,16353.0,ssp245,2068,22.13,2.53,위험,1142
대추,경기,여주시,여주,19.6,1.8,2.1,3,25,2.9,1533.0,16353.0,ssp245,2078,22.44,2.84,위험,1096
대추,경기,여주시,여주,19.6,1.8,2.1,3,25,2.9,1533.0,16353.0,ssp585,2028,20.91,1.31,경고,1306
대추,경기,여주시,여주,19.6,1.8,2.1,3,25,2.9,1533.0,16353.0,ssp585,2038,21.47,1.87,주의,1226
대추,경기,여주시,여주,19.6,1.8,2.1,3,25,2.9,1533.0,16353.0,ssp585,2048,22.06,2.46,위험,1139
대추,경기,여주시,여주,19.6,1.8,2.1,3,25,2.9,1533.0,16353.0,ssp585,2058,22.76,3.16,위험,1055
대추,경기,여주시,여주,19.6,1.8,2.1,3,25,2.9,1533.0,16353.0,ssp585,2068,23.5,3.9,위험,941
대추,경기,여주시,여주,19.6,1.8,2.1,3,25,2.9,1533.0,16353.0,ssp585,2078,24.26,4.66,위험,846
대추,강원,원주시,원주,19.6,1.8,2.1,3,25,16.1,247.0,15326.0,관측,2005,19.49,-0.11,적합,1419
대추,강원,원주시,원주,19.6,1.8,2.1,3,25,16.1,247.0,15326.0,ssp245,2028,21.02,1.42,경고,1201
대추,강원,원주시,원주,19.6,1.8,2.1,3,25,16.1,247.0,15326.0,ssp245,2038,21.41,1.81,주의,1149
대추,강원,원주시,원주,19.6,1.8,2.1,3,25,16.1,247.0,15326.0,ssp245,2048,21.78,2.18,위험,1102
대추,강원,원주시,원주,19.6,1.8,2.1,3,25,16.1,247.0,15326.0,ssp245,2058,22.15,2.55,위험,1056
대추,강원,원주시,원주,19.6,1.8,2.1,3,25,16.1,247.0,15326.0,ssp245,2068,22.42,2.82,위험,1021
대추,강원,원주시,원주,19.6,1.8,2.1,3,25,16.1,247.0,15326.0,ssp245,2078,22.73,3.13,위험,970
대추,강원,원주시,원주,19.6,1.8,2.1,3,25,16.1,247.0,15326.0,ssp585,2028,21.19,1.59,경고,1200
대추,강원,원주시,원주,19.6,1.8,2.1,3,25,16.1,247.0,15326.0,ssp585,2038,21.75,2.15,위험,1112
대추,강원,원주시,원주,19.6,1.8,2.1,3,25,16.1,247.0,15326.0,ssp585,2048,22.35,2.75,위험,1017
대추,강원,원주시,원주,19.6,1.8,2.1,3,25,16.1,247.0,15326.0,ssp585,2058,23.06,3.46,위험,925
대추,강원,원주시,원주,19.6,1.8,2.1,3,25,16.1,247.0,15326.0,ssp585,2068,23.81,4.21,위험,801
대추,강원,원주시,원주,19.6,1.8,2.1,3,25,16.1,247.0,15326.0,ssp585,2078,24.58,4.98,위험,700
대추,경기,포천시,포천,19.6,1.8,2.1,3,25,11.4,256.0,17417.0,관측,2005,19.2,-0.4,적합,1633
대추,경기,포천시,포천,19.6,1.8,2.1,3,25,11.4,256.0,17417.0,ssp245,2028,20.74,1.14,경고,1400
대추,경기,포천시,포천,19.6,1.8,2.1,3,25,11.4,256.0,17417.0,ssp245,2038,21.13,1.53,경고,1350
대추,경기,포천시,포천,19.6,1.8,2.1,3,25,11.4,256.0,17417.0,ssp245,2048,21.49,1.89,주의,1300
대추,경기,포천시,포천,19.6,1.8,2.1,3,25,11.4,256.0,17417.0,ssp245,2058,21.85,2.25,위험,1258
대추,경기,포천시,포천,19.6,1.8,2.1,3,25,11.4,256.0,17417.0,ssp245,2068,22.11,2.51,위험,1223
대추,경기,포천시,포천,19.6,1.8,2.1,3,25,11.4,256.0,17417.0,ssp245,2078,22.42,2.82,위험,1169
대추,경기,포천시,포천,19.6,1.8,2.1,3,25,11.4,256.0,17417.0,ssp585,2028,20.88,1.28,경고,1394
대추,경기,포천시,포천,19.6,1.8,2.1,3,25,11.4,256.0,17417.0,ssp585,2038,21.44,1.84,주의,1311
대추,경기,포천시,포천,19.6,1.8,2.1,3,25,11.4,256.0,17417.0,ssp585,2048,22.05,2.45,위험,1218
대추,경기,포천시,포천,19.6,1.8,2.1,3,25,11.4,256.0,17417.0,ssp585,2058,22.75,3.15,위험,1126
대추,경기,포천시,포천,19.6,1.8,2.1,3,25,11.4,256.0,17417.0,ssp585,2068,23.52,3.92,위험,999
대추,경기,포천시,포천,19.6,1.8,2.1,3,25,11.4,256.0,17417.0,ssp585,2078,24.29,4.69,위험,901
대추,강원,홍천군,홍천,19.6,1.8,2.1,3,25,12.1,240.0,14667.0,관측,2005,18.59,-1.01,적합,1662
대추,강원,홍천군,홍천,19.6,1.8,2.1,3,25,12.1,240.0,14667.0,ssp245,2028,20.29,0.69,경고,1421
대추,강원,홍천군,홍천,19.6,1.8,2.1,3,25,12.1,240.0,14667.0,ssp245,2038,20.73,1.13,경고,1364
대추,강원,홍천군,홍천,19.6,1.8,2.1,3,25,12.1,240.0,14667.0,ssp245,2048,21.13,1.53,경고,1306
대추,강원,홍천군,홍천,19.6,1.8,2.1,3,25,12.1,240.0,14667.0,ssp245,2058,21.53,1.93,주의,1260
대추,강원,홍천군,홍천,19.6,1.8,2.1,3,25,12.1,240.0,14667.0,ssp245,2068,21.8,2.2,위험,1223
대추,강원,홍천군,홍천,19.6,1.8,2.1,3,25,12.1,240.0,14667.0,ssp245,2078,22.14,2.54,위험,1163
대추,강원,홍천군,홍천,19.6,1.8,2.1,3,25,12.1,240.0,14667.0,ssp585,2028,20.44,0.84,경고,1426
대추,강원,홍천군,홍천,19.6,1.8,2.1,3,25,12.1,240.0,14667.0,ssp585,2038,21.05,1.45,경고,1332
대추,강원,홍천군,홍천,19.6,1.8,2.1,3,25,12.1,240.0,14667.0,ssp585,2048,21.71,2.11,위험,1228
대추,강원,홍천군,홍천,19.6,1.8,2.1,3,25,12.1,240.0,14667.0,ssp585,2058,22.47,2.87,위험,1126
대추,강원,홍천군,홍천,19.6,1.8,2.1,3,25,12.1,240.0,14667.0,ssp585,2068,23.28,3.68,위험,987
대추,강원,홍천군,홍천,19.6,1.8,2.1,3,25,12.1,240.0,14667.0,ssp585,2078,24.1,4.5,위험,876
대추,강원,영월군,영월,19.6,1.8,2.1,3,25,4.1,472.0,6833.0,관측,2005,18.54,-1.06,적합,1563
대추,강원,영월군,영월,19.6,1.8,2.1,3,25,4.1,472.0,6833.0,ssp245,2028,20.24,0.64,경고,1331
대추,강원,영월군,영월,19.6,1.8,2.1,3,25,4.1,472.0,6833.0,ssp245,2038,20.66,1.06,경고,1280
대추,강원,영월군,영월,19.6,1.8,2.1,3,25,4.1,472.0,6833.0,ssp245,2048,21.06,1.46,경고,1229
대추,강원,영월군,영월,19.6,1.8,2.1,3,25,4.1,472.0,6833.0,ssp245,2058,21.46,1.86,주의,1179
대추,강원,영월군,영월,19.6,1.8,2.1,3,25,4.1,472.0,6833.0,ssp245,2068,21.75,2.15,위험,1141
대추,강원,영월군,영월,19.6,1.8,2.1,3,25,4.1,472.0,6833.0,ssp245,2078,22.09,2.49,위험,1087
대추,강원,영월군,영월,19.6,1.8,2.1,3,25,4.1,472.0,6833.0,ssp585,2028,20.37,0.77,경고,1344
대추,강원,영월군,영월,19.6,1.8,2.1,3,25,4.1,472.0,6833.0,ssp585,2038,20.97,1.37,경고,1250
대추,강원,영월군,영월,19.6,1.8,2.1,3,25,4.1,472.0,6833.0,ssp585,2048,21.63,2.03,주의,1151
대추,강원,영월군,영월,19.6,1.8,2.1,3,25,4.1,472.0,6833.0,ssp585,2058,22.38,2.78,위험,1053
대추,강원,영월군,영월,19.6,1.8,2.1,3,25,4.1,472.0,6833.0,ssp585,2068,23.19,3.59,위험,921
대추,강원,영월군,영월,19.6,1.8,2.1,3,25,4.1,472.0,6833.0,ssp585,2078,24.0,4.4,위험,814
대추,강원,춘천시,춘천,19.6,1.8,2.1,3,25,16.1,66.0,13999.0,관측,2005,19.13,-0.47,적합,1536
대추,강원,춘천시,춘천,19.6,1.8,2.1,3,25,16.1,66.0,13999.0,ssp245,2028,20.77,1.17,경고,1304
대추,강원,춘천시,춘천,19.6,1.8,2.1,3,25,16.1,66.0,13999.0,ssp245,2038,21.18,1.58,경고,1251
대추,강원,춘천시,춘천,19.6,1.8,2.1,3,25,16.1,66.0,13999.0,ssp245,2048,21.57,1.97,주의,1197
대추,강원,춘천시,춘천,19.6,1.8,2.1,3,25,16.1,66.0,13999.0,ssp245,2058,21.95,2.35,위험,1154
대추,강원,춘천시,춘천,19.6,1.8,2.1,3,25,16.1,66.0,13999.0,ssp245,2068,22.21,2.61,위험,1118
대추,강원,춘천시,춘천,19.6,1.8,2.1,3,25,16.1,66.0,13999.0,ssp245,2078,22.54,2.94,위험,1064
대추,강원,춘천시,춘천,19.6,1.8,2.1,3,25,16.1,66.0,13999.0,ssp585,2028,20.9,1.3,경고,1305
대추,강원,춘천시,춘천,19.6,1.8,2.1,3,25,16.1,66.0,13999.0,ssp585,2038,21.49,1.89,주의,1217
대추,강원,춘천시,춘천,19.6,1.8,2.1,3,25,16.1,66.0,13999.0,ssp585,2048,22.13,2.53,위험,1119
대추,강원,춘천시,춘천,19.6,1.8,2.1,3,25,16.1,66.0,13999.0,ssp585,2058,22.86,3.26,위험,1024
대추,강원,춘천시,춘천,19.6,1.8,2.1,3,25,16.1,66.0,13999.0,ssp585,2068,23.65,4.05,위험,893
대추,강원,춘천시,춘천,19.6,1.8,2.1,3,25,16.1,66.0,13999.0,ssp585,2078,24.44,4.84,위험,789
대추,경기,양주시,양주,19.6,1.8,2.1,3,25,2.8,315.0,18006.0,관측,2005,19.07,-0.53,적합,1678
대추,경기,양주시,양주,19.6,1.8,2.1,3,25,2.8,315.0,18006.0,ssp245,2028,20.59,0.99,경고,1456
대추,경기,양주시,양주,19.6,1.8,2.1,3,25,2.8,315.0,18006.0,ssp245,2038,20.99,1.39,경고,1406
대추,경기,양주시,양주,19.6,1.8,2.1,3,25,2.8,315.0,18006.0,ssp245,2048,21.36,1.76,경고,1356
대추,경기,양주시,양주,19.6,1.8,2.1,3,25,2.8,315.0,18006.0,ssp245,2058,21.72,2.12,위험,1317
대추,경기,양주시,양주,19.6,1.8,2.1,3,25,2.8,315.0,18006.0,ssp245,2068,21.98,2.38,위험,1284
대추,경기,양주시,양주,19.6,1.8,2.1,3,25,2.8,315.0,18006.0,ssp245,2078,22.31,2.71,위험,1232
대추,경기,양주시,양주,19.6,1.8,2.1,3,25,2.8,315.0,18006.0,ssp585,2028,20.76,1.16,경고,1441
대추,경기,양주시,양주,19.6,1.8,2.1,3,25,2.8,315.0,18006.0,ssp585,2038,21.33,1.73,경고,1362
대추,경기,양주시,양주,19.6,1.8,2.1,3,25,2.8,315.0,18006.0,ssp585,2048,21.94,2.34,위험,1271
대추,경기,양주시,양주,19.6,1.8,2.1,3,25,2.8,315.0,18006.0,ssp585,2058,22.65,3.05,위험,1183
대추,경기,양주시,양주,19.6,1.8,2.1,3,25,2.8,315.0,18006.0,ssp585,2068,23.43,3.83,위험,1063
대추,경기,양주시,양주,19.6,1.8,2.1,3,25,2.8,315.0,18006.0,ssp585,2078,24.21,4.61,위험,967
대추,강원,화천군,화천,19.6,1.8,2.1,3,25,7.1,122.0,10649.0,관측,2005,18.24,-1.36,적합,1726
대추,강원,화천군,화천,19.6,1.8,2.1,3,25,7.1,122.0,10649.0,ssp245,2028,19.97,0.37,경고,1466
대추,강원,화천군,화천,19.6,1.8,2.1,3,25,7.1,122.0,10649.0,ssp245,2038,20.41,0.81,경고,1409
대추,강원,화천군,화천,19.6,1.8,2.1,3,25,7.1,122.0,10649.0,ssp245,2048,20.81,1.21,경고,1350
대추,강원,화천군,화천,19.6,1.8,2.1,3,25,7.1,122.0,10649.0,ssp245,2058,21.21,1.61,경고,1303
대추,강원,화천군,화천,19.6,1.8,2.1,3,25,7.1,122.0,10649.0,ssp245,2068,21.47,1.87,주의,1263
대추,강원,화천군,화천,19.6,1.8,2.1,3,25,7.1,122.0,10649.0,ssp245,2078,21.82,2.22,위험,1202
대추,강원,화천군,화천,19.6,1.8,2.1,3,25,7.1,122.0,10649.0,ssp585,2028,20.08,0.48,경고,1472
대추,강원,화천군,화천,19.6,1.8,2.1,3,25,7.1,122.0,10649.0,ssp585,2038,20.69,1.09,경고,1375
대추,강원,화천군,화천,19.6,1.8,2.1,3,25,7.1,122.0,10649.0,ssp585,2048,21.38,1.78,경고,1266
대추,강원,화천군,화천,19.6,1.8,2.1,3,25,7.1,122.0,10649.0,ssp585,2058,22.15,2.55,위험,1161
대추,강원,화천군,화천,19.6,1.8,2.1,3,25,7.1,122.0,10649.0,ssp585,2068,22.98,3.38,위험,1018
대추,강원,화천군,화천,19.6,1.8,2.1,3,25,7.1,122.0,10649.0,ssp585,2078,23.83,4.23,위험,905
대추,경기,동두천시,동두천,19.6,1.8,2.1,3,25,1.7,244.0,10012.0,관측,2005,19.03,-0.57,적합,1519
대추,경기,동두천시,동두천,19.6,1.8,2.1,3,25,1.7,244.0,10012.0,ssp245,2028,20.55,0.95,경고,1290
대추,경기,동두천시,동두천,19.6,1.8,2.1,3,25,1.7,244.0,10012.0,ssp245,2038,20.94,1.34,경고,1240
대추,경기,동두천시,동두천,19.6,1.8,2.1,3,25,1.7,244.0,10012.0,ssp245,2048,21.3,1.7,경고,1191
대추,경기,동두천시,동두천,19.6,1.8,2.1,3,25,1.7,244.0,10012.0,ssp245,2058,21.66,2.06,주의,1149
대추,경기,동두천시,동두천,19.6,1.8,2.1,3,25,1.7,244.0,10012.0,ssp245,2068,21.92,2.32,위험,1116
대추,경기,동두천시,동두천,19.6,1.8,2.1,3,25,1.7,244.0,10012.0,ssp245,2078,22.23,2.63,위험,1063
대추,경기,동두천시,동두천,19.6,1.8,2.1,3,25,1.7,244.0,10012.0,ssp585,2028,20.7,1.1,경고,1281
대추,경기,동두천시,동두천,19.6,1.8,2.1,3,25,1.7,244.0,10012.0,ssp585,2038,21.27,1.67,경고,1200
대추,경기,동두천시,동두천,19.6,1.8,2.1,3,25,1.7,244.0,10012.0,ssp585,2048,21.87,2.27,위험,1109
대추,경기,동두천시,동두천,19.6,1.8,2.1,3,25,1.7,244.0,10012.0,ssp585,2058,22.56,2.96,위험,1017
대추,경기,동두천시,동두천,19.6,1.8,2.1,3,25,1.7,244.0,10012.0,ssp585,2068,23.33,3.73,위험,893
대추,경기,동두천시,동두천,19.6,1.8,2.1,3,25,1.7,244.0,10012.0,ssp585,2078,24.1,4.5,위험,796
대추,강원,정선군,정선,19.6,1.8,2.1,3,25,2.6,25.0,10397.0,관측,2005,18.06,-1.54,적합,1533
대추,강원,정선군,정선,19.6,1.8,2.1,3,25,2.6,25.0,10397.0,ssp245,2028,19.97,0.37,경고,1290
대추,강원,정선군,정선,19.6,1.8,2.1,3,25,2.6,25.0,10397.0,ssp245,2038,20.43,0.83,경고,1236
대추,강원,정선군,정선,19.6,1.8,2.1,3,25,2.6,25.0,10397.0,ssp245,2048,20.88,1.28,경고,1183
대추,강원,정선군,정선,19.6,1.8,2.1,3,25,2.6,25.0,10397.0,ssp245,2058,21.32,1.72,경고,1133
대추,강원,정선군,정선,19.6,1.8,2.1,3,25,2.6,25.0,10397.0,ssp245,2068,21.63,2.03,주의,1096
대추,강원,정선군,정선,19.6,1.8,2.1,3,25,2.6,25.0,10397.0,ssp245,2078,22.02,2.42,위험,1040
대추,강원,정선군,정선,19.6,1.8,2.1,3,25,2.6,25.0,10397.0,ssp585,2028,20.08,0.48,경고,1311
대추,강원,정선군,정선,19.6,1.8,2.1,3,25,2.6,25.0,10397.0,ssp585,2038,20.76,1.16,경고,1213
대추,강원,정선군,정선,19.6,1.8,2.1,3,25,2.6,25.0,10397.0,ssp585,2048,21.5,1.9,주의,1110
대추,강원,정선군,정선,19.6,1.8,2.1,3,25,2.6,25.0,10397.0,ssp585,2058,22.34,2.74,위험,1006
대추,강원,정선군,정선,19.6,1.8,2.1,3,25,2.6,25.0,10397.0,ssp585,2068,23.24,3.64,위험,866
대추,강원,정선군,정선,19.6,1.8,2.1,3,25,2.6,25.0,10397.0,ssp585,2078,24.13,4.53,위험,750
대추,강원,평창군,평창,19.6,1.8,2.1,3,25,6.7,7.0,19938.0,관측,2005,17.59,-2.01,적합,1696
대추,강원,평창군,평창,19.6,1.8,2.1,3,25,6.7,7.0,19938.0,ssp245,2028,19.39,-0.21,적합,1451
대추,강원,평창군,평창,19.6,1.8,2.1,3,25,6.7,7.0,19938.0,ssp245,2038,19.84,0.24,경고,1393
대추,강원,평창군,평창,19.6,1.8,2.1,3,25,6.7,7.0,19938.0,ssp245,2048,20.28,0.68,경고,1336
대추,강원,평창군,평창,19.6,1.8,2.1,3,25,6.7,7.0,19938.0,ssp245,2058,20.7,1.1,경고,1287
대추,강원,평창군,평창,19.6,1.8,2.1,3,25,6.7,7.0,19938.0,ssp245,2068,20.99,1.39,경고,1248
대추,강원,평창군,평창,19.6,1.8,2.1,3,25,6.7,7.0,19938.0,ssp245,2078,21.36,1.76,경고,1188
대추,강원,평창군,평창,19.6,1.8,2.1,3,25,6.7,7.0,19938.0,ssp585,2028,19.49,-0.11,적합,1478
대추,강원,평창군,평창,19.6,1.8,2.1,3,25,6.7,7.0,19938.0,ssp585,2038,20.14,0.54,경고,1380
대추,강원,평창군,평창,19.6,1.8,2.1,3,25,6.7,7.0,19938.0,ssp585,2048,20.83,1.23,경고,1276
대추,강원,평창군,평창,19.6,1.8,2.1,3,25,6.7,7.0,19938.0,ssp585,2058,21.63,2.03,주의,1170
대추,강원,평창군,평창,19.6,1.8,2.1,3,25,6.7,7.0,19938.0,ssp585,2068,22.5,2.9,위험,1027
대추,강원,평창군,평창,19.6,1.8,2.1,3,25,6.7,7.0,19938.0,ssp585,2078,23.36,3.76,위험,911
대추,강원,태백시,태백,19.6,1.8,2.1,3,25,0.2,266.0,10283.0,관측,2005,15.84,-3.76,적합,1631
대추,강원,태백시,태백,19.6,1.8,2.1,3,25,0.2,266.0,10283.0,ssp245,2028,18.09,-1.51,적합,1350
대추,강원,태백시,태백,19.6,1.8,2.1,3,25,0.2,266.0,10283.0,ssp245,2038,18.67,-0.93,적합,1290
대추,강원,태백시,태백,19.6,1.8,2.1,3,25,0.2,266.0,10283.0,ssp245,2048,19.16,-0.44,적합,1232
대추,강원,태백시,태백,19.6,1.8,2.1,3,25,0.2,266.0,10283.0,ssp245,2058,19.72,0.12,경고,1171
대추,강원,태백시,태백,19.6,1.8,2.1,3,25,0.2,266.0,10283.0,ssp245,2068,20.09,0.49,경고,1130
대추,강원,태백시,태백,19.6,1.8,2.1,3,25,0.2,266.0,10283.0,ssp245,2078,20.56,0.96,경고,1067
대추,강원,태백시,태백,19.6,1.8,2.1,3,25,0.2,266.0,10283.0,ssp585,2028,18.23,-1.37,적합,1374
대추,강원,태백시,태백,19.6,1.8,2.1,3,25,0.2,266.0,10283.0,ssp585,2038,19.05,-0.55,적합,1261
대추,강원,태백시,태백,19.6,1.8,2.1,3,25,0.2,266.0,10283.0,ssp585,2048,19.94,0.34,경고,1141
대추,강원,태백시,태백,19.6,1.8,2.1,3,25,0.2,266.0,10283.0,ssp585,2058,20.94,1.34,경고,1020
대추,강원,태백시,태백,19.6,1.8,2.1,3,25,0.2,266.0,10283.0,ssp585,2068,21.99,2.39,위험,857
대추,강원,태백시,태백,19.6,1.8,2.1,3,25,0.2,266.0,10283.0,ssp585,2078,23.02,3.42,위험,722
대추,경기,구리시,구리,19.6,1.8,2.1,3,25,1.8,11.0,17111.0,관측,2005,20.19,0.59,경고,1278
대추,경기,구리시,구리,19.6,1.8,2.1,3,25,1.8,11.0,17111.0,ssp245,2028,21.65,2.05,주의,1076
대추,경기,구리시,구리,19.6,1.8,2.1,3,25,1.8,11.0,17111.0,ssp245,2038,22.04,2.44,위험,1031
대추,경기,구리시,구리,19.6,1.8,2.1,3,25,1.8,11.0,17111.0,ssp245,2048,22.4,2.8,위험,985
대추,경기,구리시,구리,19.6,1.8,2.1,3,25,1.8,11.0,17111.0,ssp245,2058,22.75,3.15,위험,948
대추,경기,구리시,구리,19.6,1.8,2.1,3,25,1.8,11.0,17111.0,ssp245,2068,23.02,3.42,위험,918
대추,경기,구리시,구리,19.6,1.8,2.1,3,25,1.8,11.0,17111.0,ssp245,2078,23.33,3.73,위험,868
대추,경기,구리시,구리,19.6,1.8,2.1,3,25,1.8,11.0,17111.0,ssp585,2028,21.82,2.22,위험,1065
대추,경기,구리시,구리,19.6,1.8,2.1,3,25,1.8,11.0,17111.0,ssp585,2038,22.38,2.78,위험,989
대추,경기,구리시,구리,19.6,1.8,2.1,3,25,1.8,11.0,17111.0,ssp585,2048,22.97,3.37,위험,903
대추,경기,구리시,구리,19.6,1.8,2.1,3,25,1.8,11.0,17111.0,ssp585,2058,23.67,4.07,위험,820
대추,경기,구리시,구리,19.6,1.8,2.1,3,25,1.8,11.0,17111.0,ssp585,2068,24.43,4.83,위험,703
대추,경기,구리시,구리,19.6,1.8,2.1,3,25,1.8,11.0,17111.0,ssp585,2078,25.18,5.58,위험,613
대추,경기,성남시,성남,19.6,1.8,2.1,3,25,1.9,5.0,16850.0,관측,2005,20.51,0.91,경고,1170
대추,경기,성남시,성남,19.6,1.8,2.1,3,25,1.9,5.0,16850.0,ssp245,2028,22.17,2.57,위험,963
대추,경기,성남시,성남,19.6,1.8,2.1,3,25,1.9,5.0,16850.0,ssp245,2038,22.61,3.01,위험,914
대추,경기,성남시,성남,19.6,1.8,2.1,3,25,1.9,5.0,16850.0,ssp245,2048,23.01,3.41,위험,869
대추,경기,성남시,성남,19.6,1.8,2.1,3,25,1.9,5.0,16850.0,ssp245,2058,23.4,3.8,위험,828
대추,경기,성남시,성남,19.6,1.8,2.1,3,25,1.9,5.0,16850.0,ssp245,2068,23.68,4.08,위험,795
대추,경기,성남시,성남,19.6,1.8,2.1,3,25,1.9,5.0,16850.0,ssp245,2078,24.03,4.43,위험,744
대추,경기,성남시,성남,19.6,1.8,2.1,3,25,1.9,5.0,16850.0,ssp585,2028,22.35,2.75,위험,954
대추,경기,성남시,성남,19.6,1.8,2.1,3,25,1.9,5.0,16850.0,ssp585,2038,22.98,3.38,위험,872
대추,경기,성남시,성남,19.6,1.8,2.1,3,25,1.9,5.0,16850.0,ssp585,2048,23.64,4.04,위험,780
대추,경기,성남시,성남,19.6,1.8,2.1,3,25,1.9,5.0,16850.0,ssp585,2058,24.39,4.79,위험,692
대추,경기,성남시,성남,19.6,1.8,2.1,3,25,1.9,5.0,16850.0,ssp585,2068,25.19,5.59,위험,583
대추,경기,성남시,성남,19.6,1.8,2.1,3,25,1.9,5.0,16850.0,ssp585,2078,26.0,6.4,위험,509
대추,제주,서귀포시,서귀포,19.6,1.8,2.1,3,25,0.9,12.0,9600.0,관측,2005,21.74,2.14,위험,195
대추,제주,서귀포시,서귀포,19.6,1.8,2.1,3,25,0.9,12.0,9600.0,ssp245,2028,23.88,4.28,위험,80
대추,제주,서귀포시,서귀포,19.6,1.8,2.1,3,25,0.9,12.0,9600.0,ssp245,2038,24.46,4.86,위험,54
대추,제주,서귀포시,서귀포,19.6,1.8,2.1,3,25,0.9,12.0,9600.0,ssp245,2048,24.89,5.29,위험,35
대추,제주,서귀포시,서귀포,19.6,1.8,2.1,3,25,0.9,12.0,9600.0,ssp245,2058,25.4,5.8,위험,19
대추,제주,서귀포시,서귀포,19.6,1.8,2.1,3,25,0.9,12.0,9600.0,ssp245,2068,25.8,6.2,위험,15
대추,제주,서귀포시,서귀포,19.6,1.8,2.1,3,25,0.9,12.0,9600.0,ssp245,2078,26.17,6.57,위험,2
대추,제주,서귀포시,서귀포,19.6,1.8,2.1,3,25,0.9,12.0,9600.0,ssp585,2028,23.98,4.38,위험,79
대추,제주,서귀포시,서귀포,19.6,1.8,2.1,3,25,0.9,12.0,9600.0,ssp585,2038,24.81,5.21,위험,42
대추,제주,서귀포시,서귀포,19.6,1.8,2.1,3,25,0.9,12.0,9600.0,ssp585,2048,25.61,6.01,위험,14
대추,제주,서귀포시,서귀포,19.6,1.8,2.1,3,25,0.9,12.0,9600.0,ssp585,2058,26.49,6.89,위험,0
대추,제주,서귀포시,서귀포,19.6,1.8,2.1,3,25,0.9,12.0,9600.0,ssp585,2068,27.39,7.79,위험,0
대추,제주,서귀포시,서귀포,19.6,1.8,2.1,3,25,0.9,12.0,9600.0,ssp585,2078,28.23,8.63,위험,0
대추,강원,횡성군,횡성,19.6,1.8,2.1,3,25,6.2,0.0,10787.0,관측,2005,18.74,-0.86,적합,1648
대추,강원,횡성군,횡성,19.6,1.8,2.1,3,25,6.2,0.0,10787.0,ssp245,2028,20.35,0.75,경고,1408
대추,강원,횡성군,횡성,19.6,1.8,2.1,3,25,6.2,0.0,10787.0,ssp245,2038,20.77,1.17,경고,1351
대추,강원,횡성군,횡성,19.6,1.8,2.1,3,25,6.2,0.0,10787.0,ssp245,2048,21.15,1.55,경고,1297
대추,강원,횡성군,횡성,19.6,1.8,2.1,3,25,6.2,0.0,10787.0,ssp245,2058,21.52,1.92,주의,1249
대추,강원,횡성군,횡성,19.6,1.8,2.1,3,25,6.2,0.0,10787.0,ssp245,2068,21.79,2.19,위험,1212
대추,강원,횡성군,횡성,19.6,1.8,2.1,3,25,6.2,0.0,10787.0,ssp245,2078,22.11,2.51,위험,1154
대추,강원,횡성군,횡성,19.6,1.8,2.1,3,25,6.2,0.0,10787.0,ssp585,2028,20.51,0.91,경고,1410
대추,강원,횡성군,횡성,19.6,1.8,2.1,3,25,6.2,0.0,10787.0,ssp585,2038,21.08,1.48,경고,1315
대추,강원,횡성군,횡성,19.6,1.8,2.1,3,25,6.2,0.0,10787.0,ssp585,2048,21.71,2.11,위험,1212
대추,강원,횡성군,횡성,19.6,1.8,2.1,3,25,6.2,0.0,10787.0,ssp585,2058,22.43,2.83,위험,1112
대추,강원,횡성군,횡성,19.6,1.8,2.1,3,25,6.2,0.0,10787.0,ssp585,2068,23.2,3.6,위험,976
대추,강원,횡성군,횡성,19.6,1.8,2.1,3,25,6.2,0.0,10787.0,ssp585,2078,23.99,4.39,위험,867
감,경북,상주시,상주,20.0,1.4,1.7,5,30,1167.7,25490.0,1075.0,관측,2005,19.73,-0.27,적합,1184
감,경북,상주시,상주,20.0,1.4,1.7,5,30,1167.7,25490.0,1075.0,ssp245,2028,21.32,1.32,경고,1010
감,경북,상주시,상주,20.0,1.4,1.7,5,30,1167.7,25490.0,1075.0,ssp245,2038,21.72,1.72,위험,967
감,경북,상주시,상주,20.0,1.4,1.7,5,30,1167.7,25490.0,1075.0,ssp245,2048,22.11,2.11,위험,927
감,경북,상주시,상주,20.0,1.4,1.7,5,30,1167.7,25490.0,1075.0,ssp245,2058,22.49,2.49,위험,890
감,경북,상주시,상주,20.0,1.4,1.7,5,30,1167.7,25490.0,1075.0,ssp245,2068,22.77,2.77,위험,858
감,경북,상주시,상주,20.0,1.4,1.7,5,30,1167.7,25490.0,1075.0,ssp245,2078,23.09,3.09,위험,816
감,경북,상주시,상주,20.0,1.4,1.7,5,30,1167.7,25490.0,1075.0,ssp585,2028,21.49,1.49,주의,1009
감,경북,상주시,상주,20.0,1.4,1.7,5,30,1167.7,25490.0,1075.0,ssp585,2038,22.05,2.05,위험,936
감,경북,상주시,상주,20.0,1.4,1.7,5,30,1167.7,25490.0,1075.0,ssp585,2048,22.68,2.68,위험,856
감,경북,상주시,상주,20.0,1.4,1.7,5,30,1167.7,25490.0,1075.0,ssp585,2058,23.4,3.4,위험,779
감,경북,상주시,상주,20.0,1.4,1.7,5,30,1167.7,25490.0,1075.0,ssp585,2068,24.16,4.16,위험,674
감,경북,상주시,상주,20.0,1.4,1.7,5,30,1167.7,25490.0,1075.0,ssp585,2078,24.94,4.94,위험,585
감,경북,청도군,청도,20.0,1.4,1.7,5,30,1352.3,20168.0,1113.0,관측,2005,19.87,-0.13,적합,1329
감,경북,청도군,청도,20.0,1.4,1.7,5,30,1352.3,20168.0,1113.0,ssp245,2028,22.15,2.15,위험,1135
감,경북,청도군,청도,20.0,1.4,1.7,5,30,1352.3,20168.0,1113.0,ssp245,2038,22.77,2.77,위험,1087
감,경북,청도군,청도,20.0,1.4,1.7,5,30,1352.3,20168.0,1113.0,ssp245,2048,23.32,3.32,위험,1039
감,경북,청도군,청도,20.0,1.4,1.7,5,30,1352.3,20168.0,1113.0,ssp245,2058,23.88,3.88,위험,999
감,경북,청도군,청도,20.0,1.4,1.7,5,30,1352.3,20168.0,1113.0,ssp245,2068,24.28,4.28,위험,969
감,경북,청도군,청도,20.0,1.4,1.7,5,30,1352.3,20168.0,1113.0,ssp245,2078,24.73,4.73,위험,922
감,경북,청도군,청도,20.0,1.4,1.7,5,30,1352.3,20168.0,1113.0,ssp585,2028,22.36,2.36,위험,1144
감,경북,청도군,청도,20.0,1.4,1.7,5,30,1352.3,20168.0,1113.0,ssp585,2038,23.22,3.22,위험,1062
감,경북,청도군,청도,20.0,1.4,1.7,5,30,1352.3,20168.0,1113.0,ssp585,2048,24.16,4.16,위험,974
감,경북,청도군,청도,20.0,1.4,1.7,5,30,1352.3,20168.0,1113.0,ssp585,2058,25.18,5.18,위험,887
감,경북,청도군,청도,20.0,1.4,1.7,5,30,1352.3,20168.0,1113.0,ssp585,2068,26.22,6.22,위험,761
감,경북,청도군,청도,20.0,1.4,1.7,5,30,1352.3,20168.0,1113.0,ssp585,2078,27.21,7.21,위험,655
감,경남,산청군,산청,20.0,1.4,1.7,5,30,464.8,23460.0,1290.0,관측,2005,19.49,-0.51,적합,1114
감,경남,산청군,산청,20.0,1.4,1.7,5,30,464.8,23460.0,1290.0,ssp245,2028,21.31,1.31,경고,933
감,경남,산청군,산청,20.0,1.4,1.7,5,30,464.8,23460.0,1290.0,ssp245,2038,21.81,1.81,위험,885
감,경남,산청군,산청,20.0,1.4,1.7,5,30,464.8,23460.0,1290.0,ssp245,2048,22.27,2.27,위험,843
감,경남,산청군,산청,20.0,1.4,1.7,5,30,464.8,23460.0,1290.0,ssp245,2058,22.72,2.72,위험,807
감,경남,산청군,산청,20.0,1.4,1.7,5,30,464.8,23460.0,1290.0,ssp245,2068,23.04,3.04,위험,778
감,경남,산청군,산청,20.0,1.4,1.7,5,30,464.8,23460.0,1290.0,ssp245,2078,23.42,3.42,위험,732
감,경남,산청군,산청,20.0,1.4,1.7,5,30,464.8,23460.0,1290.0,ssp585,2028,21.54,1.54,주의,929
감,경남,산청군,산청,20.0,1.4,1.7,5,30,464.8,23460.0,1290.0,ssp585,2038,22.21,2.21,위험,853
감,경남,산청군,산청,20.0,1.4,1.7,5,30,464.8,23460.0,1290.0,ssp585,2048,22.95,2.95,위험,771
감,경남,산청군,산청,20.0,1.4,1.7,5,30,464.8,23460.0,1290.0,ssp585,2058,23.79,3.79,위험,692
감,경남,산청군,산청,20.0,1.4,1.7,5,30,464.8,23460.0,1290.0,ssp585,2068,24.63,4.63,위험,582
감,경남,산청군,산청,20.0,1.4,1.7,5,30,464.8,23460.0,1290.0,ssp585,2078,25.46,5.46,위험,503
감,전남,영암군,영암,20.0,1.4,1.7,5,30,493.8,21374.0,1008.0,관측,2005,20.3,0.3,경고,987
감,전남,영암군,영암,20.0,1.4,1.7,5,30,493.8,21374.0,1008.0,ssp245,2028,22.3,2.3,위험,805
감,전남,영암군,영암,20.0,1.4,1.7,5,30,493.8,21374.0,1008.0,ssp245,2038,22.8,2.8,위험,757
감,전남,영암군,영암,20.0,1.4,1.7,5,30,493.8,21374.0,1008.0,ssp245,2048,23.29,3.29,위험,711
감,전남,영암군,영암,20.0,1.4,1.7,5,30,493.8,21374.0,1008.0,ssp245,2058,23.76,3.76,위험,669
감,전남,영암군,영암,20.0,1.4,1.7,5,30,493.8,21374.0,1008.0,ssp245,2068,24.15,4.15,위험,635
감,전남,영암군,영암,20.0,1.4,1.7,5,30,493.8,21374.0,1008.0,ssp245,2078,24.56,4.56,위험,596
감,전남,영암군,영암,20.0,1.4,1.7,5,30,493.8,21374.0,1008.0,ssp585,2028,22.43,2.43,위험,807
감,전남,영암군,영암,20.0,1.4,1.7,5,30,493.8,21374.0,1008.0,ssp585,2038,23.19,3.19,위험,728
감,전남,영암군,영암,20.0,1.4,1.7,5,30,493.8,21374.0,1008.0,ssp585,2048,23.98,3.98,위험,635
감,전남,영암군,영암,20.0,1.4,1.7,5,30,493.8,21374.0,1008.0,ssp585,2058,24.86,4.86,위험,566
감,전남,영암군,영암,20.0,1.4,1.7,5,30,493.8,21374.0,1008.0,ssp585,2068,25.79,5.79,위험,475
감,전남,영암군,영암,20.0,1.4,1.7,5,30,493.8,21374.0,1008.0,ssp585,2078,26.68,6.68,위험,395
감,전남,순천시,순천,20.0,1.4,1.7,5,30,165.6,40037.0,1263.0,관측,2005,20.99,0.99,경고,705
감,전남,순천시,순천,20.0,1.4,1.7,5,30,165.6,40037.0,1263.0,ssp245,2028,22.97,2.97,위험,535
감,전남,순천시,순천,20.0,1.4,1.7,5,30,165.6,40037.0,1263.0,ssp245,2038,23.51,3.51,위험,495
감,전남,순천시,순천,20.0,1.4,1.7,5,30,165.6,40037.0,1263.0,ssp245,2048,24.0,4.0,위험,463
감,전남,순천시,순천,20.0,1.4,1.7,5,30,165.6,40037.0,1263.0,ssp245,2058,24.49,4.49,위험,430
감,전남,순천시,순천,20.0,1.4,1.7,5,30,165.6,40037.0,1263.0,ssp245,2068,24.85,4.85,위험,412
감,전남,순천시,순천,20.0,1.4,1.7,5,30,165.6,40037.0,1263.0,ssp245,2078,25.27,5.27,위험,377
감,전남,순천시,순천,20.0,1.4,1.7,5,30,165.6,40037.0,1263.0,ssp585,2028,23.17,3.17,위험,535
감,전남,순천시,순천,20.0,1.4,1.7,5,30,165.6,40037.0,1263.0,ssp585,2038,23.92,3.92,위험,477
감,전남,순천시,순천,20.0,1.4,1.7,5,30,165.6,40037.0,1263.0,ssp585,2048,24.73,4.73,위험,405
감,전남,순천시,순천,20.0,1.4,1.7,5,30,165.6,40037.0,1263.0,ssp585,2058,25.62,5.62,위험,343
감,전남,순천시,순천,20.0,1.4,1.7,5,30,165.6,40037.0,1263.0,ssp585,2068,26.53,6.53,위험,254
감,전남,순천시,순천,20.0,1.4,1.7,5,30,165.6,40037.0,1263.0,ssp585,2078,27.41,7.41,위험,178
감,전북,완주군,완주,20.0,1.4,1.7,5,30,227.3,26120.0,1574.0,관측,2005,20.09,0.09,경고,1243
감,전북,완주군,완주,20.0,1.4,1.7,5,30,227.3,26120.0,1574.0,ssp245,2028,21.86,1.86,위험,1046
감,전북,완주군,완주,20.0,1.4,1.7,5,30,227.3,26120.0,1574.0,ssp245,2038,22.34,2.34,위험,992
감,전북,완주군,완주,20.0,1.4,1.7,5,30,227.3,26120.0,1574.0,ssp245,2048,22.78,2.78,위험,946
감,전북,완주군,완주,20.0,1.4,1.7,5,30,227.3,26120.0,1574.0,ssp245,2058,23.2,3.2,위험,906
감,전북,완주군,완주,20.0,1.4,1.7,5,30,227.3,26120.0,1574.0,ssp245,2068,23.5,3.5,위험,873
감,전북,완주군,완주,20.0,1.4,1.7,5,30,227.3,26120.0,1574.0,ssp245,2078,23.87,3.87,위험,821
감,전북,완주군,완주,20.0,1.4,1.7,5,30,227.3,26120.0,1574.0,ssp585,2028,22.07,2.07,위험,1036
감,전북,완주군,완주,20.0,1.4,1.7,5,30,227.3,26120.0,1574.0,ssp585,2038,22.72,2.72,위험,951
감,전북,완주군,완주,20.0,1.4,1.7,5,30,227.3,26120.0,1574.0,ssp585,2048,23.44,3.44,위험,858
감,전북,완주군,완주,20.0,1.4,1.7,5,30,227.3,26120.0,1574.0,ssp585,2058,24.22,4.22,위험,770
감,전북,완주군,완주,20.0,1.4,1.7,5,30,227.3,26120.0,1574.0,ssp585,2068,25.03,5.03,위험,648
감,전북,완주군,완주,20.0,1.4,1.7,5,30,227.3,26120.0,1574.0,ssp585,2078,25.82,5.82,위험,563
감,경남,하동군,하동,20.0,1.4,1.7,5,30,539.4,10631.0,1257.0,관측,2005,21.0,1.0,경고,928
감,경남,하동군,하동,20.0,1.4,1.7,5,30,539.4,10631.0,1257.0,ssp245,2028,22.81,2.81,위험,747
감,경남,하동군,하동,20.0,1.4,1.7,5,30,539.4,10631.0,1257.0,ssp245,2038,23.3,3.3,위험,698
감,경남,하동군,하동,20.0,1.4,1.7,5,30,539.4,10631.0,1257.0,ssp245,2048,23.76,3.76,위험,656
감,경남,하동군,하동,20.0,1.4,1.7,5,30,539.4,10631.0,1257.0,ssp245,2058,24.21,4.21,위험,619
감,경남,하동군,하동,20.0,1.4,1.7,5,30,539.4,10631.0,1257.0,ssp245,2068,24.54,4.54,위험,590
감,경남,하동군,하동,20.0,1.4,1.7,5,30,539.4,10631.0,1257.0,ssp245,2078,24.92,4.92,위험,553
감,경남,하동군,하동,20.0,1.4,1.7,5,30,539.4,10631.0,1257.0,ssp585,2028,23.01,3.01,위험,753
감,경남,하동군,하동,20.0,1.4,1.7,5,30,539.4,10631.0,1257.0,ssp585,2038,23.68,3.68,위험,676
감,경남,하동군,하동,20.0,1.4,1.7,5,30,539.4,10631.0,1257.0,ssp585,2048,24.43,4.43,위험,593
감,경남,하동군,하동,20.0,1.4,1.7,5,30,539.4,10631.0,1257.0,ssp585,2058,25.26,5.26,위험,526
감,경남,하동군,하동,20.0,1.4,1.7,5,30,539.4,10631.0,1257.0,ssp585,2068,26.11,6.11,위험,444
감,경남,하동군,하동,20.0,1.4,1.7,5,30,539.4,10631.0,1257.0,ssp585,2078,26.94,6.94,위험,377
감,경남,함양군,함양,20.0,1.4,1.7,5,30,93.8,38177.0,1383.0,관측,2005,19.5,-0.5,적합,1231
감,경남,함양군,함양,20.0,1.4,1.7,5,30,93.8,38177.0,1383.0,ssp245,2028,21.32,1.32,경고,1034
감,경남,함양군,함양,20.0,1.4,1.7,5,30,93.8,38177.0,1383.0,ssp245,2038,21.81,1.81,위험,982
감,경남,함양군,함양,20.0,1.4,1.7,5,30,93.8,38177.0,1383.0,ssp245,2048,22.27,2.27,위험,937
감,경남,함양군,함양,20.0,1.4,1.7,5,30,93.8,38177.0,1383.0,ssp245,2058,22.71,2.71,위험,898
감,경남,함양군,함양,20.0,1.4,1.7,5,30,93.8,38177.0,1383.0,ssp245,2068,23.03,3.03,위험,868
감,경남,함양군,함양,20.0,1.4,1.7,5,30,93.8,38177.0,1383.0,ssp245,2078,23.4,3.4,위험,819
감,경남,함양군,함양,20.0,1.4,1.7,5,30,93.8,38177.0,1383.0,ssp585,2028,21.55,1.55,주의,1028
감,경남,함양군,함양,20.0,1.4,1.7,5,30,93.8,38177.0,1383.0,ssp585,2038,22.21,2.21,위험,947
감,경남,함양군,함양,20.0,1.4,1.7,5,30,93.8,38177.0,1383.0,ssp585,2048,22.96,2.96,위험,860
감,경남,함양군,함양,20.0,1.4,1.7,5,30,93.8,38177.0,1383.0,ssp585,2058,23.78,3.78,위험,775
감,경남,함양군,함양,20.0,1.4,1.7,5,30,93.8,38177.0,1383.0,ssp585,2068,24.63,4.63,위험,660
감,경남,함양군,함양,20.0,1.4,1.7,5,30,93.8,38177.0,1383.0,ssp585,2078,25.46,5.46,위험,568
감,전남,장성군,장성,20.0,1.4,1.7,5,30,152.3,21418.0,1159.0,관측,2005,19.74,-0.26,적합,1117
감,전남,장성군,장성,20.0,1.4,1.7,5,30,152.3,21418.0,1159.0,ssp245,2028,21.82,1.82,위험,922
감,전남,장성군,장성,20.0,1.4,1.7,5,30,152.3,21418.0,1159.0,ssp245,2038,22.36,2.36,위험,872
감,전남,장성군,장성,20.0,1.4,1.7,5,30,152.3,21418.0,1159.0,ssp245,2048,22.87,2.87,위험,823
감,전남,장성군,장성,20.0,1.4,1.7,5,30,152.3,21418.0,1159.0,ssp245,2058,23.36,3.36,위험,780
감,전남,장성군,장성,20.0,1.4,1.7,5,30,152.3,21418.0,1159.0,ssp245,2068,23.73,3.73,위험,744
감,전남,장성군,장성,20.0,1.4,1.7,5,30,152.3,21418.0,1159.0,ssp245,2078,24.16,4.16,위험,691
감,전남,장성군,장성,20.0,1.4,1.7,5,30,152.3,21418.0,1159.0,ssp585,2028,21.99,1.99,위험,928
감,전남,장성군,장성,20.0,1.4,1.7,5,30,152.3,21418.0,1159.0,ssp585,2038,22.75,2.75,위험,843
감,전남,장성군,장성,20.0,1.4,1.7,5,30,152.3,21418.0,1159.0,ssp585,2048,23.56,3.56,위험,746
감,전남,장성군,장성,20.0,1.4,1.7,5,30,152.3,21418.0,1159.0,ssp585,2058,24.47,4.47,위험,658
감,전남,장성군,장성,20.0,1.4,1.7,5,30,152.3,21418.0,1159.0,ssp585,2068,25.44,5.44,위험,549
감,전남,장성군,장성,20.0,1.4,1.7,5,30,152.3,21418.0,1159.0,ssp585,2078,26.37,6.37,위험,464
감,전남,구례군,구례,20.0,1.4,1.7,5,30,186.2,17257.0,1696.0,관측,2005,20.3,0.3,경고,1156
감,전남,구례군,구례,20.0,1.4,1.7,5,30,186.2,17257.0,1696.0,ssp245,2028,22.19,2.19,위험,955
감,전남,구례군,구례,20.0,1.4,1.7,5,30,186.2,17257.0,1696.0,ssp245,2038,22.71,2.71,위험,902
감,전남,구례군,구례,20.0,1.4,1.7,5,30,186.2,17257.0,1696.0,ssp245,2048,23.18,3.18,위험,858
감,전남,구례군,구례,20.0,1.4,1.7,5,30,186.2,17257.0,1696.0,ssp245,2058,23.64,3.64,위험,818
감,전남,구례군,구례,20.0,1.4,1.7,5,30,186.2,17257.0,1696.0,ssp245,2068,23.98,3.98,위험,785
감,전남,구례군,구례,20.0,1.4,1.7,5,30,186.2,17257.0,1696.0,ssp245,2078,24.38,4.38,위험,734
감,전남,구례군,구례,20.0,1.4,1.7,5,30,186.2,17257.0,1696.0,ssp585,2028,22.41,2.41,위험,959
감,전남,구례군,구례,20.0,1.4,1.7,5,30,186.2,17257.0,1696.0,ssp585,2038,23.11,3.11,위험,875
감,전남,구례군,구례,20.0,1.4,1.7,5,30,186.2,17257.0,1696.0,ssp585,2048,23.88,3.88,위험,784
감,전남,구례군,구례,20.0,1.4,1.7,5,30,186.2,17257.0,1696.0,ssp585,2058,24.73,4.73,위험,698
감,전남,구례군,구례,20.0,1.4,1.7,5,30,186.2,17257.0,1696.0,ssp585,2068,25.61,5.61,위험,580
감,전남,구례군,구례,20.0,1.4,1.7,5,30,186.2,17257.0,1696.0,ssp585,2078,26.46,6.46,위험,497
감,전남,곡성군,곡성,20.0,1.4,1.7,5,30,106.3,30164.0,1286.0,관측,2005,19.93,-0.07,적합,1177
감,전남,곡성군,곡성,20.0,1.4,1.7,5,30,106.3,30164.0,1286.0,ssp245,2028,21.89,1.89,위험,983
감,전남,곡성군,곡성,20.0,1.4,1.7,5,30,106.3,30164.0,1286.0,ssp245,2038,22.43,2.43,위험,930
감,전남,곡성군,곡성,20.0,1.4,1.7,5,30,106.3,30164.0,1286.0,ssp245,2048,22.91,2.91,위험,885
감,전남,곡성군,곡성,20.0,1.4,1.7,5,30,106.3,30164.0,1286.0,ssp245,2058,23.39,3.39,위험,845
감,전남,곡성군,곡성,20.0,1.4,1.7,5,30,106.3,30164.0,1286.0,ssp245,2068,23.74,3.74,위험,812
감,전남,곡성군,곡성,20.0,1.4,1.7,5,30,106.3,30164.0,1286.0,ssp245,2078,24.15,4.15,위험,759
감,전남,곡성군,곡성,20.0,1.4,1.7,5,30,106.3,30164.0,1286.0,ssp585,2028,22.12,2.12,위험,969
감,전남,곡성군,곡성,20.0,1.4,1.7,5,30,106.3,30164.0,1286.0,ssp585,2038,22.84,2.84,위험,886
감,전남,곡성군,곡성,20.0,1.4,1.7,5,30,106.3,30164.0,1286.0,ssp585,2048,23.64,3.64,위험,792
감,전남,곡성군,곡성,20.0,1.4,1.7,5,30,106.3,30164.0,1286.0,ssp585,2058,24.5,4.5,위험,706
감,전남,곡성군,곡성,20.0,1.4,1.7,5,30,106.3,30164.0,1286.0,ssp585,2068,25.4,5.4,위험,586
감,전남,곡성군,곡성,20.0,1.4,1.7,5,30,106.3,30164.0,1286.0,ssp585,2078,26.26,6.26,위험,509
감,경남,진주시,진주,20.0,1.4,1.7,5,30,188.2,13258.0,1659.0,관측,2005,20.04,0.04,경고,1199
감,경남,진주시,진주,20.0,1.4,1.7,5,30,188.2,13258.0,1659.0,ssp245,2028,21.82,1.82,위험,1032
감,경남,진주시,진주,20.0,1.4,1.7,5,30,188.2,13258.0,1659.0,ssp245,2038,22.33,2.33,위험,988
감,경남,진주시,진주,20.0,1.4,1.7,5,30,188.2,13258.0,1659.0,ssp245,2048,22.78,2.78,위험,947
감,경남,진주시,진주,20.0,1.4,1.7,5,30,188.2,13258.0,1659.0,ssp245,2058,23.21,3.21,위험,912
감,경남,진주시,진주,20.0,1.4,1.7,5,30,188.2,13258.0,1659.0,ssp245,2068,23.54,3.54,위험,884
감,경남,진주시,진주,20.0,1.4,1.7,5,30,188.2,13258.0,1659.0,ssp245,2078,23.91,3.91,위험,838
감,경남,진주시,진주,20.0,1.4,1.7,5,30,188.2,13258.0,1659.0,ssp585,2028,22.05,2.05,위험,1034
감,경남,진주시,진주,20.0,1.4,1.7,5,30,188.2,13258.0,1659.0,ssp585,2038,22.7,2.7,위험,962
감,경남,진주시,진주,20.0,1.4,1.7,5,30,188.2,13258.0,1659.0,ssp585,2048,23.44,3.44,위험,881
감,경남,진주시,진주,20.0,1.4,1.7,5,30,188.2,13258.0,1659.0,ssp585,2058,24.27,4.27,위험,803
감,경남,진주시,진주,20.0,1.4,1.7,5,30,188.2,13258.0,1659.0,ssp585,2068,25.11,5.11,위험,691
감,경남,진주시,진주,20.0,1.4,1.7,5,30,188.2,13258.0,1659.0,ssp585,2078,25.94,5.94,위험,607
감,경북,구미시,구미,20.0,1.4,1.7,5,30,141.4,17152.0,1362.0,관측,2005,20.03,0.03,경고,1190
감,경북,구미시,구미,20.0,1.4,1.7,5,30,141.4,17152.0,1362.0,ssp245,2028,21.71,1.71,위험,1024
감,경북,구미시,구미,20.0,1.4,1.7,5,30,141.4,17152.0,1362.0,ssp245,2038,22.16,2.16,위험,982
감,경북,구미시,구미,20.0,1.4,1.7,5,30,141.4,17152.0,1362.0,ssp245,2048,22.58,2.58,위험,943
감,경북,구미시,구미,20.0,1.4,1.7,5,30,141.4,17152.0,1362.0,ssp245,2058,22.97,2.97,위험,908
감,경북,구미시,구미,20.0,1.4,1.7,5,30,141.4,17152.0,1362.0,ssp245,2068,23.26,3.26,위험,879
감,경북,구미시,구미,20.0,1.4,1.7,5,30,141.4,17152.0,1362.0,ssp245,2078,23.6,3.6,위험,837
감,경북,구미시,구미,20.0,1.4,1.7,5,30,141.4,17152.0,1362.0,ssp585,2028,21.89,1.89,위험,1023
감,경북,구미시,구미,20.0,1.4,1.7,5,30,141.4,17152.0,1362.0,ssp585,2038,22.49,2.49,위험,951
감,경북,구미시,구미,20.0,1.4,1.7,5,30,141.4,17152.0,1362.0,ssp585,2048,23.16,3.16,위험,875
감,경북,구미시,구미,20.0,1.4,1.7,5,30,141.4,17152.0,1362.0,ssp585,2058,23.9,3.9,위험,800
감,경북,구미시,구미,20.0,1.4,1.7,5,30,141.4,17152.0,1362.0,ssp585,2068,24.69,4.69,위험,694
감,경북,구미시,구미,20.0,1.4,1.7,5,30,141.4,17152.0,1362.0,ssp585,2078,25.48,5.48,위험,606
감,경남,밀양시,밀양,20.0,1.4,1.7,5,30,191.2,12094.0,1655.0,관측,2005,20.31,0.31,경고,1184
감,경남,밀양시,밀양,20.0,1.4,1.7,5,30,191.2,12094.0,1655.0,ssp245,2028,22.5,2.5,위험,988
감,경남,밀양시,밀양,20.0,1.4,1.7,5,30,191.2,12094.0,1655.0,ssp245,2038,23.1,3.1,위험,940
감,경남,밀양시,밀양,20.0,1.4,1.7,5,30,191.2,12094.0,1655.0,ssp245,2048,23.62,3.62,위험,892
감,경남,밀양시,밀양,20.0,1.4,1.7,5,30,191.2,12094.0,1655.0,ssp245,2058,24.15,4.15,위험,851
감,경남,밀양시,밀양,20.0,1.4,1.7,5,30,191.2,12094.0,1655.0,ssp245,2068,24.54,4.54,위험,821
감,경남,밀양시,밀양,20.0,1.4,1.7,5,30,191.2,12094.0,1655.0,ssp245,2078,24.99,4.99,위험,772
감,경남,밀양시,밀양,20.0,1.4,1.7,5,30,191.2,12094.0,1655.0,ssp585,2028,22.71,2.71,위험,995
감,경남,밀양시,밀양,20.0,1.4,1.7,5,30,191.2,12094.0,1655.0,ssp585,2038,23.53,3.53,위험,912
감,경남,밀양시,밀양,20.0,1.4,1.7,5,30,191.2,12094.0,1655.0,ssp585,2048,24.43,4.43,위험,823
감,경남,밀양시,밀양,20.0,1.4,1.7,5,30,191.2,12094.0,1655.0,ssp585,2058,25.42,5.42,위험,734
감,경남,밀양시,밀양,20.0,1.4,1.7,5,30,191.2,12094.0,1655.0,ssp585,2068,26.41,6.41,위험,609
감,경남,밀양시,밀양,20.0,1.4,1.7,5,30,191.2,12094.0,1655.0,ssp585,2078,27.37,7.37,위험,529
감,경북,의성군,의성,20.0,1.4,1.7,5,30,36.6,58861.0,1233.0,관측,2005,18.97,-1.03,적합,1644
감,경북,의성군,의성,20.0,1.4,1.7,5,30,36.6,58861.0,1233.0,ssp245,2028,20.78,0.78,경고,1456
감,경북,의성군,의성,20.0,1.4,1.7,5,30,36.6,58861.0,1233.0,ssp245,2038,21.23,1.23,경고,1411
감,경북,의성군,의성,20.0,1.4,1.7,5,30,36.6,58861.0,1233.0,ssp245,2048,21.67,1.67,주의,1367
감,경북,의성군,의성,20.0,1.4,1.7,5,30,36.6,58861.0,1233.0,ssp245,2058,22.09,2.09,위험,1327
감,경북,의성군,의성,20.0,1.4,1.7,5,30,36.6,58861.0,1233.0,ssp245,2068,22.4,2.4,위험,1292
감,경북,의성군,의성,20.0,1.4,1.7,5,30,36.6,58861.0,1233.0,ssp245,2078,22.77,2.77,위험,1247
감,경북,의성군,의성,20.0,1.4,1.7,5,30,36.6,58861.0,1233.0,ssp585,2028,20.93,0.93,경고,1460
감,경북,의성군,의성,20.0,1.4,1.7,5,30,36.6,58861.0,1233.0,ssp585,2038,21.58,1.58,주의,1379
감,경북,의성군,의성,20.0,1.4,1.7,5,30,36.6,58861.0,1233.0,ssp585,2048,22.28,2.28,위험,1294
감,경북,의성군,의성,20.0,1.4,1.7,5,30,36.6,58861.0,1233.0,ssp585,2058,23.08,3.08,위험,1208
감,경북,의성군,의성,20.0,1.4,1.7,5,30,36.6,58861.0,1233.0,ssp585,2068,23.93,3.93,위험,1090
감,경북,의성군,의성,20.0,1.4,1.7,5,30,36.6,58861.0,1233.0,ssp585,2078,24.78,4.78,위험,987
감,경남,함안군,함안,20.0,1.4,1.7,5,30,109.2,18749.0,1585.0,관측,2005,20.11,0.11,경고,1350
감,경남,함안군,함안,20.0,1.4,1.7,5,30,109.2,18749.0,1585.0,ssp245,2028,22.0,2.0,위험,1180
감,경남,함안군,함안,20.0,1.4,1.7,5,30,109.2,18749.0,1585.0,ssp245,2038,22.53,2.53,위험,1135
감,경남,함안군,함안,20.0,1.4,1.7,5,30,109.2,18749.0,1585.0,ssp245,2048,23.01,3.01,위험,1092
감,경남,함안군,함안,20.0,1.4,1.7,5,30,109.2,18749.0,1585.0,ssp245,2058,23.47,3.47,위험,1055
감,경남,함안군,함안,20.0,1.4,1.7,5,30,109.2,18749.0,1585.0,ssp245,2068,23.83,3.83,위험,1027
감,경남,함안군,함안,20.0,1.4,1.7,5,30,109.2,18749.0,1585.0,ssp245,2078,24.22,4.22,위험,980
감,경남,함안군,함안,20.0,1.4,1.7,5,30,109.2,18749.0,1585.0,ssp585,2028,22.19,2.19,위험,1188
감,경남,함안군,함안,20.0,1.4,1.7,5,30,109.2,18749.0,1585.0,ssp585,2038,22.89,2.89,위험,1113
감,경남,함안군,함안,20.0,1.4,1.7,5,30,109.2,18749.0,1585.0,ssp585,2048,23.68,3.68,위험,1031
감,경남,함안군,함안,20.0,1.4,1.7,5,30,109.2,18749.0,1585.0,ssp585,2058,24.56,4.56,위험,950
감,경남,함안군,함안,20.0,1.4,1.7,5,30,109.2,18749.0,1585.0,ssp585,2068,25.46,5.46,위험,832
감,경남,함안군,함안,20.0,1.4,1.7,5,30,109.2,18749.0,1585.0,ssp585,2078,26.35,6.35,위험,731
감,경북,김천시,김천,20.0,1.4,1.7,5,30,128.1,15688.0,1451.0,관측,2005,19.89,-0.11,적합,1337
감,경북,김천시,김천,20.0,1.4,1.7,5,30,128.1,15688.0,1451.0,ssp245,2028,21.58,1.58,주의,1164
감,경북,김천시,김천,20.0,1.4,1.7,5,30,128.1,15688.0,1451.0,ssp245,2038,22.04,2.04,위험,1120
감,경북,김천시,김천,20.0,1.4,1.7,5,30,128.1,15688.0,1451.0,ssp245,2048,22.47,2.47,위험,1080
감,경북,김천시,김천,20.0,1.4,1.7,5,30,128.1,15688.0,1451.0,ssp245,2058,22.86,2.86,위험,1045
감,경북,김천시,김천,20.0,1.4,1.7,5,30,128.1,15688.0,1451.0,ssp245,2068,23.16,3.16,위험,1016
감,경북,김천시,김천,20.0,1.4,1.7,5,30,128.1,15688.0,1451.0,ssp245,2078,23.5,3.5,위험,973
감,경북,김천시,김천,20.0,1.4,1.7,5,30,128.1,15688.0,1451.0,ssp585,2028,21.78,1.78,위험,1164
감,경북,김천시,김천,20.0,1.4,1.7,5,30,128.1,15688.0,1451.0,ssp585,2038,22.39,2.39,위험,1090
감,경북,김천시,김천,20.0,1.4,1.7,5,30,128.1,15688.0,1451.0,ssp585,2048,23.08,3.08,위험,1013
감,경북,김천시,김천,20.0,1.4,1.7,5,30,128.1,15688.0,1451.0,ssp585,2058,23.84,3.84,위험,936
감,경북,김천시,김천,20.0,1.4,1.7,5,30,128.1,15688.0,1451.0,ssp585,2068,24.62,4.62,위험,830
감,경북,김천시,김천,20.0,1.4,1.7,5,30,128.1,15688.0,1451.0,ssp585,2078,25.42,5.42,위험,743
감,충남,논산시,논산,20.0,1.4,1.7,5,30,75.5,25651.0,1527.0,관측,2005,19.76,-0.24,적합,1340
감,충남,논산시,논산,20.0,1.4,1.7,5,30,75.5,25651.0,1527.0,ssp245,2028,21.51,1.51,주의,1153
감,충남,논산시,논산,20.0,1.4,1.7,5,30,75.5,25651.0,1527.0,ssp245,2038,21.97,1.97,위험,1102
감,충남,논산시,논산,20.0,1.4,1.7,5,30,75.5,25651.0,1527.0,ssp245,2048,22.42,2.42,위험,1058
감,충남,논산시,논산,20.0,1.4,1.7,5,30,75.5,25651.0,1527.0,ssp245,2058,22.83,2.83,위험,1020
감,충남,논산시,논산,20.0,1.4,1.7,5,30,75.5,25651.0,1527.0,ssp245,2068,23.13,3.13,위험,987
감,충남,논산시,논산,20.0,1.4,1.7,5,30,75.5,25651.0,1527.0,ssp245,2078,23.5,3.5,위험,936
감,충남,논산시,논산,20.0,1.4,1.7,5,30,75.5,25651.0,1527.0,ssp585,2028,21.71,1.71,위험,1143
감,충남,논산시,논산,20.0,1.4,1.7,5,30,75.5,25651.0,1527.0,ssp585,2038,22.35,2.35,위험,1061
감,충남,논산시,논산,20.0,1.4,1.7,5,30,75.5,25651.0,1527.0,ssp585,2048,23.05,3.05,위험,972
감,충남,논산시,논산,20.0,1.4,1.7,5,30,75.5,25651.0,1527.0,ssp585,2058,23.81,3.81,위험,888
감,충남,논산시,논산,20.0,1.4,1.7,5,30,75.5,25651.0,1527.0,ssp585,2068,24.63,4.63,위험,770
감,충남,논산시,논산,20.0,1.4,1.7,5,30,75.5,25651.0,1527.0,ssp585,2078,25.45,5.45,위험,668
감,전북,순창군,순창,20.0,1.4,1.7,5,30,27.6,64471.0,1474.0,관측,2005,19.84,-0.16,적합,1242
감,전북,순창군,순창,20.0,1.4,1.7,5,30,27.6,64471.0,1474.0,ssp245,2028,21.95,1.95,위험,1033
감,전북,순창군,순창,20.0,1.4,1.7,5,30,27.6,64471.0,1474.0,ssp245,2038,22.52,2.52,위험,977
감,전북,순창군,순창,20.0,1.4,1.7,5,30,27.6,64471.0,1474.0,ssp245,2048,23.04,3.04,위험,927
감,전북,순창군,순창,20.0,1.4,1.7,5,30,27.6,64471.0,1474.0,ssp245,2058,23.55,3.55,위험,885
감,전북,순창군,순창,20.0,1.4,1.7,5,30,27.6,64471.0,1474.0,ssp245,2068,23.92,3.92,위험,849
감,전북,순창군,순창,20.0,1.4,1.7,5,30,27.6,64471.0,1474.0,ssp245,2078,24.36,4.36,위험,792
감,전북,순창군,순창,20.0,1.4,1.7,5,30,27.6,64471.0,1474.0,ssp585,2028,22.18,2.18,위험,1002
감,전북,순창군,순창,20.0,1.4,1.7,5,30,27.6,64471.0,1474.0,ssp585,2038,22.96,2.96,위험,914
감,전북,순창군,순창,20.0,1.4,1.7,5,30,27.6,64471.0,1474.0,ssp585,2048,23.81,3.81,위험,813
감,전북,순창군,순창,20.0,1.4,1.7,5,30,27.6,64471.0,1474.0,ssp585,2058,24.74,4.74,위험,719
감,전북,순창군,순창,20.0,1.4,1.7,5,30,27.6,64471.0,1474.0,ssp585,2068,25.71,5.71,위험,604
감,전북,순창군,순창,20.0,1.4,1.7,5,30,27.6,64471.0,1474.0,ssp585,2078,26.63,6.63,위험,519
감,전남,나주시,나주,20.0,1.4,1.7,5,30,86.6,17805.0,1473.0,관측,2005,20.36,0.36,경고,1056
감,전남,나주시,나주,20.0,1.4,1.7,5,30,86.6,17805.0,1473.0,ssp245,2028,22.31,2.31,위험,881
감,전남,나주시,나주,20.0,1.4,1.7,5,30,86.6,17805.0,1473.0,ssp245,2038,22.81,2.81,위험,836
감,전남,나주시,나주,20.0,1.4,1.7,5,30,86.6,17805.0,1473.0,ssp245,2048,23.3,3.3,위험,791
감,전남,나주시,나주,20.0,1.4,1.7,5,30,86.6,17805.0,1473.0,ssp245,2058,23.75,3.75,위험,751
감,전남,나주시,나주,20.0,1.4,1.7,5,30,86.6,17805.0,1473.0,ssp245,2068,24.12,4.12,위험,718
감,전남,나주시,나주,20.0,1.4,1.7,5,30,86.6,17805.0,1473.0,ssp245,2078,24.53,4.53,위험,669
감,전남,나주시,나주,20.0,1.4,1.7,5,30,86.6,17805.0,1473.0,ssp585,2028,22.46,2.46,위험,886
감,전남,나주시,나주,20.0,1.4,1.7,5,30,86.6,17805.0,1473.0,ssp585,2038,23.19,3.19,위험,809
감,전남,나주시,나주,20.0,1.4,1.7,5,30,86.6,17805.0,1473.0,ssp585,2048,23.96,3.96,위험,720
감,전남,나주시,나주,20.0,1.4,1.7,5,30,86.6,17805.0,1473.0,ssp585,2058,24.82,4.82,위험,639
감,전남,나주시,나주,20.0,1.4,1.7,5,30,86.6,17805.0,1473.0,ssp585,2068,25.73,5.73,위험,540
감,전남,나주시,나주,20.0,1.4,1.7,5,30,86.6,17805.0,1473.0,ssp585,2078,26.62,6.62,위험,463
감,경북,예천군,예천,20.0,1.4,1.7,5,30,75.3,17891.0,1303.0,관측,2005,18.99,-1.01,적합,1467
감,경북,예천군,예천,20.0,1.4,1.7,5,30,75.3,17891.0,1303.0,ssp245,2028,20.64,0.64,경고,1285
감,경북,예천군,예천,20.0,1.4,1.7,5,30,75.3,17891.0,1303.0,ssp245,2038,21.06,1.06,경고,1242
감,경북,예천군,예천,20.0,1.4,1.7,5,30,75.3,17891.0,1303.0,ssp245,2048,21.46,1.46,주의,1200
감,경북,예천군,예천,20.0,1.4,1.7,5,30,75.3,17891.0,1303.0,ssp245,2058,21.85,1.85,위험,1161
감,경북,예천군,예천,20.0,1.4,1.7,5,30,75.3,17891.0,1303.0,ssp245,2068,22.13,2.13,위험,1127
감,경북,예천군,예천,20.0,1.4,1.7,5,30,75.3,17891.0,1303.0,ssp245,2078,22.47,2.47,위험,1083
감,경북,예천군,예천,20.0,1.4,1.7,5,30,75.3,17891.0,1303.0,ssp585,2028,20.81,0.81,경고,1286
감,경북,예천군,예천,20.0,1.4,1.7,5,30,75.3,17891.0,1303.0,ssp585,2038,21.39,1.39,경고,1210
감,경북,예천군,예천,20.0,1.4,1.7,5,30,75.3,17891.0,1303.0,ssp585,2048,22.02,2.02,위험,1127
감,경북,예천군,예천,20.0,1.4,1.7,5,30,75.3,17891.0,1303.0,ssp585,2058,22.76,2.76,위험,1046
감,경북,예천군,예천,20.0,1.4,1.7,5,30,75.3,17891.0,1303.0,ssp585,2068,23.54,3.54,위험,936
감,경북,예천군,예천,20.0,1.4,1.7,5,30,75.3,17891.0,1303.0,ssp585,2078,24.33,4.33,위험,841
감,경북,문경시,문경,20.0,1.4,1.7,5,30,73.1,16395.0,1383.0,관측,2005,18.73,-1.27,적합,1307
감,경북,문경시,문경,20.0,1.4,1.7,5,30,73.1,16395.0,1383.0,ssp245,2028,20.32,0.32,경고,1106
감,경북,문경시,문경,20.0,1.4,1.7,5,30,73.1,16395.0,1383.0,ssp245,2038,20.73,0.73,경고,1059
감,경북,문경시,문경,20.0,1.4,1.7,5,30,73.1,16395.0,1383.0,ssp245,2048,21.12,1.12,경고,1015
감,경북,문경시,문경,20.0,1.4,1.7,5,30,73.1,16395.0,1383.0,ssp245,2058,21.5,1.5,주의,973
감,경북,문경시,문경,20.0,1.4,1.7,5,30,73.1,16395.0,1383.0,ssp245,2068,21.78,1.78,위험,938
감,경북,문경시,문경,20.0,1.4,1.7,5,30,73.1,16395.0,1383.0,ssp245,2078,22.11,2.11,위험,892
감,경북,문경시,문경,20.0,1.4,1.7,5,30,73.1,16395.0,1383.0,ssp585,2028,20.5,0.5,경고,1108
감,경북,문경시,문경,20.0,1.4,1.7,5,30,73.1,16395.0,1383.0,ssp585,2038,21.06,1.06,경고,1027
감,경북,문경시,문경,20.0,1.4,1.7,5,30,73.1,16395.0,1383.0,ssp585,2048,21.68,1.68,주의,939
감,경북,문경시,문경,20.0,1.4,1.7,5,30,73.1,16395.0,1383.0,ssp585,2058,22.41,2.41,위험,855
감,경북,문경시,문경,20.0,1.4,1.7,5,30,73.1,16395.0,1383.0,ssp585,2068,23.18,3.18,위험,742
감,경북,문경시,문경,20.0,1.4,1.7,5,30,73.1,16395.0,1383.0,ssp585,2078,23.95,3.95,위험,650
감,충북,옥천군,옥천,20.0,1.4,1.7,5,30,48.0,22700.0,1251.0,관측,2005,19.36,-0.64,적합,1379
감,충북,옥천군,옥천,20.0,1.4,1.7,5,30,48.0,22700.0,1251.0,ssp245,2028,20.89,0.89,경고,1201
감,충북,옥천군,옥천,20.0,1.4,1.7,5,30,48.0,22700.0,1251.0,ssp245,2038,21.28,1.28,경고,1155
감,충북,옥천군,옥천,20.0,1.4,1.7,5,30,48.0,22700.0,1251.0,ssp245,2048,21.66,1.66,주의,1116
감,충북,옥천군,옥천,20.0,1.4,1.7,5,30,48.0,22700.0,1251.0,ssp245,2058,22.02,2.02,위험,1079
감,충북,옥천군,옥천,20.0,1.4,1.7,5,30,48.0,22700.0,1251.0,ssp245,2068,22.3,2.3,위험,1046
감,충북,옥천군,옥천,20.0,1.4,1.7,5,30,48.0,22700.0,1251.0,ssp245,2078,22.61,2.61,위험,1003
감,충북,옥천군,옥천,20.0,1.4,1.7,5,30,48.0,22700.0,1251.0,ssp585,2028,21.05,1.05,경고,1196
감,충북,옥천군,옥천,20.0,1.4,1.7,5,30,48.0,22700.0,1251.0,ssp585,2038,21.62,1.62,주의,1120
감,충북,옥천군,옥천,20.0,1.4,1.7,5,30,48.0,22700.0,1251.0,ssp585,2048,22.22,2.22,위험,1038
감,충북,옥천군,옥천,20.0,1.4,1.7,5,30,48.0,22700.0,1251.0,ssp585,2058,22.92,2.92,위험,959
감,충북,옥천군,옥천,20.0,1.4,1.7,5,30,48.0,22700.0,1251.0,ssp585,2068,23.66,3.66,위험,854
감,충북,옥천군,옥천,20.0,1.4,1.7,5,30,48.0,22700.0,1251.0,ssp585,2078,24.41,4.41,위험,763
감,충북,보은군,보은,20.0,1.4,1.7,5,30,32.0,33794.0,1542.0,관측,2005,18.37,-1.63,적합,1520
감,충북,보은군,보은,20.0,1.4,1.7,5,30,32.0,33794.0,1542.0,ssp245,2028,19.9,-0.1,적합,1328
감,충북,보은군,보은,20.0,1.4,1.7,5,30,32.0,33794.0,1542.0,ssp245,2038,20.29,0.29,경고,1281
감,충북,보은군,보은,20.0,1.4,1.7,5,30,32.0,33794.0,1542.0,ssp245,2048,20.66,0.66,경고,1238
감,충북,보은군,보은,20.0,1.4,1.7,5,30,32.0,33794.0,1542.0,ssp245,2058,21.02,1.02,경고,1198
감,충북,보은군,보은,20.0,1.4,1.7,5,30,32.0,33794.0,1542.0,ssp245,2068,21.3,1.3,경고,1164
감,충북,보은군,보은,20.0,1.4,1.7,5,30,32.0,33794.0,1542.0,ssp245,2078,21.61,1.61,주의,1119
감,충북,보은군,보은,20.0,1.4,1.7,5,30,32.0,33794.0,1542.0,ssp585,2028,20.08,0.08,경고,1321
감,충북,보은군,보은,20.0,1.4,1.7,5,30,32.0,33794.0,1542.0,ssp585,2038,20.63,0.63,경고,1242
감,충북,보은군,보은,20.0,1.4,1.7,5,30,32.0,33794.0,1542.0,ssp585,2048,21.23,1.23,경고,1157
감,충북,보은군,보은,20.0,1.4,1.7,5,30,32.0,33794.0,1542.0,ssp585,2058,21.93,1.93,위험,1074
감,충북,보은군,보은,20.0,1.4,1.7,5,30,32.0,33794.0,1542.0,ssp585,2068,22.67,2.67,위험,964
감,충북,보은군,보은,20.0,1.4,1.7,5,30,32.0,33794.0,1542.0,ssp585,2078,23.43,3.43,위험,872
감,경남,의령군,의령,20.0,1.4,1.7,5,30,72.8,13246.0,1467.0,관측,2005,19.9,-0.1,적합,1251
감,경남,의령군,의령,20.0,1.4,1.7,5,30,72.8,13246.0,1467.0,ssp245,2028,21.74,1.74,위험,1081
감,경남,의령군,의령,20.0,1.4,1.7,5,30,72.8,13246.0,1467.0,ssp245,2038,22.26,2.26,위험,1037
감,경남,의령군,의령,20.0,1.4,1.7,5,30,72.8,13246.0,1467.0,ssp245,2048,22.72,2.72,위험,995
감,경남,의령군,의령,20.0,1.4,1.7,5,30,72.8,13246.0,1467.0,ssp245,2058,23.17,3.17,위험,960
감,경남,의령군,의령,20.0,1.4,1.7,5,30,72.8,13246.0,1467.0,ssp245,2068,23.5,3.5,위험,932
감,경남,의령군,의령,20.0,1.4,1.7,5,30,72.8,13246.0,1467.0,ssp245,2078,23.88,3.88,위험,887
감,경남,의령군,의령,20.0,1.4,1.7,5,30,72.8,13246.0,1467.0,ssp585,2028,21.96,1.96,위험,1085
감,경남,의령군,의령,20.0,1.4,1.7,5,30,72.8,13246.0,1467.0,ssp585,2038,22.63,2.63,위험,1012
감,경남,의령군,의령,20.0,1.4,1.7,5,30,72.8,13246.0,1467.0,ssp585,2048,23.39,3.39,위험,931
감,경남,의령군,의령,20.0,1.4,1.7,5,30,72.8,13246.0,1467.0,ssp585,2058,24.24,4.24,위험,853
감,경남,의령군,의령,20.0,1.4,1.7,5,30,72.8,13246.0,1467.0,ssp585,2068,25.1,5.1,위험,740
감,경남,의령군,의령,20.0,1.4,1.7,5,30,72.8,13246.0,1467.0,ssp585,2078,25.94,5.94,위험,665
감,전북,정읍시,정읍,20.0,1.4,1.7,5,30,86.0,9607.0,1228.0,관측,2005,20.13,0.13,경고,1041
감,전북,정읍시,정읍,20.0,1.4,1.7,5,30,86.0,9607.0,1228.0,ssp245,2028,22.0,2.0,위험,851
감,전북,정읍시,정읍,20.0,1.4,1.7,5,30,86.0,9607.0,1228.0,ssp245,2038,22.5,2.5,위험,801
감,전북,정읍시,정읍,20.0,1.4,1.7,5,30,86.0,9607.0,1228.0,ssp245,2048,22.96,2.96,위험,754
감,전북,정읍시,정읍,20.0,1.4,1.7,5,30,86.0,9607.0,1228.0,ssp245,2058,23.4,3.4,위험,714
감,전북,정읍시,정읍,20.0,1.4,1.7,5,30,86.0,9607.0,1228.0,ssp245,2068,23.73,3.73,위험,680
감,전북,정읍시,정읍,20.0,1.4,1.7,5,30,86.0,9607.0,1228.0,ssp245,2078,24.12,4.12,위험,635
감,전북,정읍시,정읍,20.0,1.4,1.7,5,30,86.0,9607.0,1228.0,ssp585,2028,22.18,2.18,위험,840
감,전북,정읍시,정읍,20.0,1.4,1.7,5,30,86.0,9607.0,1228.0,ssp585,2038,22.86,2.86,위험,758
감,전북,정읍시,정읍,20.0,1.4,1.7,5,30,86.0,9607.0,1228.0,ssp585,2048,23.61,3.61,위험,666
감,전북,정읍시,정읍,20.0,1.4,1.7,5,30,86.0,9607.0,1228.0,ssp585,2058,24.44,4.44,위험,593
감,전북,정읍시,정읍,20.0,1.4,1.7,5,30,86.0,9607.0,1228.0,ssp585,2068,25.32,5.32,위험,500
감,전북,정읍시,정읍,20.0,1.4,1.7,5,30,86.0,9607.0,1228.0,ssp585,2078,26.16,6.16,위험,420
감,충남,부여군,부여,20.0,1.4,1.7,5,30,22.7,30680.0,1455.0,관측,2005,19.57,-0.43,적합,1306
감,충남,부여군,부여,20.0,1.4,1.7,5,30,22.7,30680.0,1455.0,ssp245,2028,21.42,1.42,주의,1114
감,충남,부여군,부여,20.0,1.4,1.7,5,30,22.7,30680.0,1455.0,ssp245,2038,21.91,1.91,위험,1061
감,충남,부여군,부여,20.0,1.4,1.7,5,30,22.7,30680.0,1455.0,ssp245,2048,22.36,2.36,위험,1015
감,충남,부여군,부여,20.0,1.4,1.7,5,30,22.7,30680.0,1455.0,ssp245,2058,22.79,2.79,위험,977
감,충남,부여군,부여,20.0,1.4,1.7,5,30,22.7,30680.0,1455.0,ssp245,2068,23.11,3.11,위험,942
감,충남,부여군,부여,20.0,1.4,1.7,5,30,22.7,30680.0,1455.0,ssp245,2078,23.5,3.5,위험,891
감,충남,부여군,부여,20.0,1.4,1.7,5,30,22.7,30680.0,1455.0,ssp585,2028,21.6,1.6,주의,1114
감,충남,부여군,부여,20.0,1.4,1.7,5,30,22.7,30680.0,1455.0,ssp585,2038,22.27,2.27,위험,1029
감,충남,부여군,부여,20.0,1.4,1.7,5,30,22.7,30680.0,1455.0,ssp585,2048,23.0,3.0,위험,937
감,충남,부여군,부여,20.0,1.4,1.7,5,30,22.7,30680.0,1455.0,ssp585,2058,23.8,3.8,위험,856
감,충남,부여군,부여,20.0,1.4,1.7,5,30,22.7,30680.0,1455.0,ssp585,2068,24.66,4.66,위험,732
감,충남,부여군,부여,20.0,1.4,1.7,5,30,22.7,30680.0,1455.0,ssp585,2078,25.5,5.5,위험,625
감,전북,부안군,부안,20.0,1.4,1.7,5,30,47.1,14429.0,1569.0,관측,2005,19.63,-0.37,적합,1057
감,전북,부안군,부안,20.0,1.4,1.7,5,30,47.1,14429.0,1569.0,ssp245,2028,21.39,1.39,경고,873
감,전북,부안군,부안,20.0,1.4,1.7,5,30,47.1,14429.0,1569.0,ssp245,2038,21.86,1.86,위험,826
감,전북,부안군,부안,20.0,1.4,1.7,5,30,47.1,14429.0,1569.0,ssp245,2048,22.3,2.3,위험,780
감,전북,부안군,부안,20.0,1.4,1.7,5,30,47.1,14429.0,1569.0,ssp245,2058,22.71,2.71,위험,741
감,전북,부안군,부안,20.0,1.4,1.7,5,30,47.1,14429.0,1569.0,ssp245,2068,23.02,3.02,위험,709
감,전북,부안군,부안,20.0,1.4,1.7,5,30,47.1,14429.0,1569.0,ssp245,2078,23.39,3.39,위험,662
감,전북,부안군,부안,20.0,1.4,1.7,5,30,47.1,14429.0,1569.0,ssp585,2028,21.54,1.54,주의,874
감,전북,부안군,부안,20.0,1.4,1.7,5,30,47.1,14429.0,1569.0,ssp585,2038,22.2,2.2,위험,796
감,전북,부안군,부안,20.0,1.4,1.7,5,30,47.1,14429.0,1569.0,ssp585,2048,22.9,2.9,위험,708
감,전북,부안군,부안,20.0,1.4,1.7,5,30,47.1,14429.0,1569.0,ssp585,2058,23.68,3.68,위험,628
감,전북,부안군,부안,20.0,1.4,1.7,5,30,47.1,14429.0,1569.0,ssp585,2068,24.52,4.52,위험,538
감,전북,부안군,부안,20.0,1.4,1.7,5,30,47.1,14429.0,1569.0,ssp585,2078,25.33,5.33,위험,463
감,강원,강릉시,강릉,20.0,1.4,1.7,5,30,59.0,10774.0,1752.0,관측,2005,19.73,-0.27,적합,834
감,강원,강릉시,강릉,20.0,1.4,1.7,5,30,59.0,10774.0,1752.0,ssp245,2028,21.87,1.87,위험,618
감,강원,강릉시,강릉,20.0,1.4,1.7,5,30,59.0,10774.0,1752.0,ssp245,2038,22.41,2.41,위험,581
감,강원,강릉시,강릉,20.0,1.4,1.7,5,30,59.0,10774.0,1752.0,ssp245,2048,22.91,2.91,위험,543
감,강원,강릉시,강릉,20.0,1.4,1.7,5,30,59.0,10774.0,1752.0,ssp245,2058,23.43,3.43,위험,510
감,강원,강릉시,강릉,20.0,1.4,1.7,5,30,59.0,10774.0,1752.0,ssp245,2068,23.76,3.76,위험,491
감,강원,강릉시,강릉,20.0,1.4,1.7,5,30,59.0,10774.0,1752.0,ssp245,2078,24.2,4.2,위험,453
감,강원,강릉시,강릉,20.0,1.4,1.7,5,30,59.0,10774.0,1752.0,ssp585,2028,21.97,1.97,위험,634
감,강원,강릉시,강릉,20.0,1.4,1.7,5,30,59.0,10774.0,1752.0,ssp585,2038,22.76,2.76,위험,567
감,강원,강릉시,강릉,20.0,1.4,1.7,5,30,59.0,10774.0,1752.0,ssp585,2048,23.62,3.62,위험,497
감,강원,강릉시,강릉,20.0,1.4,1.7,5,30,59.0,10774.0,1752.0,ssp585,2058,24.58,4.58,위험,426
감,강원,강릉시,강릉,20.0,1.4,1.7,5,30,59.0,10774.0,1752.0,ssp585,2068,25.6,5.6,위험,327
감,강원,강릉시,강릉,20.0,1.4,1.7,5,30,59.0,10774.0,1752.0,ssp585,2078,26.58,6.58,위험,250
감,경북,경산시,경산,20.0,1.4,1.7,5,30,45.3,12261.0,1329.0,관측,2005,20.96,0.96,경고,1013
감,경북,경산시,경산,20.0,1.4,1.7,5,30,45.3,12261.0,1329.0,ssp245,2028,23.12,3.12,위험,829
감,경북,경산시,경산,20.0,1.4,1.7,5,30,45.3,12261.0,1329.0,ssp245,2038,23.7,3.7,위험,784
감,경북,경산시,경산,20.0,1.4,1.7,5,30,45.3,12261.0,1329.0,ssp245,2048,24.22,4.22,위험,739
감,경북,경산시,경산,20.0,1.4,1.7,5,30,45.3,12261.0,1329.0,ssp245,2058,24.74,4.74,위험,701
감,경북,경산시,경산,20.0,1.4,1.7,5,30,45.3,12261.0,1329.0,ssp245,2068,25.12,5.12,위험,673
감,경북,경산시,경산,20.0,1.4,1.7,5,30,45.3,12261.0,1329.0,ssp245,2078,25.55,5.55,위험,631
감,경북,경산시,경산,20.0,1.4,1.7,5,30,45.3,12261.0,1329.0,ssp585,2028,23.33,3.33,위험,836
감,경북,경산시,경산,20.0,1.4,1.7,5,30,45.3,12261.0,1329.0,ssp585,2038,24.14,4.14,위험,757
감,경북,경산시,경산,20.0,1.4,1.7,5,30,45.3,12261.0,1329.0,ssp585,2048,25.03,5.03,위험,674
감,경북,경산시,경산,20.0,1.4,1.7,5,30,45.3,12261.0,1329.0,ssp585,2058,25.99,5.99,위험,600
감,경북,경산시,경산,20.0,1.4,1.7,5,30,45.3,12261.0,1329.0,ssp585,2068,26.98,6.98,위험,514
감,경북,경산시,경산,20.0,1.4,1.7,5,30,45.3,12261.0,1329.0,ssp585,2078,27.92,7.92,위험,441
감,전남,보성군,보성,20.0,1.4,1.7,5,30,16.4,33486.0,1781.0,관측,2005,18.99,-1.01,적합,1192
감,전남,보성군,보성,20.0,1.4,1.7,5,30,16.4,33486.0,1781.0,ssp245,2028,21.23,1.23,경고,987
감,전남,보성군,보성,20.0,1.4,1.7,5,30,16.4,33486.0,1781.0,ssp245,2038,21.82,1.82,위험,932
감,전남,보성군,보성,20.0,1.4,1.7,5,30,16.4,33486.0,1781.0,ssp245,2048,22.38,2.38,위험,882
감,전남,보성군,보성,20.0,1.4,1.7,5,30,16.4,33486.0,1781.0,ssp245,2058,22.93,2.93,위험,838
감,전남,보성군,보성,20.0,1.4,1.7,5,30,16.4,33486.0,1781.0,ssp245,2068,23.36,3.36,위험,802
감,전남,보성군,보성,20.0,1.4,1.7,5,30,16.4,33486.0,1781.0,ssp245,2078,23.83,3.83,위험,744
감,전남,보성군,보성,20.0,1.4,1.7,5,30,16.4,33486.0,1781.0,ssp585,2028,21.4,1.4,경고,968
감,전남,보성군,보성,20.0,1.4,1.7,5,30,16.4,33486.0,1781.0,ssp585,2038,22.27,2.27,위험,880
감,전남,보성군,보성,20.0,1.4,1.7,5,30,16.4,33486.0,1781.0,ssp585,2048,23.19,3.19,위험,778
감,전남,보성군,보성,20.0,1.4,1.7,5,30,16.4,33486.0,1781.0,ssp585,2058,24.19,4.19,위험,681
감,전남,보성군,보성,20.0,1.4,1.7,5,30,16.4,33486.0,1781.0,ssp585,2068,25.22,5.22,위험,560
감,전남,보성군,보성,20.0,1.4,1.7,5,30,16.4,33486.0,1781.0,ssp585,2078,26.19,6.19,위험,475
감,전북,고창군,고창,20.0,1.4,1.7,5,30,42.0,12741.0,1457.0,관측,2005,19.93,-0.07,적합,1017
감,전북,고창군,고창,20.0,1.4,1.7,5,30,42.0,12741.0,1457.0,ssp245,2028,21.62,1.62,주의,848
감,전북,고창군,고창,20.0,1.4,1.7,5,30,42.0,12741.0,1457.0,ssp245,2038,22.06,2.06,위험,804
감,전북,고창군,고창,20.0,1.4,1.7,5,30,42.0,12741.0,1457.0,ssp245,2048,22.47,2.47,위험,762
감,전북,고창군,고창,20.0,1.4,1.7,5,30,42.0,12741.0,1457.0,ssp245,2058,22.86,2.86,위험,725
감,전북,고창군,고창,20.0,1.4,1.7,5,30,42.0,12741.0,1457.0,ssp245,2068,23.16,3.16,위험,695
감,전북,고창군,고창,20.0,1.4,1.7,5,30,42.0,12741.0,1457.0,ssp245,2078,23.51,3.51,위험,659
감,전북,고창군,고창,20.0,1.4,1.7,5,30,42.0,12741.0,1457.0,ssp585,2028,21.76,1.76,위험,847
감,전북,고창군,고창,20.0,1.4,1.7,5,30,42.0,12741.0,1457.0,ssp585,2038,22.38,2.38,위험,774
감,전북,고창군,고창,20.0,1.4,1.7,5,30,42.0,12741.0,1457.0,ssp585,2048,23.03,3.03,위험,691
감,전북,고창군,고창,20.0,1.4,1.7,5,30,42.0,12741.0,1457.0,ssp585,2058,23.77,3.77,위험,630
감,전북,고창군,고창,20.0,1.4,1.7,5,30,42.0,12741.0,1457.0,ssp585,2068,24.57,4.57,위험,547
감,전북,고창군,고창,20.0,1.4,1.7,5,30,42.0,12741.0,1457.0,ssp585,2078,25.34,5.34,위험,476
감,전남,무안군,무안,20.0,1.4,1.7,5,30,18.8,24864.0,1452.0,관측,2005,19.9,-0.1,적합,918
감,전남,무안군,무안,20.0,1.4,1.7,5,30,18.8,24864.0,1452.0,ssp245,2028,21.7,1.7,주의,755
감,전남,무안군,무안,20.0,1.4,1.7,5,30,18.8,24864.0,1452.0,ssp245,2038,22.16,2.16,위험,713
감,전남,무안군,무안,20.0,1.4,1.7,5,30,18.8,24864.0,1452.0,ssp245,2048,22.6,2.6,위험,671
감,전남,무안군,무안,20.0,1.4,1.7,5,30,18.8,24864.0,1452.0,ssp245,2058,23.01,3.01,위험,634
감,전남,무안군,무안,20.0,1.4,1.7,5,30,18.8,24864.0,1452.0,ssp245,2068,23.35,3.35,위험,611
감,전남,무안군,무안,20.0,1.4,1.7,5,30,18.8,24864.0,1452.0,ssp245,2078,23.72,3.72,위험,581
감,전남,무안군,무안,20.0,1.4,1.7,5,30,18.8,24864.0,1452.0,ssp585,2028,21.84,1.84,위험,743
감,전남,무안군,무안,20.0,1.4,1.7,5,30,18.8,24864.0,1452.0,ssp585,2038,22.52,2.52,위험,673
감,전남,무안군,무안,20.0,1.4,1.7,5,30,18.8,24864.0,1452.0,ssp585,2048,23.21,3.21,위험,599
감,전남,무안군,무안,20.0,1.4,1.7,5,30,18.8,24864.0,1452.0,ssp585,2058,23.99,3.99,위험,545
감,전남,무안군,무안,20.0,1.4,1.7,5,30,18.8,24864.0,1452.0,ssp585,2068,24.83,4.83,위험,462
감,전남,무안군,무안,20.0,1.4,1.7,5,30,18.8,24864.0,1452.0,ssp585,2078,25.64,5.64,위험,390
감,충북,충주시,충주,20.0,1.4,1.7,5,30,14.0,31592.0,1810.0,관측,2005,19.2,-0.8,적합,1479
감,충북,충주시,충주,20.0,1.4,1.7,5,30,14.0,31592.0,1810.0,ssp245,2028,20.7,0.7,경고,1282
감,충북,충주시,충주,20.0,1.4,1.7,5,30,14.0,31592.0,1810.0,ssp245,2038,21.08,1.08,경고,1235
감,충북,충주시,충주,20.0,1.4,1.7,5,30,14.0,31592.0,1810.0,ssp245,2048,21.44,1.44,주의,1190
감,충북,충주시,충주,20.0,1.4,1.7,5,30,14.0,31592.0,1810.0,ssp245,2058,21.8,1.8,위험,1148
감,충북,충주시,충주,20.0,1.4,1.7,5,30,14.0,31592.0,1810.0,ssp245,2068,22.07,2.07,위험,1115
감,충북,충주시,충주,20.0,1.4,1.7,5,30,14.0,31592.0,1810.0,ssp245,2078,22.38,2.38,위험,1068
감,충북,충주시,충주,20.0,1.4,1.7,5,30,14.0,31592.0,1810.0,ssp585,2028,20.87,0.87,경고,1278
감,충북,충주시,충주,20.0,1.4,1.7,5,30,14.0,31592.0,1810.0,ssp585,2038,21.41,1.41,주의,1196
감,충북,충주시,충주,20.0,1.4,1.7,5,30,14.0,31592.0,1810.0,ssp585,2048,22.0,2.0,위험,1109
감,충북,충주시,충주,20.0,1.4,1.7,5,30,14.0,31592.0,1810.0,ssp585,2058,22.69,2.69,위험,1025
감,충북,충주시,충주,20.0,1.4,1.7,5,30,14.0,31592.0,1810.0,ssp585,2068,23.42,3.42,위험,910
감,충북,충주시,충주,20.0,1.4,1.7,5,30,14.0,31592.0,1810.0,ssp585,2078,24.18,4.18,위험,815
감,경남,합천군,합천,20.0,1.4,1.7,5,30,35.6,12226.0,1470.0,관측,2005,19.99,-0.01,적합,1229
감,경남,합천군,합천,20.0,1.4,1.7,5,30,35.6,12226.0,1470.0,ssp245,2028,21.79,1.79,위험,1050
감,경남,합천군,합천,20.0,1.4,1.7,5,30,35.6,12226.0,1470.0,ssp245,2038,22.29,2.29,위험,1004
감,경남,합천군,합천,20.0,1.4,1.7,5,30,35.6,12226.0,1470.0,ssp245,2048,22.74,2.74,위험,961
감,경남,합천군,합천,20.0,1.4,1.7,5,30,35.6,12226.0,1470.0,ssp245,2058,23.17,3.17,위험,926
감,경남,합천군,합천,20.0,1.4,1.7,5,30,35.6,12226.0,1470.0,ssp245,2068,23.49,3.49,위험,897
감,경남,합천군,합천,20.0,1.4,1.7,5,30,35.6,12226.0,1470.0,ssp245,2078,23.84,3.84,위험,851
감,경남,합천군,합천,20.0,1.4,1.7,5,30,35.6,12226.0,1470.0,ssp585,2028,22.01,2.01,위험,1054
감,경남,합천군,합천,20.0,1.4,1.7,5,30,35.6,12226.0,1470.0,ssp585,2038,22.66,2.66,위험,979
감,경남,합천군,합천,20.0,1.4,1.7,5,30,35.6,12226.0,1470.0,ssp585,2048,23.4,3.4,위험,896
감,경남,합천군,합천,20.0,1.4,1.7,5,30,35.6,12226.0,1470.0,ssp585,2058,24.21,4.21,위험,817
감,경남,합천군,합천,20.0,1.4,1.7,5,30,35.6,12226.0,1470.0,ssp585,2068,25.04,5.04,위험,704
감,경남,합천군,합천,20.0,1.4,1.7,5,30,35.6,12226.0,1470.0,ssp585,2078,25.84,5.84,위험,617
감,경남,거창군,거창,20.0,1.4,1.7,5,30,5.2,71025.0,1572.0,관측,2005,18.73,-1.27,적합,1412
감,경남,거창군,거창,20.0,1.4,1.7,5,30,5.2,71025.0,1572.0,ssp245,2028,20.49,0.49,경고,1210
감,경남,거창군,거창,20.0,1.4,1.7,5,30,5.2,71025.0,1572.0,ssp245,2038,20.97,0.97,경고,1157
감,경남,거창군,거창,20.0,1.4,1.7,5,30,5.2,71025.0,1572.0,ssp245,2048,21.41,1.41,주의,1111
감,경남,거창군,거창,20.0,1.4,1.7,5,30,5.2,71025.0,1572.0,ssp245,2058,21.84,1.84,위험,1071
감,경남,거창군,거창,20.0,1.4,1.7,5,30,5.2,71025.0,1572.0,ssp245,2068,22.15,2.15,위험,1040
감,경남,거창군,거창,20.0,1.4,1.7,5,30,5.2,71025.0,1572.0,ssp245,2078,22.5,2.5,위험,991
감,경남,거창군,거창,20.0,1.4,1.7,5,30,5.2,71025.0,1572.0,ssp585,2028,20.71,0.71,경고,1206
감,경남,거창군,거창,20.0,1.4,1.7,5,30,5.2,71025.0,1572.0,ssp585,2038,21.36,1.36,경고,1122
감,경남,거창군,거창,20.0,1.4,1.7,5,30,5.2,71025.0,1572.0,ssp585,2048,22.09,2.09,위험,1033
감,경남,거창군,거창,20.0,1.4,1.7,5,30,5.2,71025.0,1572.0,ssp585,2058,22.88,2.88,위험,947
감,경남,거창군,거창,20.0,1.4,1.7,5,30,5.2,71025.0,1572.0,ssp585,2068,23.7,3.7,위험,829
감,경남,거창군,거창,20.0,1.4,1.7,5,30,5.2,71025.0,1572.0,ssp585,2078,24.5,4.5,위험,733
감,전남,영광군,영광,20.0,1.4,1.7,5,30,40.5,8742.0,1359.0,관측,2005,19.91,-0.09,적합,1065
감,전남,영광군,영광,20.0,1.4,1.7,5,30,40.5,8742.0,1359.0,ssp245,2028,21.61,1.61,주의,900
감,전남,영광군,영광,20.0,1.4,1.7,5,30,40.5,8742.0,1359.0,ssp245,2038,22.05,2.05,위험,858
감,전남,영광군,영광,20.0,1.4,1.7,5,30,40.5,8742.0,1359.0,ssp245,2048,22.46,2.46,위험,816
감,전남,영광군,영광,20.0,1.4,1.7,5,30,40.5,8742.0,1359.0,ssp245,2058,22.84,2.84,위험,779
감,전남,영광군,영광,20.0,1.4,1.7,5,30,40.5,8742.0,1359.0,ssp245,2068,23.15,3.15,위험,750
감,전남,영광군,영광,20.0,1.4,1.7,5,30,40.5,8742.0,1359.0,ssp245,2078,23.5,3.5,위험,707
감,전남,영광군,영광,20.0,1.4,1.7,5,30,40.5,8742.0,1359.0,ssp585,2028,21.77,1.77,위험,886
감,전남,영광군,영광,20.0,1.4,1.7,5,30,40.5,8742.0,1359.0,ssp585,2038,22.39,2.39,위험,814
감,전남,영광군,영광,20.0,1.4,1.7,5,30,40.5,8742.0,1359.0,ssp585,2048,23.04,3.04,위험,734
감,전남,영광군,영광,20.0,1.4,1.7,5,30,40.5,8742.0,1359.0,ssp585,2058,23.77,3.77,위험,665
감,전남,영광군,영광,20.0,1.4,1.7,5,30,40.5,8742.0,1359.0,ssp585,2068,24.55,4.55,위험,583
감,전남,영광군,영광,20.0,1.4,1.7,5,30,40.5,8742.0,1359.0,ssp585,2078,25.32,5.32,위험,514
감,경남,창원시,창원,20.0,1.4,1.7,5,30,48.5,6424.0,1659.0,관측,2005,20.83,0.83,경고,672
감,경남,창원시,창원,20.0,1.4,1.7,5,30,48.5,6424.0,1659.0,ssp245,2028,22.76,2.76,위험,529
감,경남,창원시,창원,20.0,1.4,1.7,5,30,48.5,6424.0,1659.0,ssp245,2038,23.31,3.31,위험,495
감,경남,창원시,창원,20.0,1.4,1.7,5,30,48.5,6424.0,1659.0,ssp245,2048,23.79,3.79,위험,463
감,경남,창원시,창원,20.0,1.4,1.7,5,30,48.5,6424.0,1659.0,ssp245,2058,24.26,4.26,위험,432
감,경남,창원시,창원,20.0,1.4,1.7,5,30,48.5,6424.0,1659.0,ssp245,2068,24.62,4.62,위험,415
감,경남,창원시,창원,20.0,1.4,1.7,5,30,48.5,6424.0,1659.0,ssp245,2078,25.02,5.02,위험,382
감,경남,창원시,창원,20.0,1.4,1.7,5,30,48.5,6424.0,1659.0,ssp585,2028,22.95,2.95,위험,537
감,경남,창원시,창원,20.0,1.4,1.7,5,30,48.5,6424.0,1659.0,ssp585,2038,23.67,3.67,위험,481
감,경남,창원시,창원,20.0,1.4,1.7,5,30,48.5,6424.0,1659.0,ssp585,2048,24.47,4.47,위험,416
감,경남,창원시,창원,20.0,1.4,1.7,5,30,48.5,6424.0,1659.0,ssp585,2058,25.37,5.37,위험,356
감,경남,창원시,창원,20.0,1.4,1.7,5,30,48.5,6424.0,1659.0,ssp585,2068,26.28,6.28,위험,266
감,경남,창원시,창원,20.0,1.4,1.7,5,30,48.5,6424.0,1659.0,ssp585,2078,27.18,7.18,위험,192
감,충남,공주시,공주,20.0,1.4,1.7,5,30,16.5,17556.0,1597.0,관측,2005,19.84,-0.16,적합,1344
감,충남,공주시,공주,20.0,1.4,1.7,5,30,16.5,17556.0,1597.0,ssp245,2028,21.61,1.61,주의,1155
감,충남,공주시,공주,20.0,1.4,1.7,5,30,16.5,17556.0,1597.0,ssp245,2038,22.07,2.07,위험,1106
감,충남,공주시,공주,20.0,1.4,1.7,5,30,16.5,17556.0,1597.0,ssp245,2048,22.5,2.5,위험,1063
감,충남,공주시,공주,20.0,1.4,1.7,5,30,16.5,17556.0,1597.0,ssp245,2058,22.92,2.92,위험,1024
감,충남,공주시,공주,20.0,1.4,1.7,5,30,16.5,17556.0,1597.0,ssp245,2068,23.23,3.23,위험,989
감,충남,공주시,공주,20.0,1.4,1.7,5,30,16.5,17556.0,1597.0,ssp245,2078,23.6,3.6,위험,940
감,충남,공주시,공주,20.0,1.4,1.7,5,30,16.5,17556.0,1597.0,ssp585,2028,21.79,1.79,위험,1146
감,충남,공주시,공주,20.0,1.4,1.7,5,30,16.5,17556.0,1597.0,ssp585,2038,22.44,2.44,위험,1067
감,충남,공주시,공주,20.0,1.4,1.7,5,30,16.5,17556.0,1597.0,ssp585,2048,23.15,3.15,위험,977
감,충남,공주시,공주,20.0,1.4,1.7,5,30,16.5,17556.0,1597.0,ssp585,2058,23.93,3.93,위험,895
감,충남,공주시,공주,20.0,1.4,1.7,5,30,16.5,17556.0,1597.0,ssp585,2068,24.78,4.78,위험,776
감,충남,공주시,공주,20.0,1.4,1.7,5,30,16.5,17556.0,1597.0,ssp585,2078,25.63,5.63,위험,673
감,전남,해남군,해남,20.0,1.4,1.7,5,30,14.1,19609.0,1163.0,관측,2005,19.81,-0.19,적합,1004
감,전남,해남군,해남,20.0,1.4,1.7,5,30,14.1,19609.0,1163.0,ssp245,2028,21.83,1.83,위험,818
감,전남,해남군,해남,20.0,1.4,1.7,5,30,14.1,19609.0,1163.0,ssp245,2038,22.34,2.34,위험,770
감,전남,해남군,해남,20.0,1.4,1.7,5,30,14.1,19609.0,1163.0,ssp245,2048,22.82,2.82,위험,723
감,전남,해남군,해남,20.0,1.4,1.7,5,30,14.1,19609.0,1163.0,ssp245,2058,23.31,3.31,위험,680
감,전남,해남군,해남,20.0,1.4,1.7,5,30,14.1,19609.0,1163.0,ssp245,2068,23.69,3.69,위험,646
감,전남,해남군,해남,20.0,1.4,1.7,5,30,14.1,19609.0,1163.0,ssp245,2078,24.1,4.1,위험,596
감,전남,해남군,해남,20.0,1.4,1.7,5,30,14.1,19609.0,1163.0,ssp585,2028,21.96,1.96,위험,814
감,전남,해남군,해남,20.0,1.4,1.7,5,30,14.1,19609.0,1163.0,ssp585,2038,22.73,2.73,위험,734
감,전남,해남군,해남,20.0,1.4,1.7,5,30,14.1,19609.0,1163.0,ssp585,2048,23.53,3.53,위험,642
감,전남,해남군,해남,20.0,1.4,1.7,5,30,14.1,19609.0,1163.0,ssp585,2058,24.42,4.42,위험,561
감,전남,해남군,해남,20.0,1.4,1.7,5,30,14.1,19609.0,1163.0,ssp585,2068,25.36,5.36,위험,468
감,전남,해남군,해남,20.0,1.4,1.7,5,30,14.1,19609.0,1163.0,ssp585,2078,26.25,6.25,위험,387
감,전북,남원시,남원,20.0,1.4,1.7,5,30,14.1,19249.0,1738.0,관측,2005,19.49,-0.51,적합,1330
감,전북,남원시,남원,20.0,1.4,1.7,5,30,14.1,19249.0,1738.0,ssp245,2028,21.36,1.36,경고,1129
감,전북,남원시,남원,20.0,1.4,1.7,5,30,14.1,19249.0,1738.0,ssp245,2038,21.87,1.87,위험,1075
감,전북,남원시,남원,20.0,1.4,1.7,5,30,14.1,19249.0,1738.0,ssp245,2048,22.33,2.33,위험,1030
감,전북,남원시,남원,20.0,1.4,1.7,5,30,14.1,19249.0,1738.0,ssp245,2058,22.78,2.78,위험,989
감,전북,남원시,남원,20.0,1.4,1.7,5,30,14.1,19249.0,1738.0,ssp245,2068,23.11,3.11,위험,957
감,전북,남원시,남원,20.0,1.4,1.7,5,30,14.1,19249.0,1738.0,ssp245,2078,23.49,3.49,위험,904
감,전북,남원시,남원,20.0,1.4,1.7,5,30,14.1,19249.0,1738.0,ssp585,2028,21.57,1.57,주의,1129
감,전북,남원시,남원,20.0,1.4,1.7,5,30,14.1,19249.0,1738.0,ssp585,2038,22.26,2.26,위험,1045
감,전북,남원시,남원,20.0,1.4,1.7,5,30,14.1,19249.0,1738.0,ssp585,2048,23.02,3.02,위험,952
감,전북,남원시,남원,20.0,1.4,1.7,5,30,14.1,19249.0,1738.0,ssp585,2058,23.84,3.84,위험,865
감,전북,남원시,남원,20.0,1.4,1.7,5,30,14.1,19249.0,1738.0,ssp585,2068,24.7,4.7,위험,745
감,전북,남원시,남원,20.0,1.4,1.7,5,30,14.1,19249.0,1738.0,ssp585,2078,25.52,5.52,위험,641
감,전남,강진군,강진,20.0,1.4,1.7,5,30,18.1,13568.0,1438.0,관측,2005,20.17,0.17,경고,927
감,전남,강진군,강진,20.0,1.4,1.7,5,30,18.1,13568.0,1438.0,ssp245,2028,22.43,2.43,위험,724
감,전남,강진군,강진,20.0,1.4,1.7,5,30,18.1,13568.0,1438.0,ssp245,2038,23.0,3.0,위험,671
감,전남,강진군,강진,20.0,1.4,1.7,5,30,18.1,13568.0,1438.0,ssp245,2048,23.55,3.55,위험,626
감,전남,강진군,강진,20.0,1.4,1.7,5,30,18.1,13568.0,1438.0,ssp245,2058,24.1,4.1,위험,588
감,전남,강진군,강진,20.0,1.4,1.7,5,30,18.1,13568.0,1438.0,ssp245,2068,24.53,4.53,위험,566
감,전남,강진군,강진,20.0,1.4,1.7,5,30,18.1,13568.0,1438.0,ssp245,2078,25.0,5.0,위험,529
감,전남,강진군,강진,20.0,1.4,1.7,5,30,18.1,13568.0,1438.0,ssp585,2028,22.58,2.58,위험,730
감,전남,강진군,강진,20.0,1.4,1.7,5,30,18.1,13568.0,1438.0,ssp585,2038,23.43,3.43,위험,644
감,전남,강진군,강진,20.0,1.4,1.7,5,30,18.1,13568.0,1438.0,ssp585,2048,24.34,4.34,위험,566
감,전남,강진군,강진,20.0,1.4,1.7,5,30,18.1,13568.0,1438.0,ssp585,2058,25.34,5.34,위험,497
감,전남,강진군,강진,20.0,1.4,1.7,5,30,18.1,13568.0,1438.0,ssp585,2068,26.4,6.4,위험,396
감,전남,강진군,강진,20.0,1.4,1.7,5,30,18.1,13568.0,1438.0,ssp585,2078,27.4,7.4,위험,309
감,전북,임실군,임실,20.0,1.4,1.7,5,30,17.4,12899.0,1691.0,관측,2005,18.33,-1.67,적합,1475
감,전북,임실군,임실,20.0,1.4,1.7,5,30,17.4,12899.0,1691.0,ssp245,2028,20.21,0.21,경고,1269
감,전북,임실군,임실,20.0,1.4,1.7,5,30,17.4,12899.0,1691.0,ssp245,2038,20.72,0.72,경고,1212
감,전북,임실군,임실,20.0,1.4,1.7,5,30,17.4,12899.0,1691.0,ssp245,2048,21.18,1.18,경고,1163
감,전북,임실군,임실,20.0,1.4,1.7,5,30,17.4,12899.0,1691.0,ssp245,2058,21.63,1.63,주의,1123
감,전북,임실군,임실,20.0,1.4,1.7,5,30,17.4,12899.0,1691.0,ssp245,2068,21.95,1.95,위험,1089
감,전북,임실군,임실,20.0,1.4,1.7,5,30,17.4,12899.0,1691.0,ssp245,2078,22.33,2.33,위험,1034
감,전북,임실군,임실,20.0,1.4,1.7,5,30,17.4,12899.0,1691.0,ssp585,2028,20.42,0.42,경고,1249
감,전북,임실군,임실,20.0,1.4,1.7,5,30,17.4,12899.0,1691.0,ssp585,2038,21.11,1.11,경고,1162
감,전북,임실군,임실,20.0,1.4,1.7,5,30,17.4,12899.0,1691.0,ssp585,2048,21.87,1.87,위험,1064
감,전북,임실군,임실,20.0,1.4,1.7,5,30,17.4,12899.0,1691.0,ssp585,2058,22.69,2.69,위험,973
감,전북,임실군,임실,20.0,1.4,1.7,5,30,17.4,12899.0,1691.0,ssp585,2068,23.54,3.54,위험,843
감,전북,임실군,임실,20.0,1.4,1.7,5,30,17.4,12899.0,1691.0,ssp585,2078,24.35,4.35,위험,732
감,전북,진안군,진안,20.0,1.4,1.7,5,30,5.8,36497.0,1547.0,관측,2005,17.86,-2.14,적합,1535
감,전북,진안군,진안,20.0,1.4,1.7,5,30,5.8,36497.0,1547.0,ssp245,2028,19.64,-0.36,적합,1327
감,전북,진안군,진안,20.0,1.4,1.7,5,30,5.8,36497.0,1547.0,ssp245,2038,20.13,0.13,경고,1271
감,전북,진안군,진안,20.0,1.4,1.7,5,30,5.8,36497.0,1547.0,ssp245,2048,20.57,0.57,경고,1224
감,전북,진안군,진안,20.0,1.4,1.7,5,30,5.8,36497.0,1547.0,ssp245,2058,21.0,1.0,경고,1182
감,전북,진안군,진안,20.0,1.4,1.7,5,30,5.8,36497.0,1547.0,ssp245,2068,21.3,1.3,경고,1149
감,전북,진안군,진안,20.0,1.4,1.7,5,30,5.8,36497.0,1547.0,ssp245,2078,21.66,1.66,주의,1097
감,전북,진안군,진안,20.0,1.4,1.7,5,30,5.8,36497.0,1547.0,ssp585,2028,19.84,-0.16,적합,1331
감,전북,진안군,진안,20.0,1.4,1.7,5,30,5.8,36497.0,1547.0,ssp585,2038,20.5,0.5,경고,1244
감,전북,진안군,진안,20.0,1.4,1.7,5,30,5.8,36497.0,1547.0,ssp585,2048,21.23,1.23,경고,1149
감,전북,진안군,진안,20.0,1.4,1.7,5,30,5.8,36497.0,1547.0,ssp585,2058,22.01,2.01,위험,1059
감,전북,진안군,진안,20.0,1.4,1.7,5,30,5.8,36497.0,1547.0,ssp585,2068,22.82,2.82,위험,937
감,전북,진안군,진안,20.0,1.4,1.7,5,30,5.8,36497.0,1547.0,ssp585,2078,23.6,3.6,위험,834
감,경북,안동시,안동,20.0,1.4,1.7,5,30,10.3,20668.0,1388.0,관측,2005,19.36,-0.64,적합,1367
감,경북,안동시,안동,20.0,1.4,1.7,5,30,10.3,20668.0,1388.0,ssp245,2028,21.22,1.22,경고,1174
감,경북,안동시,안동,20.0,1.4,1.7,5,30,10.3,20668.0,1388.0,ssp245,2038,21.67,1.67,주의,1131
감,경북,안동시,안동,20.0,1.4,1.7,5,30,10.3,20668.0,1388.0,ssp245,2048,22.09,2.09,위험,1086
감,경북,안동시,안동,20.0,1.4,1.7,5,30,10.3,20668.0,1388.0,ssp245,2058,22.53,2.53,위험,1044
감,경북,안동시,안동,20.0,1.4,1.7,5,30,10.3,20668.0,1388.0,ssp245,2068,22.84,2.84,위험,1010
감,경북,안동시,안동,20.0,1.4,1.7,5,30,10.3,20668.0,1388.0,ssp245,2078,23.22,3.22,위험,965
감,경북,안동시,안동,20.0,1.4,1.7,5,30,10.3,20668.0,1388.0,ssp585,2028,21.35,1.35,경고,1183
감,경북,안동시,안동,20.0,1.4,1.7,5,30,10.3,20668.0,1388.0,ssp585,2038,22.01,2.01,위험,1102
감,경북,안동시,안동,20.0,1.4,1.7,5,30,10.3,20668.0,1388.0,ssp585,2048,22.72,2.72,위험,1016
감,경북,안동시,안동,20.0,1.4,1.7,5,30,10.3,20668.0,1388.0,ssp585,2058,23.53,3.53,위험,929
감,경북,안동시,안동,20.0,1.4,1.7,5,30,10.3,20668.0,1388.0,ssp585,2068,24.39,4.39,위험,808
감,경북,안동시,안동,20.0,1.4,1.7,5,30,10.3,20668.0,1388.0,ssp585,2078,25.26,5.26,위험,703
감,전남,담양군,담양,20.0,1.4,1.7,5,30,11.0,18197.0,1661.0,관측,2005,19.93,-0.07,적합,1111
감,전남,담양군,담양,20.0,1.4,1.7,5,30,11.0,18197.0,1661.0,ssp245,2028,21.9,1.9,위험,921
감,전남,담양군,담양,20.0,1.4,1.7,5,30,11.0,18197.0,1661.0,ssp245,2038,22.43,2.43,위험,870
감,전남,담양군,담양,20.0,1.4,1.7,5,30,11.0,18197.0,1661.0,ssp245,2048,22.92,2.92,위험,825
감,전남,담양군,담양,20.0,1.4,1.7,5,30,11.0,18197.0,1661.0,ssp245,2058,23.39,3.39,위험,785
감,전남,담양군,담양,20.0,1.4,1.7,5,30,11.0,18197.0,1661.0,ssp245,2068,23.74,3.74,위험,752
감,전남,담양군,담양,20.0,1.4,1.7,5,30,11.0,18197.0,1661.0,ssp245,2078,24.16,4.16,위험,700
감,전남,담양군,담양,20.0,1.4,1.7,5,30,11.0,18197.0,1661.0,ssp585,2028,22.11,2.11,위험,894
감,전남,담양군,담양,20.0,1.4,1.7,5,30,11.0,18197.0,1661.0,ssp585,2038,22.84,2.84,위험,813
감,전남,담양군,담양,20.0,1.4,1.7,5,30,11.0,18197.0,1661.0,ssp585,2048,23.63,3.63,위험,719
감,전남,담양군,담양,20.0,1.4,1.7,5,30,11.0,18197.0,1661.0,ssp585,2058,24.5,4.5,위험,634
감,전남,담양군,담양,20.0,1.4,1.7,5,30,11.0,18197.0,1661.0,ssp585,2068,25.42,5.42,위험,538
감,전남,담양군,담양,20.0,1.4,1.7,5,30,11.0,18197.0,1661.0,ssp585,2078,26.3,6.3,위험,459
감,전북,김제시,김제,20.0,1.4,1.7,5,30,20.4,9824.0,1572.0,관측,2005,20.33,0.33,경고,1045
감,전북,김제시,김제,20.0,1.4,1.7,5,30,20.4,9824.0,1572.0,ssp245,2028,21.95,1.95,위험,868
감,전북,김제시,김제,20.0,1.4,1.7,5,30,20.4,9824.0,1572.0,ssp245,2038,22.38,2.38,위험,822
감,전북,김제시,김제,20.0,1.4,1.7,5,30,20.4,9824.0,1572.0,ssp245,2048,22.78,2.78,위험,779
감,전북,김제시,김제,20.0,1.4,1.7,5,30,20.4,9824.0,1572.0,ssp245,2058,23.16,3.16,위험,743
감,전북,김제시,김제,20.0,1.4,1.7,5,30,20.4,9824.0,1572.0,ssp245,2068,23.44,3.44,위험,712
감,전북,김제시,김제,20.0,1.4,1.7,5,30,20.4,9824.0,1572.0,ssp245,2078,23.78,3.78,위험,667
감,전북,김제시,김제,20.0,1.4,1.7,5,30,20.4,9824.0,1572.0,ssp585,2028,22.11,2.11,위험,861
감,전북,김제시,김제,20.0,1.4,1.7,5,30,20.4,9824.0,1572.0,ssp585,2038,22.7,2.7,위험,786
감,전북,김제시,김제,20.0,1.4,1.7,5,30,20.4,9824.0,1572.0,ssp585,2048,23.35,3.35,위험,701
감,전북,김제시,김제,20.0,1.4,1.7,5,30,20.4,9824.0,1572.0,ssp585,2058,24.07,4.07,위험,628
감,전북,김제시,김제,20.0,1.4,1.7,5,30,20.4,9824.0,1572.0,ssp585,2068,24.83,4.83,위험,545
감,전북,김제시,김제,20.0,1.4,1.7,5,30,20.4,9824.0,1572.0,ssp585,2078,25.59,5.59,위험,475
감,전남,화순군,화순,20.0,1.4,1.7,5,30,30.7,6262.0,1479.0,관측,2005,20.17,0.17,경고,1090
감,전남,화순군,화순,20.0,1.4,1.7,5,30,30.7,6262.0,1479.0,ssp245,2028,22.31,2.31,위험,891
감,전남,화순군,화순,20.0,1.4,1.7,5,30,30.7,6262.0,1479.0,ssp245,2038,22.87,2.87,위험,838
감,전남,화순군,화순,20.0,1.4,1.7,5,30,30.7,6262.0,1479.0,ssp245,2048,23.4,3.4,위험,789
감,전남,화순군,화순,20.0,1.4,1.7,5,30,30.7,6262.0,1479.0,ssp245,2058,23.92,3.92,위험,747
감,전남,화순군,화순,20.0,1.4,1.7,5,30,30.7,6262.0,1479.0,ssp245,2068,24.31,4.31,위험,712
감,전남,화순군,화순,20.0,1.4,1.7,5,30,30.7,6262.0,1479.0,ssp245,2078,24.77,4.77,위험,657
감,전남,화순군,화순,20.0,1.4,1.7,5,30,30.7,6262.0,1479.0,ssp585,2028,22.49,2.49,위험,869
감,전남,화순군,화순,20.0,1.4,1.7,5,30,30.7,6262.0,1479.0,ssp585,2038,23.29,3.29,위험,784
감,전남,화순군,화순,20.0,1.4,1.7,5,30,30.7,6262.0,1479.0,ssp585,2048,24.15,4.15,위험,685
감,전남,화순군,화순,20.0,1.4,1.7,5,30,30.7,6262.0,1479.0,ssp585,2058,25.1,5.1,위험,601
감,전남,화순군,화순,20.0,1.4,1.7,5,30,30.7,6262.0,1479.0,ssp585,2068,26.08,6.08,위험,504
감,전남,화순군,화순,20.0,1.4,1.7,5,30,30.7,6262.0,1479.0,ssp585,2078,27.02,7.02,위험,421
감,경남,고성군,고성,20.0,1.4,1.7,5,30,24.6,7689.0,1407.0,관측,2005,20.56,0.56,경고,970
감,경남,고성군,고성,20.0,1.4,1.7,5,30,24.6,7689.0,1407.0,ssp245,2028,22.64,2.64,위험,789
감,경남,고성군,고성,20.0,1.4,1.7,5,30,24.6,7689.0,1407.0,ssp245,2038,23.23,3.23,위험,742
감,경남,고성군,고성,20.0,1.4,1.7,5,30,24.6,7689.0,1407.0,ssp245,2048,23.76,3.76,위험,698
감,경남,고성군,고성,20.0,1.4,1.7,5,30,24.6,7689.0,1407.0,ssp245,2058,24.26,4.26,위험,659
감,경남,고성군,고성,20.0,1.4,1.7,5,30,24.6,7689.0,1407.0,ssp245,2068,24.65,4.65,위험,631
감,경남,고성군,고성,20.0,1.4,1.7,5,30,24.6,7689.0,1407.0,ssp245,2078,25.07,5.07,위험,599
감,경남,고성군,고성,20.0,1.4,1.7,5,30,24.6,7689.0,1407.0,ssp585,2028,22.85,2.85,위험,799
감,경남,고성군,고성,20.0,1.4,1.7,5,30,24.6,7689.0,1407.0,ssp585,2038,23.64,3.64,위험,719
감,경남,고성군,고성,20.0,1.4,1.7,5,30,24.6,7689.0,1407.0,ssp585,2048,24.5,4.5,위험,633
감,경남,고성군,고성,20.0,1.4,1.7,5,30,24.6,7689.0,1407.0,ssp585,2058,25.45,5.45,위험,574
감,경남,고성군,고성,20.0,1.4,1.7,5,30,24.6,7689.0,1407.0,ssp585,2068,26.41,6.41,위험,487
감,경남,고성군,고성,20.0,1.4,1.7,5,30,24.6,7689.0,1407.0,ssp585,2078,27.33,7.33,위험,415
감,전북,무주군,무주,20.0,1.4,1.7,5,30,8.8,20455.0,1753.0,관측,2005,18.74,-1.26,적합,1473
감,전북,무주군,무주,20.0,1.4,1.7,5,30,8.8,20455.0,1753.0,ssp245,2028,20.49,0.49,경고,1263
감,전북,무주군,무주,20.0,1.4,1.7,5,30,8.8,20455.0,1753.0,ssp245,2038,20.96,0.96,경고,1208
감,전북,무주군,무주,20.0,1.4,1.7,5,30,8.8,20455.0,1753.0,ssp245,2048,21.41,1.41,주의,1162
감,전북,무주군,무주,20.0,1.4,1.7,5,30,8.8,20455.0,1753.0,ssp245,2058,21.84,1.84,위험,1121
감,전북,무주군,무주,20.0,1.4,1.7,5,30,8.8,20455.0,1753.0,ssp245,2068,22.15,2.15,위험,1089
감,전북,무주군,무주,20.0,1.4,1.7,5,30,8.8,20455.0,1753.0,ssp245,2078,22.5,2.5,위험,1038
감,전북,무주군,무주,20.0,1.4,1.7,5,30,8.8,20455.0,1753.0,ssp585,2028,20.72,0.72,경고,1255
감,전북,무주군,무주,20.0,1.4,1.7,5,30,8.8,20455.0,1753.0,ssp585,2038,21.37,1.37,경고,1169
감,전북,무주군,무주,20.0,1.4,1.7,5,30,8.8,20455.0,1753.0,ssp585,2048,22.09,2.09,위험,1078
감,전북,무주군,무주,20.0,1.4,1.7,5,30,8.8,20455.0,1753.0,ssp585,2058,22.9,2.9,위험,989
감,전북,무주군,무주,20.0,1.4,1.7,5,30,8.8,20455.0,1753.0,ssp585,2068,23.72,3.72,위험,871
감,전북,무주군,무주,20.0,1.4,1.7,5,30,8.8,20455.0,1753.0,ssp585,2078,24.54,4.54,위험,773
감,충남,보령시,보령,20.0,1.4,1.7,5,30,21.4,8052.0,1829.0,관측,2005,19.36,-0.64,적합,1034
감,충남,보령시,보령,20.0,1.4,1.7,5,30,21.4,8052.0,1829.0,ssp245,2028,21.33,1.33,경고,832
감,충남,보령시,보령,20.0,1.4,1.7,5,30,21.4,8052.0,1829.0,ssp245,2038,21.85,1.85,위험,777
감,충남,보령시,보령,20.0,1.4,1.7,5,30,21.4,8052.0,1829.0,ssp245,2048,22.33,2.33,위험,729
감,충남,보령시,보령,20.0,1.4,1.7,5,30,21.4,8052.0,1829.0,ssp245,2058,22.79,2.79,위험,688
감,충남,보령시,보령,20.0,1.4,1.7,5,30,21.4,8052.0,1829.0,ssp245,2068,23.14,3.14,위험,655
감,충남,보령시,보령,20.0,1.4,1.7,5,30,21.4,8052.0,1829.0,ssp245,2078,23.56,3.56,위험,618
감,충남,보령시,보령,20.0,1.4,1.7,5,30,21.4,8052.0,1829.0,ssp585,2028,21.49,1.49,주의,828
감,충남,보령시,보령,20.0,1.4,1.7,5,30,21.4,8052.0,1829.0,ssp585,2038,22.22,2.22,위험,740
감,충남,보령시,보령,20.0,1.4,1.7,5,30,21.4,8052.0,1829.0,ssp585,2048,23.0,3.0,위험,646
감,충남,보령시,보령,20.0,1.4,1.7,5,30,21.4,8052.0,1829.0,ssp585,2058,23.87,3.87,위험,583
감,충남,보령시,보령,20.0,1.4,1.7,5,30,21.4,8052.0,1829.0,ssp585,2068,24.8,4.8,위험,480
감,충남,보령시,보령,20.0,1.4,1.7,5,30,21.4,8052.0,1829.0,ssp585,2078,25.72,5.72,위험,397
감,경북,성주군,성주,20.0,1.4,1.7,5,30,8.8,18806.0,1391.0,관측,2005,20.03,0.03,경고,1356
감,경북,성주군,성주,20.0,1.4,1.7,5,30,8.8,18806.0,1391.0,ssp245,2028,21.81,1.81,위험,1183
감,경북,성주군,성주,20.0,1.4,1.7,5,30,8.8,18806.0,1391.0,ssp245,2038,22.3,2.3,위험,1139
감,경북,성주군,성주,20.0,1.4,1.7,5,30,8.8,18806.0,1391.0,ssp245,2048,22.76,2.76,위험,1097
감,경북,성주군,성주,20.0,1.4,1.7,5,30,8.8,18806.0,1391.0,ssp245,2058,23.18,3.18,위험,1063
감,경북,성주군,성주,20.0,1.4,1.7,5,30,8.8,18806.0,1391.0,ssp245,2068,23.51,3.51,위험,1035
감,경북,성주군,성주,20.0,1.4,1.7,5,30,8.8,18806.0,1391.0,ssp245,2078,23.86,3.86,위험,991
감,경북,성주군,성주,20.0,1.4,1.7,5,30,8.8,18806.0,1391.0,ssp585,2028,22.03,2.03,위험,1186
감,경북,성주군,성주,20.0,1.4,1.7,5,30,8.8,18806.0,1391.0,ssp585,2038,22.69,2.69,위험,1113
감,경북,성주군,성주,20.0,1.4,1.7,5,30,8.8,18806.0,1391.0,ssp585,2048,23.43,3.43,위험,1033
감,경북,성주군,성주,20.0,1.4,1.7,5,30,8.8,18806.0,1391.0,ssp585,2058,24.24,4.24,위험,957
감,경북,성주군,성주,20.0,1.4,1.7,5,30,8.8,18806.0,1391.0,ssp585,2068,25.07,5.07,위험,848
감,경북,성주군,성주,20.0,1.4,1.7,5,30,8.8,18806.0,1391.0,ssp585,2078,25.89,5.89,위험,757
감,전남,함평군,함평,20.0,1.4,1.7,5,30,18.9,8508.0,1661.0,관측,2005,20.37,0.37,경고,945
감,전남,함평군,함평,20.0,1.4,1.7,5,30,18.9,8508.0,1661.0,ssp245,2028,22.23,2.23,위험,774
감,전남,함평군,함평,20.0,1.4,1.7,5,30,18.9,8508.0,1661.0,ssp245,2038,22.72,2.72,위험,729
감,전남,함평군,함평,20.0,1.4,1.7,5,30,18.9,8508.0,1661.0,ssp245,2048,23.17,3.17,위험,685
감,전남,함평군,함평,20.0,1.4,1.7,5,30,18.9,8508.0,1661.0,ssp245,2058,23.59,3.59,위험,647
감,전남,함평군,함평,20.0,1.4,1.7,5,30,18.9,8508.0,1661.0,ssp245,2068,23.93,3.93,위험,617
감,전남,함평군,함평,20.0,1.4,1.7,5,30,18.9,8508.0,1661.0,ssp245,2078,24.31,4.31,위험,585
감,전남,함평군,함평,20.0,1.4,1.7,5,30,18.9,8508.0,1661.0,ssp585,2028,22.39,2.39,위험,766
감,전남,함평군,함평,20.0,1.4,1.7,5,30,18.9,8508.0,1661.0,ssp585,2038,23.08,3.08,위험,690
감,전남,함평군,함평,20.0,1.4,1.7,5,30,18.9,8508.0,1661.0,ssp585,2048,23.79,3.79,위험,605
감,전남,함평군,함평,20.0,1.4,1.7,5,30,18.9,8508.0,1661.0,ssp585,2058,24.6,4.6,위험,548
감,전남,함평군,함평,20.0,1.4,1.7,5,30,18.9,8508.0,1661.0,ssp585,2068,25.46,5.46,위험,461
감,전남,함평군,함평,20.0,1.4,1.7,5,30,18.9,8508.0,1661.0,ssp585,2078,26.29,6.29,위험,386
감,강원,삼척시,삼척,20.0,1.4,1.7,5,30,25.9,6116.0,1701.0,관측,2005,19.36,-0.64,적합,828
감,강원,삼척시,삼척,20.0,1.4,1.7,5,30,25.9,6116.0,1701.0,ssp245,2028,21.32,1.32,경고,607
감,강원,삼척시,삼척,20.0,1.4,1.7,5,30,25.9,6116.0,1701.0,ssp245,2038,21.85,1.85,위험,564
감,강원,삼척시,삼척,20.0,1.4,1.7,5,30,25.9,6116.0,1701.0,ssp245,2048,22.28,2.28,위험,528
감,강원,삼척시,삼척,20.0,1.4,1.7,5,30,25.9,6116.0,1701.0,ssp245,2058,22.8,2.8,위험,490
감,강원,삼척시,삼척,20.0,1.4,1.7,5,30,25.9,6116.0,1701.0,ssp245,2068,23.13,3.13,위험,470
감,강원,삼척시,삼척,20.0,1.4,1.7,5,30,25.9,6116.0,1701.0,ssp245,2078,23.54,3.54,위험,433
감,강원,삼척시,삼척,20.0,1.4,1.7,5,30,25.9,6116.0,1701.0,ssp585,2028,21.38,1.38,경고,654
감,강원,삼척시,삼척,20.0,1.4,1.7,5,30,25.9,6116.0,1701.0,ssp585,2038,22.12,2.12,위험,573
감,강원,삼척시,삼척,20.0,1.4,1.7,5,30,25.9,6116.0,1701.0,ssp585,2048,22.92,2.92,위험,499
감,강원,삼척시,삼척,20.0,1.4,1.7,5,30,25.9,6116.0,1701.0,ssp585,2058,23.83,3.83,위험,423
감,강원,삼척시,삼척,20.0,1.4,1.7,5,30,25.9,6116.0,1701.0,ssp585,2068,24.8,4.8,위험,321
감,강원,삼척시,삼척,20.0,1.4,1.7,5,30,25.9,6116.0,1701.0,ssp585,2078,25.73,5.73,위험,240
감,경북,칠곡군,칠곡,20.0,1.4,1.7,5,30,24.2,6307.0,1808.0,관측,2005,20.33,0.33,경고,1232
감,경북,칠곡군,칠곡,20.0,1.4,1.7,5,30,24.2,6307.0,1808.0,ssp245,2028,22.17,2.17,위험,1060
감,경북,칠곡군,칠곡,20.0,1.4,1.7,5,30,24.2,6307.0,1808.0,ssp245,2038,22.66,2.66,위험,1017
감,경북,칠곡군,칠곡,20.0,1.4,1.7,5,30,24.2,6307.0,1808.0,ssp245,2048,23.13,3.13,위험,976
감,경북,칠곡군,칠곡,20.0,1.4,1.7,5,30,24.2,6307.0,1808.0,ssp245,2058,23.57,3.57,위험,941
감,경북,칠곡군,칠곡,20.0,1.4,1.7,5,30,24.2,6307.0,1808.0,ssp245,2068,23.89,3.89,위험,912
감,경북,칠곡군,칠곡,20.0,1.4,1.7,5,30,24.2,6307.0,1808.0,ssp245,2078,24.27,4.27,위험,868
감,경북,칠곡군,칠곡,20.0,1.4,1.7,5,30,24.2,6307.0,1808.0,ssp585,2028,22.36,2.36,위험,1060
감,경북,칠곡군,칠곡,20.0,1.4,1.7,5,30,24.2,6307.0,1808.0,ssp585,2038,23.03,3.03,위험,986
감,경북,칠곡군,칠곡,20.0,1.4,1.7,5,30,24.2,6307.0,1808.0,ssp585,2048,23.77,3.77,위험,909
감,경북,칠곡군,칠곡,20.0,1.4,1.7,5,30,24.2,6307.0,1808.0,ssp585,2058,24.59,4.59,위험,832
감,경북,칠곡군,칠곡,20.0,1.4,1.7,5,30,24.2,6307.0,1808.0,ssp585,2068,25.46,5.46,위험,723
감,경북,칠곡군,칠곡,20.0,1.4,1.7,5,30,24.2,6307.0,1808.0,ssp585,2078,26.31,6.31,위험,631
감,전북,익산시,익산,20.0,1.4,1.7,5,30,24.3,5626.0,1614.0,관측,2005,20.13,0.13,경고,1144
감,전북,익산시,익산,20.0,1.4,1.7,5,30,24.3,5626.0,1614.0,ssp245,2028,21.82,1.82,위험,963
감,전북,익산시,익산,20.0,1.4,1.7,5,30,24.3,5626.0,1614.0,ssp245,2038,22.28,2.28,위험,914
감,전북,익산시,익산,20.0,1.4,1.7,5,30,24.3,5626.0,1614.0,ssp245,2048,22.7,2.7,위험,871
감,전북,익산시,익산,20.0,1.4,1.7,5,30,24.3,5626.0,1614.0,ssp245,2058,23.1,3.1,위험,834
감,전북,익산시,익산,20.0,1.4,1.7,5,30,24.3,5626.0,1614.0,ssp245,2068,23.39,3.39,위험,803
감,전북,익산시,익산,20.0,1.4,1.7,5,30,24.3,5626.0,1614.0,ssp245,2078,23.75,3.75,위험,754
감,전북,익산시,익산,20.0,1.4,1.7,5,30,24.3,5626.0,1614.0,ssp585,2028,22.02,2.02,위험,955
감,전북,익산시,익산,20.0,1.4,1.7,5,30,24.3,5626.0,1614.0,ssp585,2038,22.64,2.64,위험,876
감,전북,익산시,익산,20.0,1.4,1.7,5,30,24.3,5626.0,1614.0,ssp585,2048,23.32,3.32,위험,789
감,전북,익산시,익산,20.0,1.4,1.7,5,30,24.3,5626.0,1614.0,ssp585,2058,24.06,4.06,위험,710
감,전북,익산시,익산,20.0,1.4,1.7,5,30,24.3,5626.0,1614.0,ssp585,2068,24.86,4.86,위험,602
감,전북,익산시,익산,20.0,1.4,1.7,5,30,24.3,5626.0,1614.0,ssp585,2078,25.65,5.65,위험,530
감,충남,서천군,서천,20.0,1.4,1.7,5,30,5.2,25573.0,1792.0,관측,2005,19.41,-0.59,적합,1180
감,충남,서천군,서천,20.0,1.4,1.7,5,30,5.2,25573.0,1792.0,ssp245,2028,21.0,1.0,경고,1011
감,충남,서천군,서천,20.0,1.4,1.7,5,30,5.2,25573.0,1792.0,ssp245,2038,21.42,1.42,주의,965
감,충남,서천군,서천,20.0,1.4,1.7,5,30,5.2,25573.0,1792.0,ssp245,2048,21.81,1.81,위험,924
감,충남,서천군,서천,20.0,1.4,1.7,5,30,5.2,25573.0,1792.0,ssp245,2058,22.18,2.18,위험,892
감,충남,서천군,서천,20.0,1.4,1.7,5,30,5.2,25573.0,1792.0,ssp245,2068,22.46,2.46,위험,863
감,충남,서천군,서천,20.0,1.4,1.7,5,30,5.2,25573.0,1792.0,ssp245,2078,22.8,2.8,위험,819
감,충남,서천군,서천,20.0,1.4,1.7,5,30,5.2,25573.0,1792.0,ssp585,2028,21.14,1.14,경고,1014
감,충남,서천군,서천,20.0,1.4,1.7,5,30,5.2,25573.0,1792.0,ssp585,2038,21.72,1.72,위험,940
감,충남,서천군,서천,20.0,1.4,1.7,5,30,5.2,25573.0,1792.0,ssp585,2048,22.35,2.35,위험,860
감,충남,서천군,서천,20.0,1.4,1.7,5,30,5.2,25573.0,1792.0,ssp585,2058,23.05,3.05,위험,790
감,충남,서천군,서천,20.0,1.4,1.7,5,30,5.2,25573.0,1792.0,ssp585,2068,23.8,3.8,위험,685
감,충남,서천군,서천,20.0,1.4,1.7,5,30,5.2,25573.0,1792.0,ssp585,2078,24.54,4.54,위험,600
감,인천,강화군,강화,20.0,1.4,1.7,5,30,21.6,5603.0,1543.0,관측,2005,18.5,-1.5,적합,1421
감,인천,강화군,강화,20.0,1.4,1.7,5,30,21.6,5603.0,1543.0,ssp245,2028,20.07,0.07,경고,1215
감,인천,강화군,강화,20.0,1.4,1.7,5,30,21.6,5603.0,1543.0,ssp245,2038,20.5,0.5,경고,1166
감,인천,강화군,강화,20.0,1.4,1.7,5,30,21.6,5603.0,1543.0,ssp245,2048,20.89,0.89,경고,1117
감,인천,강화군,강화,20.0,1.4,1.7,5,30,21.6,5603.0,1543.0,ssp245,2058,21.25,1.25,경고,1080
감,인천,강화군,강화,20.0,1.4,1.7,5,30,21.6,5603.0,1543.0,ssp245,2068,21.52,1.52,주의,1048
감,인천,강화군,강화,20.0,1.4,1.7,5,30,21.6,5603.0,1543.0,ssp245,2078,21.88,1.88,위험,998
감,인천,강화군,강화,20.0,1.4,1.7,5,30,21.6,5603.0,1543.0,ssp585,2028,20.21,0.21,경고,1194
감,인천,강화군,강화,20.0,1.4,1.7,5,30,21.6,5603.0,1543.0,ssp585,2038,20.83,0.83,경고,1116
감,인천,강화군,강화,20.0,1.4,1.7,5,30,21.6,5603.0,1543.0,ssp585,2048,21.44,1.44,주의,1028
감,인천,강화군,강화,20.0,1.4,1.7,5,30,21.6,5603.0,1543.0,ssp585,2058,22.18,2.18,위험,944
감,인천,강화군,강화,20.0,1.4,1.7,5,30,21.6,5603.0,1543.0,ssp585,2068,22.98,2.98,위험,823
감,인천,강화군,강화,20.0,1.4,1.7,5,30,21.6,5603.0,1543.0,ssp585,2078,23.77,3.77,위험,722
감,경북,경주시,경주,20.0,1.4,1.7,5,30,8.4,13337.0,1531.0,관측,2005,19.94,-0.06,적합,1108
감,경북,경주시,경주,20.0,1.4,1.7,5,30,8.4,13337.0,1531.0,ssp245,2028,22.29,2.29,위험,920
감,경북,경주시,경주,20.0,1.4,1.7,5,30,8.4,13337.0,1531.0,ssp245,2038,22.93,2.93,위험,874
감,경북,경주시,경주,20.0,1.4,1.7,5,30,8.4,13337.0,1531.0,ssp245,2048,23.5,3.5,위험,827
감,경북,경주시,경주,20.0,1.4,1.7,5,30,8.4,13337.0,1531.0,ssp245,2058,24.08,4.08,위험,788
감,경북,경주시,경주,20.0,1.4,1.7,5,30,8.4,13337.0,1531.0,ssp245,2068,24.49,4.49,위험,762
감,경북,경주시,경주,20.0,1.4,1.7,5,30,8.4,13337.0,1531.0,ssp245,2078,24.96,4.96,위험,718
감,경북,경주시,경주,20.0,1.4,1.7,5,30,8.4,13337.0,1531.0,ssp585,2028,22.43,2.43,위험,953
감,경북,경주시,경주,20.0,1.4,1.7,5,30,8.4,13337.0,1531.0,ssp585,2038,23.32,3.32,위험,873
감,경북,경주시,경주,20.0,1.4,1.7,5,30,8.4,13337.0,1531.0,ssp585,2048,24.3,4.3,위험,787
감,경북,경주시,경주,20.0,1.4,1.7,5,30,8.4,13337.0,1531.0,ssp585,2058,25.35,5.35,위험,701
감,경북,경주시,경주,20.0,1.4,1.7,5,30,8.4,13337.0,1531.0,ssp585,2068,26.44,6.44,위험,597
감,경북,경주시,경주,20.0,1.4,1.7,5,30,8.4,13337.0,1531.0,ssp585,2078,27.47,7.47,위험,520
감,경남,양산시,양산,20.0,1.4,1.7,5,30,8.8,11657.0,1850.0,관측,2005,21.23,1.23,경고,811
감,경남,양산시,양산,20.0,1.4,1.7,5,30,8.8,11657.0,1850.0,ssp245,2028,23.65,3.65,위험,615
감,경남,양산시,양산,20.0,1.4,1.7,5,30,8.8,11657.0,1850.0,ssp245,2038,24.34,4.34,위험,578
감,경남,양산시,양산,20.0,1.4,1.7,5,30,8.8,11657.0,1850.0,ssp245,2048,24.88,4.88,위험,543
감,경남,양산시,양산,20.0,1.4,1.7,5,30,8.8,11657.0,1850.0,ssp245,2058,25.5,5.5,위험,509
감,경남,양산시,양산,20.0,1.4,1.7,5,30,8.8,11657.0,1850.0,ssp245,2068,25.94,5.94,위험,494
감,경남,양산시,양산,20.0,1.4,1.7,5,30,8.8,11657.0,1850.0,ssp245,2078,26.45,6.45,위험,460
감,경남,양산시,양산,20.0,1.4,1.7,5,30,8.8,11657.0,1850.0,ssp585,2028,23.81,3.81,위험,647
감,경남,양산시,양산,20.0,1.4,1.7,5,30,8.8,11657.0,1850.0,ssp585,2038,24.72,4.72,위험,584
감,경남,양산시,양산,20.0,1.4,1.7,5,30,8.8,11657.0,1850.0,ssp585,2048,25.71,5.71,위험,515
감,경남,양산시,양산,20.0,1.4,1.7,5,30,8.8,11657.0,1850.0,ssp585,2058,26.83,6.83,위험,448
감,경남,양산시,양산,20.0,1.4,1.7,5,30,8.8,11657.0,1850.0,ssp585,2068,27.95,7.95,위험,348
감,경남,양산시,양산,20.0,1.4,1.7,5,30,8.8,11657.0,1850.0,ssp585,2078,29.04,9.04,위험,264
감,충남,청양군,청양,20.0,1.4,1.7,5,30,6.6,15242.0,1331.0,관측,2005,18.89,-1.11,적합,1457
감,충남,청양군,청양,20.0,1.4,1.7,5,30,6.6,15242.0,1331.0,ssp245,2028,20.83,0.83,경고,1260
감,충남,청양군,청양,20.0,1.4,1.7,5,30,6.6,15242.0,1331.0,ssp245,2038,21.34,1.34,경고,1207
감,충남,청양군,청양,20.0,1.4,1.7,5,30,6.6,15242.0,1331.0,ssp245,2048,21.81,1.81,위험,1161
감,충남,청양군,청양,20.0,1.4,1.7,5,30,6.6,15242.0,1331.0,ssp245,2058,22.26,2.26,위험,1121
감,충남,청양군,청양,20.0,1.4,1.7,5,30,6.6,15242.0,1331.0,ssp245,2068,22.6,2.6,위험,1083
감,충남,청양군,청양,20.0,1.4,1.7,5,30,6.6,15242.0,1331.0,ssp245,2078,23.0,3.0,위험,1032
감,충남,청양군,청양,20.0,1.4,1.7,5,30,6.6,15242.0,1331.0,ssp585,2028,21.0,1.0,경고,1261
감,충남,청양군,청양,20.0,1.4,1.7,5,30,6.6,15242.0,1331.0,ssp585,2038,21.71,1.71,위험,1176
감,충남,청양군,청양,20.0,1.4,1.7,5,30,6.6,15242.0,1331.0,ssp585,2048,22.47,2.47,위험,1081
감,충남,청양군,청양,20.0,1.4,1.7,5,30,6.6,15242.0,1331.0,ssp585,2058,23.32,3.32,위험,998
감,충남,청양군,청양,20.0,1.4,1.7,5,30,6.6,15242.0,1331.0,ssp585,2068,24.22,4.22,위험,869
감,충남,청양군,청양,20.0,1.4,1.7,5,30,6.6,15242.0,1331.0,ssp585,2078,25.13,5.13,위험,756
감,충북,괴산군,괴산,20.0,1.4,1.7,5,30,4.4,22339.0,1449.0,관측,2005,18.76,-1.24,적합,1567
감,충북,괴산군,괴산,20.0,1.4,1.7,5,30,4.4,22339.0,1449.0,ssp245,2028,20.26,0.26,경고,1369
감,충북,괴산군,괴산,20.0,1.4,1.7,5,30,4.4,22339.0,1449.0,ssp245,2038,20.65,0.65,경고,1321
감,충북,괴산군,괴산,20.0,1.4,1.7,5,30,4.4,22339.0,1449.0,ssp245,2048,21.01,1.01,경고,1277
감,충북,괴산군,괴산,20.0,1.4,1.7,5,30,4.4,22339.0,1449.0,ssp245,2058,21.37,1.37,경고,1236
감,충북,괴산군,괴산,20.0,1.4,1.7,5,30,4.4,22339.0,1449.0,ssp245,2068,21.64,1.64,주의,1202
감,충북,괴산군,괴산,20.0,1.4,1.7,5,30,4.4,22339.0,1449.0,ssp245,2078,21.95,1.95,위험,1157
감,충북,괴산군,괴산,20.0,1.4,1.7,5,30,4.4,22339.0,1449.0,ssp585,2028,20.45,0.45,경고,1362
감,충북,괴산군,괴산,20.0,1.4,1.7,5,30,4.4,22339.0,1449.0,ssp585,2038,20.99,0.99,경고,1282
감,충북,괴산군,괴산,20.0,1.4,1.7,5,30,4.4,22339.0,1449.0,ssp585,2048,21.58,1.58,주의,1195
감,충북,괴산군,괴산,20.0,1.4,1.7,5,30,4.4,22339.0,1449.0,ssp585,2058,22.26,2.26,위험,1111
감,충북,괴산군,괴산,20.0,1.4,1.7,5,30,4.4,22339.0,1449.0,ssp585,2068,23.0,3.0,위험,999
감,충북,괴산군,괴산,20.0,1.4,1.7,5,30,4.4,22339.0,1449.0,ssp585,2078,23.74,3.74,위험,906
감,전북,군산시,군산,20.0,1.4,1.7,5,30,3.2,29655.0,1954.0,관측,2005,19.71,-0.29,적합,960
감,전북,군산시,군산,20.0,1.4,1.7,5,30,3.2,29655.0,1954.0,ssp245,2028,21.2,1.2,경고,798
감,전북,군산시,군산,20.0,1.4,1.7,5,30,3.2,29655.0,1954.0,ssp245,2038,21.6,1.6,주의,756
감,전북,군산시,군산,20.0,1.4,1.7,5,30,3.2,29655.0,1954.0,ssp245,2048,21.96,1.96,위험,717
감,전북,군산시,군산,20.0,1.4,1.7,5,30,3.2,29655.0,1954.0,ssp245,2058,22.31,2.31,위험,684
감,전북,군산시,군산,20.0,1.4,1.7,5,30,3.2,29655.0,1954.0,ssp245,2068,22.57,2.57,위험,656
감,전북,군산시,군산,20.0,1.4,1.7,5,30,3.2,29655.0,1954.0,ssp245,2078,22.89,2.89,위험,628
감,전북,군산시,군산,20.0,1.4,1.7,5,30,3.2,29655.0,1954.0,ssp585,2028,21.33,1.33,경고,800
감,전북,군산시,군산,20.0,1.4,1.7,5,30,3.2,29655.0,1954.0,ssp585,2038,21.88,1.88,위험,731
감,전북,군산시,군산,20.0,1.4,1.7,5,30,3.2,29655.0,1954.0,ssp585,2048,22.47,2.47,위험,655
감,전북,군산시,군산,20.0,1.4,1.7,5,30,3.2,29655.0,1954.0,ssp585,2058,23.14,3.14,위험,602
감,전북,군산시,군산,20.0,1.4,1.7,5,30,3.2,29655.0,1954.0,ssp585,2068,23.85,3.85,위험,528
감,전북,군산시,군산,20.0,1.4,1.7,5,30,3.2,29655.0,1954.0,ssp585,2078,24.57,4.57,위험,467
감,강원,양양군,양양,20.0,1.4,1.7,5,30,18.3,4603.0,1714.0,관측,2005,19.11,-0.89,적합,951
감,강원,양양군,양양,20.0,1.4,1.7,5,30,18.3,4603.0,1714.0,ssp245,2028,21.09,1.09,경고,732
감,강원,양양군,양양,20.0,1.4,1.7,5,30,18.3,4603.0,1714.0,ssp245,2038,21.58,1.58,주의,684
감,강원,양양군,양양,20.0,1.4,1.7,5,30,18.3,4603.0,1714.0,ssp245,2048,22.06,2.06,위험,632
감,강원,양양군,양양,20.0,1.4,1.7,5,30,18.3,4603.0,1714.0,ssp245,2058,22.54,2.54,위험,591
감,강원,양양군,양양,20.0,1.4,1.7,5,30,18.3,4603.0,1714.0,ssp245,2068,22.83,2.83,위험,565
감,강원,양양군,양양,20.0,1.4,1.7,5,30,18.3,4603.0,1714.0,ssp245,2078,23.24,3.24,위험,524
감,강원,양양군,양양,20.0,1.4,1.7,5,30,18.3,4603.0,1714.0,ssp585,2028,21.14,1.14,경고,764
감,강원,양양군,양양,20.0,1.4,1.7,5,30,18.3,4603.0,1714.0,ssp585,2038,21.85,1.85,위험,680
감,강원,양양군,양양,20.0,1.4,1.7,5,30,18.3,4603.0,1714.0,ssp585,2048,22.62,2.62,위험,590
감,강원,양양군,양양,20.0,1.4,1.7,5,30,18.3,4603.0,1714.0,ssp585,2058,23.5,3.5,위험,516
감,강원,양양군,양양,20.0,1.4,1.7,5,30,18.3,4603.0,1714.0,ssp585,2068,24.47,4.47,위험,413
감,강원,양양군,양양,20.0,1.4,1.7,5,30,18.3,4603.0,1714.0,ssp585,2078,25.41,5.41,위험,331
감,경남,창녕군,창녕,20.0,1.4,1.7,5,30,11.6,7036.0,1547.0,관측,2005,20.59,0.59,경고,1304
감,경남,창녕군,창녕,20.0,1.4,1.7,5,30,11.6,7036.0,1547.0,ssp245,2028,22.51,2.51,위험,1132
감,경남,창녕군,창녕,20.0,1.4,1.7,5,30,11.6,7036.0,1547.0,ssp245,2038,23.04,3.04,위험,1087
감,경남,창녕군,창녕,20.0,1.4,1.7,5,30,11.6,7036.0,1547.0,ssp245,2048,23.52,3.52,위험,1044
감,경남,창녕군,창녕,20.0,1.4,1.7,5,30,11.6,7036.0,1547.0,ssp245,2058,23.99,3.99,위험,1008
감,경남,창녕군,창녕,20.0,1.4,1.7,5,30,11.6,7036.0,1547.0,ssp245,2068,24.34,4.34,위험,979
감,경남,창녕군,창녕,20.0,1.4,1.7,5,30,11.6,7036.0,1547.0,ssp245,2078,24.73,4.73,위험,933
감,경남,창녕군,창녕,20.0,1.4,1.7,5,30,11.6,7036.0,1547.0,ssp585,2028,22.7,2.7,위험,1142
감,경남,창녕군,창녕,20.0,1.4,1.7,5,30,11.6,7036.0,1547.0,ssp585,2038,23.41,3.41,위험,1067
감,경남,창녕군,창녕,20.0,1.4,1.7,5,30,11.6,7036.0,1547.0,ssp585,2048,24.19,4.19,위험,986
감,경남,창녕군,창녕,20.0,1.4,1.7,5,30,11.6,7036.0,1547.0,ssp585,2058,25.07,5.07,위험,905
감,경남,창녕군,창녕,20.0,1.4,1.7,5,30,11.6,7036.0,1547.0,ssp585,2068,25.97,5.97,위험,788
감,경남,창녕군,창녕,20.0,1.4,1.7,5,30,11.6,7036.0,1547.0,ssp585,2078,26.83,6.83,위험,687
감,경북,울진군,울진,20.0,1.4,1.7,5,30,13.6,5691.0,1434.0,관측,2005,18.56,-1.44,적합,900
감,경북,울진군,울진,20.0,1.4,1.7,5,30,13.6,5691.0,1434.0,ssp245,2028,20.67,0.67,경고,702
감,경북,울진군,울진,20.0,1.4,1.7,5,30,13.6,5691.0,1434.0,ssp245,2038,21.25,1.25,경고,658
감,경북,울진군,울진,20.0,1.4,1.7,5,30,13.6,5691.0,1434.0,ssp245,2048,21.75,1.75,위험,612
감,경북,울진군,울진,20.0,1.4,1.7,5,30,13.6,5691.0,1434.0,ssp245,2058,22.34,2.34,위험,570
감,경북,울진군,울진,20.0,1.4,1.7,5,30,13.6,5691.0,1434.0,ssp245,2068,22.71,2.71,위험,545
감,경북,울진군,울진,20.0,1.4,1.7,5,30,13.6,5691.0,1434.0,ssp245,2078,23.17,3.17,위험,512
감,경북,울진군,울진,20.0,1.4,1.7,5,30,13.6,5691.0,1434.0,ssp585,2028,20.8,0.8,경고,730
감,경북,울진군,울진,20.0,1.4,1.7,5,30,13.6,5691.0,1434.0,ssp585,2038,21.61,1.61,주의,650
감,경북,울진군,울진,20.0,1.4,1.7,5,30,13.6,5691.0,1434.0,ssp585,2048,22.51,2.51,위험,562
감,경북,울진군,울진,20.0,1.4,1.7,5,30,13.6,5691.0,1434.0,ssp585,2058,23.52,3.52,위험,493
감,경북,울진군,울진,20.0,1.4,1.7,5,30,13.6,5691.0,1434.0,ssp585,2068,24.61,4.61,위험,398
감,경북,울진군,울진,20.0,1.4,1.7,5,30,13.6,5691.0,1434.0,ssp585,2078,25.64,5.64,위험,321
감,경북,영주시,영주,20.0,1.4,1.7,5,30,3.3,21413.0,2000.0,관측,2005,18.67,-1.33,적합,1400
감,경북,영주시,영주,20.0,1.4,1.7,5,30,3.3,21413.0,2000.0,ssp245,2028,20.39,0.39,경고,1191
감,경북,영주시,영주,20.0,1.4,1.7,5,30,3.3,21413.0,2000.0,ssp245,2038,20.82,0.82,경고,1143
감,경북,영주시,영주,20.0,1.4,1.7,5,30,3.3,21413.0,2000.0,ssp245,2048,21.24,1.24,경고,1097
감,경북,영주시,영주,20.0,1.4,1.7,5,30,3.3,21413.0,2000.0,ssp245,2058,21.64,1.64,주의,1052
감,경북,영주시,영주,20.0,1.4,1.7,5,30,3.3,21413.0,2000.0,ssp245,2068,21.93,1.93,위험,1014
감,경북,영주시,영주,20.0,1.4,1.7,5,30,3.3,21413.0,2000.0,ssp245,2078,22.29,2.29,위험,965
감,경북,영주시,영주,20.0,1.4,1.7,5,30,3.3,21413.0,2000.0,ssp585,2028,20.55,0.55,경고,1193
감,경북,영주시,영주,20.0,1.4,1.7,5,30,3.3,21413.0,2000.0,ssp585,2038,21.16,1.16,경고,1108
감,경북,영주시,영주,20.0,1.4,1.7,5,30,3.3,21413.0,2000.0,ssp585,2048,21.81,1.81,위험,1018
감,경북,영주시,영주,20.0,1.4,1.7,5,30,3.3,21413.0,2000.0,ssp585,2058,22.57,2.57,위험,928
감,경북,영주시,영주,20.0,1.4,1.7,5,30,3.3,21413.0,2000.0,ssp585,2068,23.39,3.39,위험,808
감,경북,영주시,영주,20.0,1.4,1.7,5,30,3.3,21413.0,2000.0,ssp585,2078,24.21,4.21,위험,706
감,충남,예산군,예산,20.0,1.4,1.7,5,30,8.5,8221.0,1427.0,관측,2005,19.93,-0.07,적합,1277
감,충남,예산군,예산,20.0,1.4,1.7,5,30,8.5,8221.0,1427.0,ssp245,2028,21.64,1.64,주의,1094
감,충남,예산군,예산,20.0,1.4,1.7,5,30,8.5,8221.0,1427.0,ssp245,2038,22.1,2.1,위험,1046
감,충남,예산군,예산,20.0,1.4,1.7,5,30,8.5,8221.0,1427.0,ssp245,2048,22.51,2.51,위험,1002
감,충남,예산군,예산,20.0,1.4,1.7,5,30,8.5,8221.0,1427.0,ssp245,2058,22.92,2.92,위험,965
감,충남,예산군,예산,20.0,1.4,1.7,5,30,8.5,8221.0,1427.0,ssp245,2068,23.22,3.22,위험,931
감,충남,예산군,예산,20.0,1.4,1.7,5,30,8.5,8221.0,1427.0,ssp245,2078,23.58,3.58,위험,884
감,충남,예산군,예산,20.0,1.4,1.7,5,30,8.5,8221.0,1427.0,ssp585,2028,21.78,1.78,위험,1098
감,충남,예산군,예산,20.0,1.4,1.7,5,30,8.5,8221.0,1427.0,ssp585,2038,22.42,2.42,위험,1020
감,충남,예산군,예산,20.0,1.4,1.7,5,30,8.5,8221.0,1427.0,ssp585,2048,23.1,3.1,위험,932
감,충남,예산군,예산,20.0,1.4,1.7,5,30,8.5,8221.0,1427.0,ssp585,2058,23.86,3.86,위험,856
감,충남,예산군,예산,20.0,1.4,1.7,5,30,8.5,8221.0,1427.0,ssp585,2068,24.68,4.68,위험,737
감,충남,예산군,예산,20.0,1.4,1.7,5,30,8.5,8221.0,1427.0,ssp585,2078,25.51,5.51,위험,638
감,전남,고흥군,고흥,20.0,1.4,1.7,5,30,8.0,8158.0,1454.0,관측,2005,19.84,-0.16,적합,981
감,전남,고흥군,고흥,20.0,1.4,1.7,5,30,8.0,8158.0,1454.0,ssp245,2028,21.72,1.72,위험,799
감,전남,고흥군,고흥,20.0,1.4,1.7,5,30,8.0,8158.0,1454.0,ssp245,2038,22.22,2.22,위험,749
감,전남,고흥군,고흥,20.0,1.4,1.7,5,30,8.0,8158.0,1454.0,ssp245,2048,22.67,2.67,위험,705
감,전남,고흥군,고흥,20.0,1.4,1.7,5,30,8.0,8158.0,1454.0,ssp245,2058,23.15,3.15,위험,663
감,전남,고흥군,고흥,20.0,1.4,1.7,5,30,8.0,8158.0,1454.0,ssp245,2068,23.51,3.51,위험,632
감,전남,고흥군,고흥,20.0,1.4,1.7,5,30,8.0,8158.0,1454.0,ssp245,2078,23.9,3.9,위험,588
감,전남,고흥군,고흥,20.0,1.4,1.7,5,30,8.0,8158.0,1454.0,ssp585,2028,21.88,1.88,위험,795
감,전남,고흥군,고흥,20.0,1.4,1.7,5,30,8.0,8158.0,1454.0,ssp585,2038,22.6,2.6,위험,716
감,전남,고흥군,고흥,20.0,1.4,1.7,5,30,8.0,8158.0,1454.0,ssp585,2048,23.38,3.38,위험,625
감,전남,고흥군,고흥,20.0,1.4,1.7,5,30,8.0,8158.0,1454.0,ssp585,2058,24.23,4.23,위험,553
감,전남,고흥군,고흥,20.0,1.4,1.7,5,30,8.0,8158.0,1454.0,ssp585,2068,25.11,5.11,위험,466
감,전남,고흥군,고흥,20.0,1.4,1.7,5,30,8.0,8158.0,1454.0,ssp585,2078,25.96,5.96,위험,392
감,강원,동해시,동해,20.0,1.4,1.7,5,30,9.9,5607.0,1803.0,관측,2005,18.66,-1.34,적합,867
감,강원,동해시,동해,20.0,1.4,1.7,5,30,9.9,5607.0,1803.0,ssp245,2028,20.6,0.6,경고,662
감,강원,동해시,동해,20.0,1.4,1.7,5,30,9.9,5607.0,1803.0,ssp245,2038,21.13,1.13,경고,617
감,강원,동해시,동해,20.0,1.4,1.7,5,30,9.9,5607.0,1803.0,ssp245,2048,21.55,1.55,주의,575
감,강원,동해시,동해,20.0,1.4,1.7,5,30,9.9,5607.0,1803.0,ssp245,2058,22.07,2.07,위험,543
감,강원,동해시,동해,20.0,1.4,1.7,5,30,9.9,5607.0,1803.0,ssp245,2068,22.37,2.37,위험,527
감,강원,동해시,동해,20.0,1.4,1.7,5,30,9.9,5607.0,1803.0,ssp245,2078,22.77,2.77,위험,492
감,강원,동해시,동해,20.0,1.4,1.7,5,30,9.9,5607.0,1803.0,ssp585,2028,20.63,0.63,경고,708
감,강원,동해시,동해,20.0,1.4,1.7,5,30,9.9,5607.0,1803.0,ssp585,2038,21.38,1.38,경고,629
감,강원,동해시,동해,20.0,1.4,1.7,5,30,9.9,5607.0,1803.0,ssp585,2048,22.17,2.17,위험,553
감,강원,동해시,동해,20.0,1.4,1.7,5,30,9.9,5607.0,1803.0,ssp585,2058,23.06,3.06,위험,485
감,강원,동해시,동해,20.0,1.4,1.7,5,30,9.9,5607.0,1803.0,ssp585,2068,24.02,4.02,위험,392
감,강원,동해시,동해,20.0,1.4,1.7,5,30,9.9,5607.0,1803.0,ssp585,2078,24.94,4.94,위험,318
감,경기,김포시,김포,20.0,1.4,1.7,5,30,1.5,36921.0,1968.0,관측,2005,19.39,-0.61,적합,1353
감,경기,김포시,김포,20.0,1.4,1.7,5,30,1.5,36921.0,1968.0,ssp245,2028,20.69,0.69,경고,1169
감,경기,김포시,김포,20.0,1.4,1.7,5,30,1.5,36921.0,1968.0,ssp245,2038,21.04,1.04,경고,1124
감,경기,김포시,김포,20.0,1.4,1.7,5,30,1.5,36921.0,1968.0,ssp245,2048,21.36,1.36,경고,1080
감,경기,김포시,김포,20.0,1.4,1.7,5,30,1.5,36921.0,1968.0,ssp245,2058,21.67,1.67,주의,1047
감,경기,김포시,김포,20.0,1.4,1.7,5,30,1.5,36921.0,1968.0,ssp245,2068,21.91,1.91,위험,1018
감,경기,김포시,김포,20.0,1.4,1.7,5,30,1.5,36921.0,1968.0,ssp245,2078,22.21,2.21,위험,974
감,경기,김포시,김포,20.0,1.4,1.7,5,30,1.5,36921.0,1968.0,ssp585,2028,20.79,0.79,경고,1168
감,경기,김포시,김포,20.0,1.4,1.7,5,30,1.5,36921.0,1968.0,ssp585,2038,21.3,1.3,경고,1098
감,경기,김포시,김포,20.0,1.4,1.7,5,30,1.5,36921.0,1968.0,ssp585,2048,21.83,1.83,위험,1017
감,경기,김포시,김포,20.0,1.4,1.7,5,30,1.5,36921.0,1968.0,ssp585,2058,22.46,2.46,위험,941
감,경기,김포시,김포,20.0,1.4,1.7,5,30,1.5,36921.0,1968.0,ssp585,2068,23.16,3.16,위험,835
감,경기,김포시,김포,20.0,1.4,1.7,5,30,1.5,36921.0,1968.0,ssp585,2078,23.86,3.86,위험,748
감,충남,천안시,천안,20.0,1.4,1.7,5,30,7.3,6919.0,1429.0,관측,2005,19.24,-0.76,적합,1379
감,충남,천안시,천안,20.0,1.4,1.7,5,30,7.3,6919.0,1429.0,ssp245,2028,20.9,0.9,경고,1187
감,충남,천안시,천안,20.0,1.4,1.7,5,30,7.3,6919.0,1429.0,ssp245,2038,21.34,1.34,경고,1139
감,충남,천안시,천안,20.0,1.4,1.7,5,30,7.3,6919.0,1429.0,ssp245,2048,21.74,1.74,위험,1096
감,충남,천안시,천안,20.0,1.4,1.7,5,30,7.3,6919.0,1429.0,ssp245,2058,22.13,2.13,위험,1056
감,충남,천안시,천안,20.0,1.4,1.7,5,30,7.3,6919.0,1429.0,ssp245,2068,22.42,2.42,위험,1021
감,충남,천안시,천안,20.0,1.4,1.7,5,30,7.3,6919.0,1429.0,ssp245,2078,22.76,2.76,위험,972
감,충남,천안시,천안,20.0,1.4,1.7,5,30,7.3,6919.0,1429.0,ssp585,2028,21.06,1.06,경고,1183
감,충남,천안시,천안,20.0,1.4,1.7,5,30,7.3,6919.0,1429.0,ssp585,2038,21.67,1.67,주의,1104
감,충남,천안시,천안,20.0,1.4,1.7,5,30,7.3,6919.0,1429.0,ssp585,2048,22.33,2.33,위험,1015
감,충남,천안시,천안,20.0,1.4,1.7,5,30,7.3,6919.0,1429.0,ssp585,2058,23.07,3.07,위험,932
감,충남,천안시,천안,20.0,1.4,1.7,5,30,7.3,6919.0,1429.0,ssp585,2068,23.87,3.87,위험,815
감,충남,천안시,천안,20.0,1.4,1.7,5,30,7.3,6919.0,1429.0,ssp585,2078,24.67,4.67,위험,715
감,경북,영덕군,영덕,20.0,1.4,1.7,5,30,8.9,5389.0,1396.0,관측,2005,19.1,-0.9,적합,924
감,경북,영덕군,영덕,20.0,1.4,1.7,5,30,8.9,5389.0,1396.0,ssp245,2028,21.3,1.3,경고,741
감,경북,영덕군,영덕,20.0,1.4,1.7,5,30,8.9,5389.0,1396.0,ssp245,2038,21.89,1.89,위험,700
감,경북,영덕군,영덕,20.0,1.4,1.7,5,30,8.9,5389.0,1396.0,ssp245,2048,22.41,2.41,위험,657
감,경북,영덕군,영덕,20.0,1.4,1.7,5,30,8.9,5389.0,1396.0,ssp245,2058,23.0,3.0,위험,619
감,경북,영덕군,영덕,20.0,1.4,1.7,5,30,8.9,5389.0,1396.0,ssp245,2068,23.37,3.37,위험,590
감,경북,영덕군,영덕,20.0,1.4,1.7,5,30,8.9,5389.0,1396.0,ssp245,2078,23.83,3.83,위험,558
감,경북,영덕군,영덕,20.0,1.4,1.7,5,30,8.9,5389.0,1396.0,ssp585,2028,21.44,1.44,주의,768
감,경북,영덕군,영덕,20.0,1.4,1.7,5,30,8.9,5389.0,1396.0,ssp585,2038,22.26,2.26,위험,694
감,경북,영덕군,영덕,20.0,1.4,1.7,5,30,8.9,5389.0,1396.0,ssp585,2048,23.17,3.17,위험,611
감,경북,영덕군,영덕,20.0,1.4,1.7,5,30,8.9,5389.0,1396.0,ssp585,2058,24.19,4.19,위험,540
감,경북,영덕군,영덕,20.0,1.4,1.7,5,30,8.9,5389.0,1396.0,ssp585,2068,25.27,5.27,위험,453
감,경북,영덕군,영덕,20.0,1.4,1.7,5,30,8.9,5389.0,1396.0,ssp585,2078,26.29,6.29,위험,380
감,경북,영천시,영천,20.0,1.4,1.7,5,30,9.8,4806.0,1349.0,관측,2005,19.57,-0.43,적합,1271
감,경북,영천시,영천,20.0,1.4,1.7,5,30,9.8,4806.0,1349.0,ssp245,2028,21.76,1.76,위험,1081
감,경북,영천시,영천,20.0,1.4,1.7,5,30,9.8,4806.0,1349.0,ssp245,2038,22.34,2.34,위험,1036
감,경북,영천시,영천,20.0,1.4,1.7,5,30,9.8,4806.0,1349.0,ssp245,2048,22.87,2.87,위험,990
감,경북,영천시,영천,20.0,1.4,1.7,5,30,9.8,4806.0,1349.0,ssp245,2058,23.4,3.4,위험,951
감,경북,영천시,영천,20.0,1.4,1.7,5,30,9.8,4806.0,1349.0,ssp245,2068,23.78,3.78,위험,923
감,경북,영천시,영천,20.0,1.4,1.7,5,30,9.8,4806.0,1349.0,ssp245,2078,24.22,4.22,위험,878
감,경북,영천시,영천,20.0,1.4,1.7,5,30,9.8,4806.0,1349.0,ssp585,2028,21.93,1.93,위험,1094
감,경북,영천시,영천,20.0,1.4,1.7,5,30,9.8,4806.0,1349.0,ssp585,2038,22.75,2.75,위험,1013
감,경북,영천시,영천,20.0,1.4,1.7,5,30,9.8,4806.0,1349.0,ssp585,2048,23.65,3.65,위험,929
감,경북,영천시,영천,20.0,1.4,1.7,5,30,9.8,4806.0,1349.0,ssp585,2058,24.62,4.62,위험,843
감,경북,영천시,영천,20.0,1.4,1.7,5,30,9.8,4806.0,1349.0,ssp585,2068,25.63,5.63,위험,721
감,경북,영천시,영천,20.0,1.4,1.7,5,30,9.8,4806.0,1349.0,ssp585,2078,26.62,6.62,위험,617
감,충북,청주시,청주,20.0,1.4,1.7,5,30,15.2,3026.0,1980.0,관측,2005,20.37,0.37,경고,1190
감,충북,청주시,청주,20.0,1.4,1.7,5,30,15.2,3026.0,1980.0,ssp245,2028,21.92,1.92,위험,1004
감,충북,청주시,청주,20.0,1.4,1.7,5,30,15.2,3026.0,1980.0,ssp245,2038,22.32,2.32,위험,957
감,충북,청주시,청주,20.0,1.4,1.7,5,30,15.2,3026.0,1980.0,ssp245,2048,22.69,2.69,위험,916
감,충북,청주시,청주,20.0,1.4,1.7,5,30,15.2,3026.0,1980.0,ssp245,2058,23.05,3.05,위험,876
감,충북,청주시,청주,20.0,1.4,1.7,5,30,15.2,3026.0,1980.0,ssp245,2068,23.33,3.33,위험,843
감,충북,청주시,청주,20.0,1.4,1.7,5,30,15.2,3026.0,1980.0,ssp245,2078,23.64,3.64,위험,798
감,충북,청주시,청주,20.0,1.4,1.7,5,30,15.2,3026.0,1980.0,ssp585,2028,22.06,2.06,위험,1006
감,충북,청주시,청주,20.0,1.4,1.7,5,30,15.2,3026.0,1980.0,ssp585,2038,22.62,2.62,위험,929
감,충북,청주시,청주,20.0,1.4,1.7,5,30,15.2,3026.0,1980.0,ssp585,2048,23.23,3.23,위험,844
감,충북,청주시,청주,20.0,1.4,1.7,5,30,15.2,3026.0,1980.0,ssp585,2058,23.92,3.92,위험,763
감,충북,청주시,청주,20.0,1.4,1.7,5,30,15.2,3026.0,1980.0,ssp585,2068,24.66,4.66,위험,651
감,충북,청주시,청주,20.0,1.4,1.7,5,30,15.2,3026.0,1980.0,ssp585,2078,25.41,5.41,위험,568
감,전남,목포시,목포,20.0,1.4,1.7,5,30,10.0,4585.0,1289.0,관측,2005,20.26,0.26,경고,703
감,전남,목포시,목포,20.0,1.4,1.7,5,30,10.0,4585.0,1289.0,ssp245,2028,21.89,1.89,위험,572
감,전남,목포시,목포,20.0,1.4,1.7,5,30,10.0,4585.0,1289.0,ssp245,2038,22.3,2.3,위험,542
감,전남,목포시,목포,20.0,1.4,1.7,5,30,10.0,4585.0,1289.0,ssp245,2048,22.69,2.69,위험,515
감,전남,목포시,목포,20.0,1.4,1.7,5,30,10.0,4585.0,1289.0,ssp245,2058,23.07,3.07,위험,486
감,전남,목포시,목포,20.0,1.4,1.7,5,30,10.0,4585.0,1289.0,ssp245,2068,23.38,3.38,위험,471
감,전남,목포시,목포,20.0,1.4,1.7,5,30,10.0,4585.0,1289.0,ssp245,2078,23.71,3.71,위험,444
감,전남,목포시,목포,20.0,1.4,1.7,5,30,10.0,4585.0,1289.0,ssp585,2028,21.99,1.99,위험,565
감,전남,목포시,목포,20.0,1.4,1.7,5,30,10.0,4585.0,1289.0,ssp585,2038,22.62,2.62,위험,518
감,전남,목포시,목포,20.0,1.4,1.7,5,30,10.0,4585.0,1289.0,ssp585,2048,23.25,3.25,위험,462
감,전남,목포시,목포,20.0,1.4,1.7,5,30,10.0,4585.0,1289.0,ssp585,2058,23.97,3.97,위험,411
감,전남,목포시,목포,20.0,1.4,1.7,5,30,10.0,4585.0,1289.0,ssp585,2068,24.73,4.73,위험,336
감,전남,목포시,목포,20.0,1.4,1.7,5,30,10.0,4585.0,1289.0,ssp585,2078,25.47,5.47,위험,269
감,충남,금산군,금산,20.0,1.4,1.7,5,30,6.0,7330.0,1914.0,관측,2005,18.93,-1.07,적합,1454
감,충남,금산군,금산,20.0,1.4,1.7,5,30,6.0,7330.0,1914.0,ssp245,2028,20.64,0.64,경고,1260
감,충남,금산군,금산,20.0,1.4,1.7,5,30,6.0,7330.0,1914.0,ssp245,2038,21.09,1.09,경고,1209
감,충남,금산군,금산,20.0,1.4,1.7,5,30,6.0,7330.0,1914.0,ssp245,2048,21.52,1.52,주의,1165
감,충남,금산군,금산,20.0,1.4,1.7,5,30,6.0,7330.0,1914.0,ssp245,2058,21.91,1.91,위험,1124
감,충남,금산군,금산,20.0,1.4,1.7,5,30,6.0,7330.0,1914.0,ssp245,2068,22.21,2.21,위험,1092
감,충남,금산군,금산,20.0,1.4,1.7,5,30,6.0,7330.0,1914.0,ssp245,2078,22.55,2.55,위험,1042
감,충남,금산군,금산,20.0,1.4,1.7,5,30,6.0,7330.0,1914.0,ssp585,2028,20.81,0.81,경고,1263
감,충남,금산군,금산,20.0,1.4,1.7,5,30,6.0,7330.0,1914.0,ssp585,2038,21.43,1.43,주의,1178
감,충남,금산군,금산,20.0,1.4,1.7,5,30,6.0,7330.0,1914.0,ssp585,2048,22.11,2.11,위험,1089
감,충남,금산군,금산,20.0,1.4,1.7,5,30,6.0,7330.0,1914.0,ssp585,2058,22.86,2.86,위험,1004
감,충남,금산군,금산,20.0,1.4,1.7,5,30,6.0,7330.0,1914.0,ssp585,2068,23.64,3.64,위험,889
감,충남,금산군,금산,20.0,1.4,1.7,5,30,6.0,7330.0,1914.0,ssp585,2078,24.43,4.43,위험,792
감,경남,거제시,거제,20.0,1.4,1.7,5,30,14.3,2935.0,1751.0,관측,2005,20.29,0.29,경고,719
감,경남,거제시,거제,20.0,1.4,1.7,5,30,14.3,2935.0,1751.0,ssp245,2028,22.17,2.17,위험,563
감,경남,거제시,거제,20.0,1.4,1.7,5,30,14.3,2935.0,1751.0,ssp245,2038,22.7,2.7,위험,529
감,경남,거제시,거제,20.0,1.4,1.7,5,30,14.3,2935.0,1751.0,ssp245,2048,23.17,3.17,위험,499
감,경남,거제시,거제,20.0,1.4,1.7,5,30,14.3,2935.0,1751.0,ssp245,2058,23.6,3.6,위험,470
감,경남,거제시,거제,20.0,1.4,1.7,5,30,14.3,2935.0,1751.0,ssp245,2068,23.96,3.96,위험,453
감,경남,거제시,거제,20.0,1.4,1.7,5,30,14.3,2935.0,1751.0,ssp245,2078,24.33,4.33,위험,422
감,경남,거제시,거제,20.0,1.4,1.7,5,30,14.3,2935.0,1751.0,ssp585,2028,22.3,2.3,위험,576
감,경남,거제시,거제,20.0,1.4,1.7,5,30,14.3,2935.0,1751.0,ssp585,2038,23.03,3.03,위험,521
감,경남,거제시,거제,20.0,1.4,1.7,5,30,14.3,2935.0,1751.0,ssp585,2048,23.8,3.8,위험,461
감,경남,거제시,거제,20.0,1.4,1.7,5,30,14.3,2935.0,1751.0,ssp585,2058,24.63,4.63,위험,405
감,경남,거제시,거제,20.0,1.4,1.7,5,30,14.3,2935.0,1751.0,ssp585,2068,25.46,5.46,위험,323
감,경남,거제시,거제,20.0,1.4,1.7,5,30,14.3,2935.0,1751.0,ssp585,2078,26.28,6.28,위험,253
감,경북,포항시,포항,20.0,1.4,1.7,5,30,23.6,1532.0,1545.0,관측,2005,20.67,0.67,경고,693
감,경북,포항시,포항,20.0,1.4,1.7,5,30,23.6,1532.0,1545.0,ssp245,2028,22.96,2.96,위험,538
감,경북,포항시,포항,20.0,1.4,1.7,5,30,23.6,1532.0,1545.0,ssp245,2038,23.58,3.58,위험,505
감,경북,포항시,포항,20.0,1.4,1.7,5,30,23.6,1532.0,1545.0,ssp245,2048,24.15,4.15,위험,472
감,경북,포항시,포항,20.0,1.4,1.7,5,30,23.6,1532.0,1545.0,ssp245,2058,24.73,4.73,위험,443
감,경북,포항시,포항,20.0,1.4,1.7,5,30,23.6,1532.0,1545.0,ssp245,2068,25.12,5.12,위험,428
감,경북,포항시,포항,20.0,1.4,1.7,5,30,23.6,1532.0,1545.0,ssp245,2078,25.58,5.58,위험,399
감,경북,포항시,포항,20.0,1.4,1.7,5,30,23.6,1532.0,1545.0,ssp585,2028,23.12,3.12,위험,557
감,경북,포항시,포항,20.0,1.4,1.7,5,30,23.6,1532.0,1545.0,ssp585,2038,23.99,3.99,위험,501
감,경북,포항시,포항,20.0,1.4,1.7,5,30,23.6,1532.0,1545.0,ssp585,2048,24.95,4.95,위험,439
감,경북,포항시,포항,20.0,1.4,1.7,5,30,23.6,1532.0,1545.0,ssp585,2058,25.97,5.97,위험,377
감,경북,포항시,포항,20.0,1.4,1.7,5,30,23.6,1532.0,1545.0,ssp585,2068,27.04,7.04,위험,290
감,경북,포항시,포항,20.0,1.4,1.7,5,30,23.6,1532.0,1545.0,ssp585,2078,28.06,8.06,위험,218
감,충남,아산시,아산,20.0,1.4,1.7,5,30,11.6,3071.0,1476.0,관측,2005,19.74,-0.26,적합,1235
감,충남,아산시,아산,20.0,1.4,1.7,5,30,11.6,3071.0,1476.0,ssp245,2028,21.35,1.35,경고,1054
감,충남,아산시,아산,20.0,1.4,1.7,5,30,11.6,3071.0,1476.0,ssp245,2038,21.78,1.78,위험,1008
감,충남,아산시,아산,20.0,1.4,1.7,5,30,11.6,3071.0,1476.0,ssp245,2048,22.17,2.17,위험,966
감,충남,아산시,아산,20.0,1.4,1.7,5,30,11.6,3071.0,1476.0,ssp245,2058,22.55,2.55,위험,929
감,충남,아산시,아산,20.0,1.4,1.7,5,30,11.6,3071.0,1476.0,ssp245,2068,22.83,2.83,위험,896
감,충남,아산시,아산,20.0,1.4,1.7,5,30,11.6,3071.0,1476.0,ssp245,2078,23.17,3.17,위험,850
감,충남,아산시,아산,20.0,1.4,1.7,5,30,11.6,3071.0,1476.0,ssp585,2028,21.5,1.5,주의,1050
감,충남,아산시,아산,20.0,1.4,1.7,5,30,11.6,3071.0,1476.0,ssp585,2038,22.1,2.1,위험,974
감,충남,아산시,아산,20.0,1.4,1.7,5,30,11.6,3071.0,1476.0,ssp585,2048,22.74,2.74,위험,889
감,충남,아산시,아산,20.0,1.4,1.7,5,30,11.6,3071.0,1476.0,ssp585,2058,23.46,3.46,위험,813
감,충남,아산시,아산,20.0,1.4,1.7,5,30,11.6,3071.0,1476.0,ssp585,2068,24.24,4.24,위험,700
감,충남,아산시,아산,20.0,1.4,1.7,5,30,11.6,3071.0,1476.0,ssp585,2078,25.03,5.03,위험,609
감,경남,통영시,통영,20.0,1.4,1.7,5,30,1.2,27373.0,2000.0,관측,2005,20.3,0.3,경고,617
감,경남,통영시,통영,20.0,1.4,1.7,5,30,1.2,27373.0,2000.0,ssp245,2028,22.19,2.19,위험,494
감,경남,통영시,통영,20.0,1.4,1.7,5,30,1.2,27373.0,2000.0,ssp245,2038,22.71,2.71,위험,460
감,경남,통영시,통영,20.0,1.4,1.7,5,30,1.2,27373.0,2000.0,ssp245,2048,23.19,3.19,위험,431
감,경남,통영시,통영,20.0,1.4,1.7,5,30,1.2,27373.0,2000.0,ssp245,2058,23.63,3.63,위험,402
감,경남,통영시,통영,20.0,1.4,1.7,5,30,1.2,27373.0,2000.0,ssp245,2068,23.99,3.99,위험,385
감,경남,통영시,통영,20.0,1.4,1.7,5,30,1.2,27373.0,2000.0,ssp245,2078,24.35,4.35,위험,356
감,경남,통영시,통영,20.0,1.4,1.7,5,30,1.2,27373.0,2000.0,ssp585,2028,22.33,2.33,위험,506
감,경남,통영시,통영,20.0,1.4,1.7,5,30,1.2,27373.0,2000.0,ssp585,2038,23.06,3.06,위험,452
감,경남,통영시,통영,20.0,1.4,1.7,5,30,1.2,27373.0,2000.0,ssp585,2048,23.84,3.84,위험,392
감,경남,통영시,통영,20.0,1.4,1.7,5,30,1.2,27373.0,2000.0,ssp585,2058,24.67,4.67,위험,338
감,경남,통영시,통영,20.0,1.4,1.7,5,30,1.2,27373.0,2000.0,ssp585,2068,25.51,5.51,위험,258
감,경남,통영시,통영,20.0,1.4,1.7,5,30,1.2,27373.0,2000.0,ssp585,2078,26.34,6.34,위험,192
감,경북,고령군,고령,20.0,1.4,1.7,5,30,2.3,13679.0,1677.0,관측,2005,19.8,-0.2,적합,1383
감,경북,고령군,고령,20.0,1.4,1.7,5,30,2.3,13679.0,1677.0,ssp245,2028,21.64,1.64,주의,1216
감,경북,고령군,고령,20.0,1.4,1.7,5,30,2.3,13679.0,1677.0,ssp245,2038,22.16,2.16,위험,1172
감,경북,고령군,고령,20.0,1.4,1.7,5,30,2.3,13679.0,1677.0,ssp245,2048,22.63,2.63,위험,1130
감,경북,고령군,고령,20.0,1.4,1.7,5,30,2.3,13679.0,1677.0,ssp245,2058,23.08,3.08,위험,1096
감,경북,고령군,고령,20.0,1.4,1.7,5,30,2.3,13679.0,1677.0,ssp245,2068,23.42,3.42,위험,1068
감,경북,고령군,고령,20.0,1.4,1.7,5,30,2.3,13679.0,1677.0,ssp245,2078,23.78,3.78,위험,1025
감,경북,고령군,고령,20.0,1.4,1.7,5,30,2.3,13679.0,1677.0,ssp585,2028,21.87,1.87,위험,1221
감,경북,고령군,고령,20.0,1.4,1.7,5,30,2.3,13679.0,1677.0,ssp585,2038,22.55,2.55,위험,1148
감,경북,고령군,고령,20.0,1.4,1.7,5,30,2.3,13679.0,1677.0,ssp585,2048,23.32,3.32,위험,1068
감,경북,고령군,고령,20.0,1.4,1.7,5,30,2.3,13679.0,1677.0,ssp585,2058,24.17,4.17,위험,992
감,경북,고령군,고령,20.0,1.4,1.7,5,30,2.3,13679.0,1677.0,ssp585,2068,25.03,5.03,위험,881
감,경북,고령군,고령,20.0,1.4,1.7,5,30,2.3,13679.0,1677.0,ssp585,2078,25.87,5.87,위험,787
감,대구,군위군,군위,20.0,1.4,1.7,5,30,,,1906.0,관측,2005,19.14,-0.86,적합,1530
감,대구,군위군,군위,20.0,1.4,1.7,5,30,,,1906.0,ssp245,2028,21.06,1.06,경고,1347
감,대구,군위군,군위,20.0,1.4,1.7,5,30,,,1906.0,ssp245,2038,21.56,1.56,주의,1303
감,대구,군위군,군위,20.0,1.4,1.7,5,30,,,1906.0,ssp245,2048,22.03,2.03,위험,1260
감,대구,군위군,군위,20.0,1.4,1.7,5,30,,,1906.0,ssp245,2058,22.48,2.48,위험,1222
감,대구,군위군,군위,20.0,1.4,1.7,5,30,,,1906.0,ssp245,2068,22.81,2.81,위험,1191
감,대구,군위군,군위,20.0,1.4,1.7,5,30,,,1906.0,ssp245,2078,23.2,3.2,위험,1145
감,대구,군위군,군위,20.0,1.4,1.7,5,30,,,1906.0,ssp585,2028,21.23,1.23,경고,1349
감,대구,군위군,군위,20.0,1.4,1.7,5,30,,,1906.0,ssp585,2038,21.93,1.93,위험,1271
감,대구,군위군,군위,20.0,1.4,1.7,5,30,,,1906.0,ssp585,2048,22.68,2.68,위험,1190
감,대구,군위군,군위,20.0,1.4,1.7,5,30,,,1906.0,ssp585,2058,23.52,3.52,위험,1108
감,대구,군위군,군위,20.0,1.4,1.7,5,30,,,1906.0,ssp585,2068,24.41,4.41,위험,993
감,대구,군위군,군위,20.0,1.4,1.7,5,30,,,1906.0,ssp585,2078,25.3,5.3,위험,896
감,충남,당진시,당진,20.0,1.4,1.7,5,30,21.3,1088.0,1545.0,관측,2005,19.04,-0.96,적합,1261
감,충남,당진시,당진,20.0,1.4,1.7,5,30,21.3,1088.0,1545.0,ssp245,2028,20.49,0.49,경고,1095
감,충남,당진시,당진,20.0,1.4,1.7,5,30,21.3,1088.0,1545.0,ssp245,2038,20.89,0.89,경고,1052
감,충남,당진시,당진,20.0,1.4,1.7,5,30,21.3,1088.0,1545.0,ssp245,2048,21.24,1.24,경고,1012
감,충남,당진시,당진,20.0,1.4,1.7,5,30,21.3,1088.0,1545.0,ssp245,2058,21.58,1.58,주의,978
감,충남,당진시,당진,20.0,1.4,1.7,5,30,21.3,1088.0,1545.0,ssp245,2068,21.84,1.84,위험,948
감,충남,당진시,당진,20.0,1.4,1.7,5,30,21.3,1088.0,1545.0,ssp245,2078,22.16,2.16,위험,907
감,충남,당진시,당진,20.0,1.4,1.7,5,30,21.3,1088.0,1545.0,ssp585,2028,20.61,0.61,경고,1093
감,충남,당진시,당진,20.0,1.4,1.7,5,30,21.3,1088.0,1545.0,ssp585,2038,21.15,1.15,경고,1022
감,충남,당진시,당진,20.0,1.4,1.7,5,30,21.3,1088.0,1545.0,ssp585,2048,21.74,1.74,위험,944
감,충남,당진시,당진,20.0,1.4,1.7,5,30,21.3,1088.0,1545.0,ssp585,2058,22.4,2.4,위험,876
감,충남,당진시,당진,20.0,1.4,1.7,5,30,21.3,1088.0,1545.0,ssp585,2068,23.12,3.12,위험,772
감,충남,당진시,당진,20.0,1.4,1.7,5,30,21.3,1088.0,1545.0,ssp585,2078,23.85,3.85,위험,683
감,전남,장흥군,장흥,20.0,1.4,1.7,5,30,18.9,1171.0,1146.0,관측,2005,19.66,-0.34,적합,1062
감,전남,장흥군,장흥,20.0,1.4,1.7,5,30,18.9,1171.0,1146.0,ssp245,2028,22.06,2.06,위험,844
감,전남,장흥군,장흥,20.0,1.4,1.7,5,30,18.9,1171.0,1146.0,ssp245,2038,22.67,2.67,위험,787
감,전남,장흥군,장흥,20.0,1.4,1.7,5,30,18.9,1171.0,1146.0,ssp245,2048,23.25,3.25,위험,734
감,전남,장흥군,장흥,20.0,1.4,1.7,5,30,18.9,1171.0,1146.0,ssp245,2058,23.83,3.83,위험,684
감,전남,장흥군,장흥,20.0,1.4,1.7,5,30,18.9,1171.0,1146.0,ssp245,2068,24.29,4.29,위험,644
감,전남,장흥군,장흥,20.0,1.4,1.7,5,30,18.9,1171.0,1146.0,ssp245,2078,24.78,4.78,위험,592
감,전남,장흥군,장흥,20.0,1.4,1.7,5,30,18.9,1171.0,1146.0,ssp585,2028,22.21,2.21,위험,833
감,전남,장흥군,장흥,20.0,1.4,1.7,5,30,18.9,1171.0,1146.0,ssp585,2038,23.12,3.12,위험,739
감,전남,장흥군,장흥,20.0,1.4,1.7,5,30,18.9,1171.0,1146.0,ssp585,2048,24.08,4.08,위험,630
감,전남,장흥군,장흥,20.0,1.4,1.7,5,30,18.9,1171.0,1146.0,ssp585,2058,25.13,5.13,위험,546
감,전남,장흥군,장흥,20.0,1.4,1.7,5,30,18.9,1171.0,1146.0,ssp585,2068,26.24,6.24,위험,441
감,전남,장흥군,장흥,20.0,1.4,1.7,5,30,18.9,1171.0,1146.0,ssp585,2078,27.28,7.28,위험,349
감,경남,김해시,김해,20.0,1.4,1.7,5,30,38.3,570.0,1790.0,관측,2005,21.4,1.4,경고,737
감,경남,김해시,김해,20.0,1.4,1.7,5,30,38.3,570.0,1790.0,ssp245,2028,23.3,3.3,위험,585
감,경남,김해시,김해,20.0,1.4,1.7,5,30,38.3,570.0,1790.0,ssp245,2038,23.82,3.82,위험,552
감,경남,김해시,김해,20.0,1.4,1.7,5,30,38.3,570.0,1790.0,ssp245,2048,24.27,4.27,위험,520
감,경남,김해시,김해,20.0,1.4,1.7,5,30,38.3,570.0,1790.0,ssp245,2058,24.73,4.73,위험,489
감,경남,김해시,김해,20.0,1.4,1.7,5,30,38.3,570.0,1790.0,ssp245,2068,25.09,5.09,위험,474
감,경남,김해시,김해,20.0,1.4,1.7,5,30,38.3,570.0,1790.0,ssp245,2078,25.48,5.48,위험,442
감,경남,김해시,김해,20.0,1.4,1.7,5,30,38.3,570.0,1790.0,ssp585,2028,23.48,3.48,위험,591
감,경남,김해시,김해,20.0,1.4,1.7,5,30,38.3,570.0,1790.0,ssp585,2038,24.19,4.19,위험,534
감,경남,김해시,김해,20.0,1.4,1.7,5,30,38.3,570.0,1790.0,ssp585,2048,24.98,4.98,위험,471
감,경남,김해시,김해,20.0,1.4,1.7,5,30,38.3,570.0,1790.0,ssp585,2058,25.86,5.86,위험,411
감,경남,김해시,김해,20.0,1.4,1.7,5,30,38.3,570.0,1790.0,ssp585,2068,26.75,6.75,위험,321
감,경남,김해시,김해,20.0,1.4,1.7,5,30,38.3,570.0,1790.0,ssp585,2078,27.63,7.63,위험,245
감,경기,남양주시,남양주,20.0,1.4,1.7,5,30,0.6,34513.0,2000.0,관측,2005,19.04,-0.96,적합,1597
감,경기,남양주시,남양주,20.0,1.4,1.7,5,30,0.6,34513.0,2000.0,ssp245,2028,20.55,0.55,경고,1374
감,경기,남양주시,남양주,20.0,1.4,1.7,5,30,0.6,34513.0,2000.0,ssp245,2038,20.94,0.94,경고,1326
감,경기,남양주시,남양주,20.0,1.4,1.7,5,30,0.6,34513.0,2000.0,ssp245,2048,21.3,1.3,경고,1278
감,경기,남양주시,남양주,20.0,1.4,1.7,5,30,0.6,34513.0,2000.0,ssp245,2058,21.66,1.66,주의,1237
감,경기,남양주시,남양주,20.0,1.4,1.7,5,30,0.6,34513.0,2000.0,ssp245,2068,21.92,1.92,위험,1205
감,경기,남양주시,남양주,20.0,1.4,1.7,5,30,0.6,34513.0,2000.0,ssp245,2078,22.23,2.23,위험,1153
감,경기,남양주시,남양주,20.0,1.4,1.7,5,30,0.6,34513.0,2000.0,ssp585,2028,20.7,0.7,경고,1368
감,경기,남양주시,남양주,20.0,1.4,1.7,5,30,0.6,34513.0,2000.0,ssp585,2038,21.26,1.26,경고,1288
감,경기,남양주시,남양주,20.0,1.4,1.7,5,30,0.6,34513.0,2000.0,ssp585,2048,21.86,1.86,위험,1197
감,경기,남양주시,남양주,20.0,1.4,1.7,5,30,0.6,34513.0,2000.0,ssp585,2058,22.55,2.55,위험,1109
감,경기,남양주시,남양주,20.0,1.4,1.7,5,30,0.6,34513.0,2000.0,ssp585,2068,23.31,3.31,위험,989
감,경기,남양주시,남양주,20.0,1.4,1.7,5,30,0.6,34513.0,2000.0,ssp585,2078,24.07,4.07,위험,896
감,경기,화성시,화성,20.0,1.4,1.7,5,30,2.6,7574.0,1968.0,관측,2005,19.54,-0.46,적합,1220
감,경기,화성시,화성,20.0,1.4,1.7,5,30,2.6,7574.0,1968.0,ssp245,2028,20.95,0.95,경고,1044
감,경기,화성시,화성,20.0,1.4,1.7,5,30,2.6,7574.0,1968.0,ssp245,2038,21.33,1.33,경고,1001
감,경기,화성시,화성,20.0,1.4,1.7,5,30,2.6,7574.0,1968.0,ssp245,2048,21.67,1.67,주의,959
감,경기,화성시,화성,20.0,1.4,1.7,5,30,2.6,7574.0,1968.0,ssp245,2058,22.01,2.01,위험,924
감,경기,화성시,화성,20.0,1.4,1.7,5,30,2.6,7574.0,1968.0,ssp245,2068,22.26,2.26,위험,894
감,경기,화성시,화성,20.0,1.4,1.7,5,30,2.6,7574.0,1968.0,ssp245,2078,22.55,2.55,위험,852
감,경기,화성시,화성,20.0,1.4,1.7,5,30,2.6,7574.0,1968.0,ssp585,2028,21.08,1.08,경고,1045
감,경기,화성시,화성,20.0,1.4,1.7,5,30,2.6,7574.0,1968.0,ssp585,2038,21.6,1.6,주의,972
감,경기,화성시,화성,20.0,1.4,1.7,5,30,2.6,7574.0,1968.0,ssp585,2048,22.17,2.17,위험,891
감,경기,화성시,화성,20.0,1.4,1.7,5,30,2.6,7574.0,1968.0,ssp585,2058,22.82,2.82,위험,821
감,경기,화성시,화성,20.0,1.4,1.7,5,30,2.6,7574.0,1968.0,ssp585,2068,23.52,3.52,위험,714
감,경기,화성시,화성,20.0,1.4,1.7,5,30,2.6,7574.0,1968.0,ssp585,2078,24.23,4.23,위험,634
감,전남,완도군,완도,20.0,1.4,1.7,5,30,2.6,6159.0,1945.0,관측,2005,20.23,0.23,경고,619
감,전남,완도군,완도,20.0,1.4,1.7,5,30,2.6,6159.0,1945.0,ssp245,2028,22.28,2.28,위험,484
감,전남,완도군,완도,20.0,1.4,1.7,5,30,2.6,6159.0,1945.0,ssp245,2038,22.81,2.81,위험,447
감,전남,완도군,완도,20.0,1.4,1.7,5,30,2.6,6159.0,1945.0,ssp245,2048,23.28,3.28,위험,419
감,전남,완도군,완도,20.0,1.4,1.7,5,30,2.6,6159.0,1945.0,ssp245,2058,23.83,3.83,위험,386
감,전남,완도군,완도,20.0,1.4,1.7,5,30,2.6,6159.0,1945.0,ssp245,2068,24.21,4.21,위험,368
감,전남,완도군,완도,20.0,1.4,1.7,5,30,2.6,6159.0,1945.0,ssp245,2078,24.63,4.63,위험,334
감,전남,완도군,완도,20.0,1.4,1.7,5,30,2.6,6159.0,1945.0,ssp585,2028,22.4,2.4,위험,486
감,전남,완도군,완도,20.0,1.4,1.7,5,30,2.6,6159.0,1945.0,ssp585,2038,23.18,3.18,위험,433
감,전남,완도군,완도,20.0,1.4,1.7,5,30,2.6,6159.0,1945.0,ssp585,2048,24.03,4.03,위험,368
감,전남,완도군,완도,20.0,1.4,1.7,5,30,2.6,6159.0,1945.0,ssp585,2058,24.97,4.97,위험,306
감,전남,완도군,완도,20.0,1.4,1.7,5,30,2.6,6159.0,1945.0,ssp585,2068,25.97,5.97,위험,220
감,전남,완도군,완도,20.0,1.4,1.7,5,30,2.6,6159.0,1945.0,ssp585,2078,26.89,6.89,위험,147
감,강원,속초시,속초,20.0,1.4,1.7,5,30,2.2,6597.0,1968.0,관측,2005,18.67,-1.33,적합,951
감,강원,속초시,속초,20.0,1.4,1.7,5,30,2.2,6597.0,1968.0,ssp245,2028,20.68,0.68,경고,739
감,강원,속초시,속초,20.0,1.4,1.7,5,30,2.2,6597.0,1968.0,ssp245,2038,21.19,1.19,경고,691
감,강원,속초시,속초,20.0,1.4,1.7,5,30,2.2,6597.0,1968.0,ssp245,2048,21.69,1.69,주의,640
감,강원,속초시,속초,20.0,1.4,1.7,5,30,2.2,6597.0,1968.0,ssp245,2058,22.18,2.18,위험,600
감,강원,속초시,속초,20.0,1.4,1.7,5,30,2.2,6597.0,1968.0,ssp245,2068,22.48,2.48,위험,574
감,강원,속초시,속초,20.0,1.4,1.7,5,30,2.2,6597.0,1968.0,ssp245,2078,22.91,2.91,위험,533
감,강원,속초시,속초,20.0,1.4,1.7,5,30,2.2,6597.0,1968.0,ssp585,2028,20.73,0.73,경고,775
감,강원,속초시,속초,20.0,1.4,1.7,5,30,2.2,6597.0,1968.0,ssp585,2038,21.47,1.47,주의,693
감,강원,속초시,속초,20.0,1.4,1.7,5,30,2.2,6597.0,1968.0,ssp585,2048,22.26,2.26,위험,603
감,강원,속초시,속초,20.0,1.4,1.7,5,30,2.2,6597.0,1968.0,ssp585,2058,23.17,3.17,위험,531
감,강원,속초시,속초,20.0,1.4,1.7,5,30,2.2,6597.0,1968.0,ssp585,2068,24.18,4.18,위험,429
감,강원,속초시,속초,20.0,1.4,1.7,5,30,2.2,6597.0,1968.0,ssp585,2078,25.17,5.17,위험,348
감,충남,계룡시,계룡,20.0,1.4,1.7,5,30,4.0,3596.0,1527.0,관측,2005,18.9,-1.1,적합,1520
감,충남,계룡시,계룡,20.0,1.4,1.7,5,30,4.0,3596.0,1527.0,ssp245,2028,20.62,0.62,경고,1325
감,충남,계룡시,계룡,20.0,1.4,1.7,5,30,4.0,3596.0,1527.0,ssp245,2038,21.07,1.07,경고,1274
감,충남,계룡시,계룡,20.0,1.4,1.7,5,30,4.0,3596.0,1527.0,ssp245,2048,21.5,1.5,주의,1232
감,충남,계룡시,계룡,20.0,1.4,1.7,5,30,4.0,3596.0,1527.0,ssp245,2058,21.9,1.9,위험,1192
감,충남,계룡시,계룡,20.0,1.4,1.7,5,30,4.0,3596.0,1527.0,ssp245,2068,22.2,2.2,위험,1157
감,충남,계룡시,계룡,20.0,1.4,1.7,5,30,4.0,3596.0,1527.0,ssp245,2078,22.57,2.57,위험,1107
감,충남,계룡시,계룡,20.0,1.4,1.7,5,30,4.0,3596.0,1527.0,ssp585,2028,20.8,0.8,경고,1313
감,충남,계룡시,계룡,20.0,1.4,1.7,5,30,4.0,3596.0,1527.0,ssp585,2038,21.44,1.44,주의,1232
감,충남,계룡시,계룡,20.0,1.4,1.7,5,30,4.0,3596.0,1527.0,ssp585,2048,22.13,2.13,위험,1143
감,충남,계룡시,계룡,20.0,1.4,1.7,5,30,4.0,3596.0,1527.0,ssp585,2058,22.89,2.89,위험,1059
감,충남,계룡시,계룡,20.0,1.4,1.7,5,30,4.0,3596.0,1527.0,ssp585,2068,23.7,3.7,위험,942
감,충남,계룡시,계룡,20.0,1.4,1.7,5,30,4.0,3596.0,1527.0,ssp585,2078,24.52,4.52,위험,844
감,경기,용인시,용인,20.0,1.4,1.7,5,30,4.1,3419.0,2000.0,관측,2005,18.96,-1.04,적합,1482
감,경기,용인시,용인,20.0,1.4,1.7,5,30,4.1,3419.0,2000.0,ssp245,2028,20.64,0.64,경고,1277
감,경기,용인시,용인,20.0,1.4,1.7,5,30,4.1,3419.0,2000.0,ssp245,2038,21.08,1.08,경고,1228
감,경기,용인시,용인,20.0,1.4,1.7,5,30,4.1,3419.0,2000.0,ssp245,2048,21.48,1.48,주의,1183
감,경기,용인시,용인,20.0,1.4,1.7,5,30,4.1,3419.0,2000.0,ssp245,2058,21.87,1.87,위험,1140
감,경기,용인시,용인,20.0,1.4,1.7,5,30,4.1,3419.0,2000.0,ssp245,2068,22.16,2.16,위험,1107
감,경기,용인시,용인,20.0,1.4,1.7,5,30,4.1,3419.0,2000.0,ssp245,2078,22.5,2.5,위험,1057
감,경기,용인시,용인,20.0,1.4,1.7,5,30,4.1,3419.0,2000.0,ssp585,2028,20.81,0.81,경고,1272
감,경기,용인시,용인,20.0,1.4,1.7,5,30,4.1,3419.0,2000.0,ssp585,2038,21.42,1.42,주의,1189
감,경기,용인시,용인,20.0,1.4,1.7,5,30,4.1,3419.0,2000.0,ssp585,2048,22.09,2.09,위험,1097
감,경기,용인시,용인,20.0,1.4,1.7,5,30,4.1,3419.0,2000.0,ssp585,2058,22.83,2.83,위험,1012
감,경기,용인시,용인,20.0,1.4,1.7,5,30,4.1,3419.0,2000.0,ssp585,2068,23.62,3.62,위험,892
감,경기,용인시,용인,20.0,1.4,1.7,5,30,4.1,3419.0,2000.0,ssp585,2078,24.43,4.43,위험,792
감,경기,오산시,오산,20.0,1.4,1.7,5,30,0.1,112481.0,2000.0,관측,2005,19.66,-0.34,적합,1340
감,경기,오산시,오산,20.0,1.4,1.7,5,30,0.1,112481.0,2000.0,ssp245,2028,21.22,1.22,경고,1155
감,경기,오산시,오산,20.0,1.4,1.7,5,30,0.1,112481.0,2000.0,ssp245,2038,21.63,1.63,주의,1110
감,경기,오산시,오산,20.0,1.4,1.7,5,30,0.1,112481.0,2000.0,ssp245,2048,22.01,2.01,위험,1067
감,경기,오산시,오산,20.0,1.4,1.7,5,30,0.1,112481.0,2000.0,ssp245,2058,22.39,2.39,위험,1028
감,경기,오산시,오산,20.0,1.4,1.7,5,30,0.1,112481.0,2000.0,ssp245,2068,22.65,2.65,위험,996
감,경기,오산시,오산,20.0,1.4,1.7,5,30,0.1,112481.0,2000.0,ssp245,2078,22.98,2.98,위험,950
감,경기,오산시,오산,20.0,1.4,1.7,5,30,0.1,112481.0,2000.0,ssp585,2028,21.38,1.38,경고,1148
감,경기,오산시,오산,20.0,1.4,1.7,5,30,0.1,112481.0,2000.0,ssp585,2038,21.96,1.96,위험,1071
감,경기,오산시,오산,20.0,1.4,1.7,5,30,0.1,112481.0,2000.0,ssp585,2048,22.59,2.59,위험,986
감,경기,오산시,오산,20.0,1.4,1.7,5,30,0.1,112481.0,2000.0,ssp585,2058,23.29,3.29,위험,906
감,경기,오산시,오산,20.0,1.4,1.7,5,30,0.1,112481.0,2000.0,ssp585,2068,24.04,4.04,위험,792
감,경기,오산시,오산,20.0,1.4,1.7,5,30,0.1,112481.0,2000.0,ssp585,2078,24.81,4.81,위험,696
감,전남,진도군,진도,20.0,1.4,1.7,5,30,3.1,3620.0,1500.0,관측,2005,20.03,0.03,경고,794
감,전남,진도군,진도,20.0,1.4,1.7,5,30,3.1,3620.0,1500.0,ssp245,2028,21.82,1.82,위험,623
감,전남,진도군,진도,20.0,1.4,1.7,5,30,3.1,3620.0,1500.0,ssp245,2038,22.28,2.28,위험,579
감,전남,진도군,진도,20.0,1.4,1.7,5,30,3.1,3620.0,1500.0,ssp245,2048,22.7,2.7,위험,547
감,전남,진도군,진도,20.0,1.4,1.7,5,30,3.1,3620.0,1500.0,ssp245,2058,23.15,3.15,위험,515
감,전남,진도군,진도,20.0,1.4,1.7,5,30,3.1,3620.0,1500.0,ssp245,2068,23.49,3.49,위험,499
감,전남,진도군,진도,20.0,1.4,1.7,5,30,3.1,3620.0,1500.0,ssp245,2078,23.85,3.85,위험,467
감,전남,진도군,진도,20.0,1.4,1.7,5,30,3.1,3620.0,1500.0,ssp585,2028,21.95,1.95,위험,616
감,전남,진도군,진도,20.0,1.4,1.7,5,30,3.1,3620.0,1500.0,ssp585,2038,22.63,2.63,위험,556
감,전남,진도군,진도,20.0,1.4,1.7,5,30,3.1,3620.0,1500.0,ssp585,2048,23.36,3.36,위험,493
감,전남,진도군,진도,20.0,1.4,1.7,5,30,3.1,3620.0,1500.0,ssp585,2058,24.16,4.16,위험,435
감,전남,진도군,진도,20.0,1.4,1.7,5,30,3.1,3620.0,1500.0,ssp585,2068,25.01,5.01,위험,349
감,전남,진도군,진도,20.0,1.4,1.7,5,30,3.1,3620.0,1500.0,ssp585,2078,25.82,5.82,위험,277
감,제주,제주시,제주,20.0,1.4,1.7,5,30,8.4,1309.0,2000.0,관측,2005,21.36,1.36,경고,249
감,제주,제주시,제주,20.0,1.4,1.7,5,30,8.4,1309.0,2000.0,ssp245,2028,23.44,3.44,위험,133
감,제주,제주시,제주,20.0,1.4,1.7,5,30,8.4,1309.0,2000.0,ssp245,2038,24.01,4.01,위험,100
감,제주,제주시,제주,20.0,1.4,1.7,5,30,8.4,1309.0,2000.0,ssp245,2048,24.43,4.43,위험,78
감,제주,제주시,제주,20.0,1.4,1.7,5,30,8.4,1309.0,2000.0,ssp245,2058,24.94,4.94,위험,58
감,제주,제주시,제주,20.0,1.4,1.7,5,30,8.4,1309.0,2000.0,ssp245,2068,25.33,5.33,위험,49
감,제주,제주시,제주,20.0,1.4,1.7,5,30,8.4,1309.0,2000.0,ssp245,2078,25.69,5.69,위험,27
감,제주,제주시,제주,20.0,1.4,1.7,5,30,8.4,1309.0,2000.0,ssp585,2028,23.54,3.54,위험,134
감,제주,제주시,제주,20.0,1.4,1.7,5,30,8.4,1309.0,2000.0,ssp585,2038,24.35,4.35,위험,85
감,제주,제주시,제주,20.0,1.4,1.7,5,30,8.4,1309.0,2000.0,ssp585,2048,25.15,5.15,위험,49
감,제주,제주시,제주,20.0,1.4,1.7,5,30,8.4,1309.0,2000.0,ssp585,2058,26.01,6.01,위험,14
감,제주,제주시,제주,20.0,1.4,1.7,5,30,8.4,1309.0,2000.0,ssp585,2068,26.9,6.9,위험,0
감,제주,제주시,제주,20.0,1.4,1.7,5,30,8.4,1309.0,2000.0,ssp585,2078,27.74,7.74,위험,0
감,충남,서산시,서산,20.0,1.4,1.7,5,30,1.5,6653.0,1846.0,관측,2005,19.06,-0.94,적합,1245
감,충남,서산시,서산,20.0,1.4,1.7,5,30,1.5,6653.0,1846.0,ssp245,2028,20.78,0.78,경고,1064
감,충남,서산시,서산,20.0,1.4,1.7,5,30,1.5,6653.0,1846.0,ssp245,2038,21.26,1.26,경고,1018
감,충남,서산시,서산,20.0,1.4,1.7,5,30,1.5,6653.0,1846.0,ssp245,2048,21.68,1.68,주의,973
감,충남,서산시,서산,20.0,1.4,1.7,5,30,1.5,6653.0,1846.0,ssp245,2058,22.07,2.07,위험,936
감,충남,서산시,서산,20.0,1.4,1.7,5,30,1.5,6653.0,1846.0,ssp245,2068,22.36,2.36,위험,903
감,충남,서산시,서산,20.0,1.4,1.7,5,30,1.5,6653.0,1846.0,ssp245,2078,22.73,2.73,위험,857
감,충남,서산시,서산,20.0,1.4,1.7,5,30,1.5,6653.0,1846.0,ssp585,2028,20.92,0.92,경고,1042
감,충남,서산시,서산,20.0,1.4,1.7,5,30,1.5,6653.0,1846.0,ssp585,2038,21.57,1.57,주의,964
감,충남,서산시,서산,20.0,1.4,1.7,5,30,1.5,6653.0,1846.0,ssp585,2048,22.24,2.24,위험,880
감,충남,서산시,서산,20.0,1.4,1.7,5,30,1.5,6653.0,1846.0,ssp585,2058,23.01,3.01,위험,803
감,충남,서산시,서산,20.0,1.4,1.7,5,30,1.5,6653.0,1846.0,ssp585,2068,23.83,3.83,위험,684
감,충남,서산시,서산,20.0,1.4,1.7,5,30,1.5,6653.0,1846.0,ssp585,2078,24.64,4.64,위험,594
감,전남,여수시,여수,20.0,1.4,1.7,5,30,10.0,882.0,1941.0,관측,2005,20.43,0.43,경고,572
감,전남,여수시,여수,20.0,1.4,1.7,5,30,10.0,882.0,1941.0,ssp245,2028,22.23,2.23,위험,449
감,전남,여수시,여수,20.0,1.4,1.7,5,30,10.0,882.0,1941.0,ssp245,2038,22.71,2.71,위험,414
감,전남,여수시,여수,20.0,1.4,1.7,5,30,10.0,882.0,1941.0,ssp245,2048,23.16,3.16,위험,386
감,전남,여수시,여수,20.0,1.4,1.7,5,30,10.0,882.0,1941.0,ssp245,2058,23.58,3.58,위험,358
감,전남,여수시,여수,20.0,1.4,1.7,5,30,10.0,882.0,1941.0,ssp245,2068,23.92,3.92,위험,341
감,전남,여수시,여수,20.0,1.4,1.7,5,30,10.0,882.0,1941.0,ssp245,2078,24.28,4.28,위험,312
감,전남,여수시,여수,20.0,1.4,1.7,5,30,10.0,882.0,1941.0,ssp585,2028,22.36,2.36,위험,466
감,전남,여수시,여수,20.0,1.4,1.7,5,30,10.0,882.0,1941.0,ssp585,2038,23.05,3.05,위험,413
감,전남,여수시,여수,20.0,1.4,1.7,5,30,10.0,882.0,1941.0,ssp585,2048,23.8,3.8,위험,353
감,전남,여수시,여수,20.0,1.4,1.7,5,30,10.0,882.0,1941.0,ssp585,2058,24.59,4.59,위험,298
감,전남,여수시,여수,20.0,1.4,1.7,5,30,10.0,882.0,1941.0,ssp585,2068,25.39,5.39,위험,222
감,전남,여수시,여수,20.0,1.4,1.7,5,30,10.0,882.0,1941.0,ssp585,2078,26.2,6.2,위험,158
감,경기,안성시,안성,20.0,1.4,1.7,5,30,1.9,4207.0,1968.0,관측,2005,20.03,0.03,경고,1335
감,경기,안성시,안성,20.0,1.4,1.7,5,30,1.9,4207.0,1968.0,ssp245,2028,21.64,1.64,주의,1142
감,경기,안성시,안성,20.0,1.4,1.7,5,30,1.9,4207.0,1968.0,ssp245,2038,22.06,2.06,위험,1095
감,경기,안성시,안성,20.0,1.4,1.7,5,30,1.9,4207.0,1968.0,ssp245,2048,22.44,2.44,위험,1052
감,경기,안성시,안성,20.0,1.4,1.7,5,30,1.9,4207.0,1968.0,ssp245,2058,22.82,2.82,위험,1011
감,경기,안성시,안성,20.0,1.4,1.7,5,30,1.9,4207.0,1968.0,ssp245,2068,23.1,3.1,위험,979
감,경기,안성시,안성,20.0,1.4,1.7,5,30,1.9,4207.0,1968.0,ssp245,2078,23.42,3.42,위험,931
감,경기,안성시,안성,20.0,1.4,1.7,5,30,1.9,4207.0,1968.0,ssp585,2028,21.78,1.78,위험,1143
감,경기,안성시,안성,20.0,1.4,1.7,5,30,1.9,4207.0,1968.0,ssp585,2038,22.37,2.37,위험,1063
감,경기,안성시,안성,20.0,1.4,1.7,5,30,1.9,4207.0,1968.0,ssp585,2048,23.01,3.01,위험,975
감,경기,안성시,안성,20.0,1.4,1.7,5,30,1.9,4207.0,1968.0,ssp585,2058,23.72,3.72,위험,894
감,경기,안성시,안성,20.0,1.4,1.7,5,30,1.9,4207.0,1968.0,ssp585,2068,24.48,4.48,위험,778
감,경기,안성시,안성,20.0,1.4,1.7,5,30,1.9,4207.0,1968.0,ssp585,2078,25.26,5.26,위험,682
감,경기,안산시,안산,20.0,1.4,1.7,5,30,0.9,8657.0,2000.0,관측,2005,19.06,-0.94,적합,1509
감,경기,안산시,안산,20.0,1.4,1.7,5,30,0.9,8657.0,2000.0,ssp245,2028,20.37,0.37,경고,1337
감,경기,안산시,안산,20.0,1.4,1.7,5,30,0.9,8657.0,2000.0,ssp245,2038,20.72,0.72,경고,1294
감,경기,안산시,안산,20.0,1.4,1.7,5,30,0.9,8657.0,2000.0,ssp245,2048,21.03,1.03,경고,1253
감,경기,안산시,안산,20.0,1.4,1.7,5,30,0.9,8657.0,2000.0,ssp245,2058,21.35,1.35,경고,1218
감,경기,안산시,안산,20.0,1.4,1.7,5,30,0.9,8657.0,2000.0,ssp245,2068,21.58,1.58,주의,1190
감,경기,안산시,안산,20.0,1.4,1.7,5,30,0.9,8657.0,2000.0,ssp245,2078,21.87,1.87,위험,1150
감,경기,안산시,안산,20.0,1.4,1.7,5,30,0.9,8657.0,2000.0,ssp585,2028,20.47,0.47,경고,1340
감,경기,안산시,안산,20.0,1.4,1.7,5,30,0.9,8657.0,2000.0,ssp585,2038,20.96,0.96,경고,1268
감,경기,안산시,안산,20.0,1.4,1.7,5,30,0.9,8657.0,2000.0,ssp585,2048,21.5,1.5,주의,1190
감,경기,안산시,안산,20.0,1.4,1.7,5,30,0.9,8657.0,2000.0,ssp585,2058,22.11,2.11,위험,1122
감,경기,안산시,안산,20.0,1.4,1.7,5,30,0.9,8657.0,2000.0,ssp585,2068,22.77,2.77,위험,1020
감,경기,안산시,안산,20.0,1.4,1.7,5,30,0.9,8657.0,2000.0,ssp585,2078,23.46,3.46,위험,936
감,전북,장수군,장수,20.0,1.4,1.7,5,30,1.0,6830.0,1500.0,관측,2005,17.6,-2.4,적합,1529
감,전북,장수군,장수,20.0,1.4,1.7,5,30,1.0,6830.0,1500.0,ssp245,2028,19.4,-0.6,적합,1323
감,전북,장수군,장수,20.0,1.4,1.7,5,30,1.0,6830.0,1500.0,ssp245,2038,19.88,-0.12,적합,1269
감,전북,장수군,장수,20.0,1.4,1.7,5,30,1.0,6830.0,1500.0,ssp245,2048,20.33,0.33,경고,1222
감,전북,장수군,장수,20.0,1.4,1.7,5,30,1.0,6830.0,1500.0,ssp245,2058,20.77,0.77,경고,1182
감,전북,장수군,장수,20.0,1.4,1.7,5,30,1.0,6830.0,1500.0,ssp245,2068,21.08,1.08,경고,1150
감,전북,장수군,장수,20.0,1.4,1.7,5,30,1.0,6830.0,1500.0,ssp245,2078,21.44,1.44,주의,1100
감,전북,장수군,장수,20.0,1.4,1.7,5,30,1.0,6830.0,1500.0,ssp585,2028,19.61,-0.39,적합,1325
감,전북,장수군,장수,20.0,1.4,1.7,5,30,1.0,6830.0,1500.0,ssp585,2038,20.27,0.27,경고,1240
감,전북,장수군,장수,20.0,1.4,1.7,5,30,1.0,6830.0,1500.0,ssp585,2048,21.0,1.0,경고,1150
감,전북,장수군,장수,20.0,1.4,1.7,5,30,1.0,6830.0,1500.0,ssp585,2058,21.81,1.81,위험,1062
감,전북,장수군,장수,20.0,1.4,1.7,5,30,1.0,6830.0,1500.0,ssp585,2068,22.64,2.64,위험,943
감,전북,장수군,장수,20.0,1.4,1.7,5,30,1.0,6830.0,1500.0,ssp585,2078,23.45,3.45,위험,844
감,경북,청송군,청송,20.0,1.4,1.7,5,30,0.1,97065.0,1367.0,관측,2005,18.24,-1.76,적합,1524
감,경북,청송군,청송,20.0,1.4,1.7,5,30,0.1,97065.0,1367.0,ssp245,2028,20.46,0.46,경고,1321
감,경북,청송군,청송,20.0,1.4,1.7,5,30,0.1,97065.0,1367.0,ssp245,2038,21.03,1.03,경고,1276
감,경북,청송군,청송,20.0,1.4,1.7,5,30,0.1,97065.0,1367.0,ssp245,2048,21.54,1.54,주의,1229
감,경북,청송군,청송,20.0,1.4,1.7,5,30,0.1,97065.0,1367.0,ssp245,2058,22.1,2.1,위험,1188
감,경북,청송군,청송,20.0,1.4,1.7,5,30,0.1,97065.0,1367.0,ssp245,2068,22.48,2.48,위험,1156
감,경북,청송군,청송,20.0,1.4,1.7,5,30,0.1,97065.0,1367.0,ssp245,2078,22.93,2.93,위험,1111
감,경북,청송군,청송,20.0,1.4,1.7,5,30,0.1,97065.0,1367.0,ssp585,2028,20.59,0.59,경고,1348
감,경북,청송군,청송,20.0,1.4,1.7,5,30,0.1,97065.0,1367.0,ssp585,2038,21.4,1.4,주의,1265
감,경북,청송군,청송,20.0,1.4,1.7,5,30,0.1,97065.0,1367.0,ssp585,2048,22.3,2.3,위험,1175
감,경북,청송군,청송,20.0,1.4,1.7,5,30,0.1,97065.0,1367.0,ssp585,2058,23.29,3.29,위험,1084
감,경북,청송군,청송,20.0,1.4,1.7,5,30,0.1,97065.0,1367.0,ssp585,2068,24.34,4.34,위험,958
감,경북,청송군,청송,20.0,1.4,1.7,5,30,0.1,97065.0,1367.0,ssp585,2078,25.36,5.36,위험,851
감,경남,남해군,남해,20.0,1.4,1.7,5,30,2.7,2229.0,1393.0,관측,2005,20.41,0.41,경고,776
감,경남,남해군,남해,20.0,1.4,1.7,5,30,2.7,2229.0,1393.0,ssp245,2028,22.76,2.76,위험,603
감,경남,남해군,남해,20.0,1.4,1.7,5,30,2.7,2229.0,1393.0,ssp245,2038,23.4,3.4,위험,564
감,경남,남해군,남해,20.0,1.4,1.7,5,30,2.7,2229.0,1393.0,ssp245,2048,23.99,3.99,위험,534
감,경남,남해군,남해,20.0,1.4,1.7,5,30,2.7,2229.0,1393.0,ssp245,2058,24.54,4.54,위험,503
감,경남,남해군,남해,20.0,1.4,1.7,5,30,2.7,2229.0,1393.0,ssp245,2068,24.98,4.98,위험,485
감,경남,남해군,남해,20.0,1.4,1.7,5,30,2.7,2229.0,1393.0,ssp245,2078,25.43,5.43,위험,453
감,경남,남해군,남해,20.0,1.4,1.7,5,30,2.7,2229.0,1393.0,ssp585,2028,22.94,2.94,위험,620
감,경남,남해군,남해,20.0,1.4,1.7,5,30,2.7,2229.0,1393.0,ssp585,2038,23.85,3.85,위험,562
감,경남,남해군,남해,20.0,1.4,1.7,5,30,2.7,2229.0,1393.0,ssp585,2048,24.82,4.82,위험,496
감,경남,남해군,남해,20.0,1.4,1.7,5,30,2.7,2229.0,1393.0,ssp585,2058,25.84,5.84,위험,436
감,경남,남해군,남해,20.0,1.4,1.7,5,30,2.7,2229.0,1393.0,ssp585,2068,26.85,6.85,위험,351
감,경남,남해군,남해,20.0,1.4,1.7,5,30,2.7,2229.0,1393.0,ssp585,2078,27.83,7.83,위험,279
감,충북,진천군,진천,20.0,1.4,1.7,5,30,,,1194.0,관측,2005,18.91,-1.09,적합,1422
감,충북,진천군,진천,20.0,1.4,1.7,5,30,,,1194.0,ssp245,2028,20.53,0.53,경고,1229
감,충북,진천군,진천,20.0,1.4,1.7,5,30,,,1194.0,ssp245,2038,20.95,0.95,경고,1180
감,충북,진천군,진천,20.0,1.4,1.7,5,30,,,1194.0,ssp245,2048,21.34,1.34,경고,1137
감,충북,진천군,진천,20.0,1.4,1.7,5,30,,,1194.0,ssp245,2058,21.73,1.73,위험,1096
감,충북,진천군,진천,20.0,1.4,1.7,5,30,,,1194.0,ssp245,2068,22.01,2.01,위험,1062
감,충북,진천군,진천,20.0,1.4,1.7,5,30,,,1194.0,ssp245,2078,22.34,2.34,위험,1014
감,충북,진천군,진천,20.0,1.4,1.7,5,30,,,1194.0,ssp585,2028,20.67,0.67,경고,1233
감,충북,진천군,진천,20.0,1.4,1.7,5,30,,,1194.0,ssp585,2038,21.26,1.26,경고,1153
감,충북,진천군,진천,20.0,1.4,1.7,5,30,,,1194.0,ssp585,2048,21.9,1.9,위험,1064
감,충북,진천군,진천,20.0,1.4,1.7,5,30,,,1194.0,ssp585,2058,22.62,2.62,위험,981
감,충북,진천군,진천,20.0,1.4,1.7,5,30,,,1194.0,ssp585,2068,23.4,3.4,위험,865
감,충북,진천군,진천,20.0,1.4,1.7,5,30,,,1194.0,ssp585,2078,24.18,4.18,위험,767
감,경기,의왕시,의왕,20.0,1.4,1.7,5,30,0.4,13285.0,1300.0,관측,2005,19.13,-0.87,적합,1305
감,경기,의왕시,의왕,20.0,1.4,1.7,5,30,0.4,13285.0,1300.0,ssp245,2028,20.94,0.94,경고,1088
감,경기,의왕시,의왕,20.0,1.4,1.7,5,30,0.4,13285.0,1300.0,ssp245,2038,21.42,1.42,주의,1035
감,경기,의왕시,의왕,20.0,1.4,1.7,5,30,0.4,13285.0,1300.0,ssp245,2048,21.86,1.86,위험,986
감,경기,의왕시,의왕,20.0,1.4,1.7,5,30,0.4,13285.0,1300.0,ssp245,2058,22.28,2.28,위험,944
감,경기,의왕시,의왕,20.0,1.4,1.7,5,30,0.4,13285.0,1300.0,ssp245,2068,22.59,2.59,위험,908
감,경기,의왕시,의왕,20.0,1.4,1.7,5,30,0.4,13285.0,1300.0,ssp245,2078,22.97,2.97,위험,856
감,경기,의왕시,의왕,20.0,1.4,1.7,5,30,0.4,13285.0,1300.0,ssp585,2028,21.13,1.13,경고,1078
감,경기,의왕시,의왕,20.0,1.4,1.7,5,30,0.4,13285.0,1300.0,ssp585,2038,21.81,1.81,위험,989
감,경기,의왕시,의왕,20.0,1.4,1.7,5,30,0.4,13285.0,1300.0,ssp585,2048,22.54,2.54,위험,892
감,경기,의왕시,의왕,20.0,1.4,1.7,5,30,0.4,13285.0,1300.0,ssp585,2058,23.36,3.36,위험,804
감,경기,의왕시,의왕,20.0,1.4,1.7,5,30,0.4,13285.0,1300.0,ssp585,2068,24.23,4.23,위험,674
감,경기,의왕시,의왕,20.0,1.4,1.7,5,30,0.4,13285.0,1300.0,ssp585,2078,25.1,5.1,위험,582
감,경기,시흥시,시흥,20.0,1.4,1.7,5,30,0.1,47380.0,1968.0,관측,2005,20.03,0.03,경고,1202
감,경기,시흥시,시흥,20.0,1.4,1.7,5,30,0.1,47380.0,1968.0,ssp245,2028,21.37,1.37,경고,1026
감,경기,시흥시,시흥,20.0,1.4,1.7,5,30,0.1,47380.0,1968.0,ssp245,2038,21.74,1.74,위험,982
감,경기,시흥시,시흥,20.0,1.4,1.7,5,30,0.1,47380.0,1968.0,ssp245,2048,22.06,2.06,위험,940
감,경기,시흥시,시흥,20.0,1.4,1.7,5,30,0.1,47380.0,1968.0,ssp245,2058,22.39,2.39,위험,906
감,경기,시흥시,시흥,20.0,1.4,1.7,5,30,0.1,47380.0,1968.0,ssp245,2068,22.62,2.62,위험,877
감,경기,시흥시,시흥,20.0,1.4,1.7,5,30,0.1,47380.0,1968.0,ssp245,2078,22.91,2.91,위험,836
감,경기,시흥시,시흥,20.0,1.4,1.7,5,30,0.1,47380.0,1968.0,ssp585,2028,21.47,1.47,주의,1032
감,경기,시흥시,시흥,20.0,1.4,1.7,5,30,0.1,47380.0,1968.0,ssp585,2038,21.98,1.98,위험,959
감,경기,시흥시,시흥,20.0,1.4,1.7,5,30,0.1,47380.0,1968.0,ssp585,2048,22.53,2.53,위험,879
감,경기,시흥시,시흥,20.0,1.4,1.7,5,30,0.1,47380.0,1968.0,ssp585,2058,23.17,3.17,위험,809
감,경기,시흥시,시흥,20.0,1.4,1.7,5,30,0.1,47380.0,1968.0,ssp585,2068,23.85,3.85,위험,705
감,경기,시흥시,시흥,20.0,1.4,1.7,5,30,0.1,47380.0,1968.0,ssp585,2078,24.54,4.54,위험,628
감,충북,단양군,단양,20.0,1.4,1.7,5,30,0.5,8403.0,1200.0,관측,2005,19.16,-0.84,적합,1446
감,충북,단양군,단양,20.0,1.4,1.7,5,30,0.5,8403.0,1200.0,ssp245,2028,20.78,0.78,경고,1222
감,충북,단양군,단양,20.0,1.4,1.7,5,30,0.5,8403.0,1200.0,ssp245,2038,21.19,1.19,경고,1172
감,충북,단양군,단양,20.0,1.4,1.7,5,30,0.5,8403.0,1200.0,ssp245,2048,21.59,1.59,주의,1123
감,충북,단양군,단양,20.0,1.4,1.7,5,30,0.5,8403.0,1200.0,ssp245,2058,21.97,1.97,위험,1075
감,충북,단양군,단양,20.0,1.4,1.7,5,30,0.5,8403.0,1200.0,ssp245,2068,22.25,2.25,위험,1038
감,충북,단양군,단양,20.0,1.4,1.7,5,30,0.5,8403.0,1200.0,ssp245,2078,22.58,2.58,위험,987
감,충북,단양군,단양,20.0,1.4,1.7,5,30,0.5,8403.0,1200.0,ssp585,2028,20.94,0.94,경고,1223
감,충북,단양군,단양,20.0,1.4,1.7,5,30,0.5,8403.0,1200.0,ssp585,2038,21.52,1.52,주의,1133
감,충북,단양군,단양,20.0,1.4,1.7,5,30,0.5,8403.0,1200.0,ssp585,2048,22.15,2.15,위험,1038
감,충북,단양군,단양,20.0,1.4,1.7,5,30,0.5,8403.0,1200.0,ssp585,2058,22.88,2.88,위험,946
감,충북,단양군,단양,20.0,1.4,1.7,5,30,0.5,8403.0,1200.0,ssp585,2068,23.66,3.66,위험,823
감,충북,단양군,단양,20.0,1.4,1.7,5,30,0.5,8403.0,1200.0,ssp585,2078,24.45,4.45,위험,723
감,충남,태안군,태안,20.0,1.4,1.7,5,30,4.2,883.0,1073.0,관측,2005,19.56,-0.44,적합,990
감,충남,태안군,태안,20.0,1.4,1.7,5,30,4.2,883.0,1073.0,ssp245,2028,21.08,1.08,경고,828
감,충남,태안군,태안,20.0,1.4,1.7,5,30,4.2,883.0,1073.0,ssp245,2038,21.5,1.5,주의,788
감,충남,태안군,태안,20.0,1.4,1.7,5,30,4.2,883.0,1073.0,ssp245,2048,21.87,1.87,위험,747
감,충남,태안군,태안,20.0,1.4,1.7,5,30,4.2,883.0,1073.0,ssp245,2058,22.22,2.22,위험,713
감,충남,태안군,태안,20.0,1.4,1.7,5,30,4.2,883.0,1073.0,ssp245,2068,22.49,2.49,위험,684
감,충남,태안군,태안,20.0,1.4,1.7,5,30,4.2,883.0,1073.0,ssp245,2078,22.82,2.82,위험,655
감,충남,태안군,태안,20.0,1.4,1.7,5,30,4.2,883.0,1073.0,ssp585,2028,21.19,1.19,경고,809
감,충남,태안군,태안,20.0,1.4,1.7,5,30,4.2,883.0,1073.0,ssp585,2038,21.78,1.78,위험,740
감,충남,태안군,태안,20.0,1.4,1.7,5,30,4.2,883.0,1073.0,ssp585,2048,22.37,2.37,위험,669
감,충남,태안군,태안,20.0,1.4,1.7,5,30,4.2,883.0,1073.0,ssp585,2058,23.06,3.06,위험,618
감,충남,태안군,태안,20.0,1.4,1.7,5,30,4.2,883.0,1073.0,ssp585,2068,23.8,3.8,위험,535
감,충남,태안군,태안,20.0,1.4,1.7,5,30,4.2,883.0,1073.0,ssp585,2078,24.54,4.54,위험,468
감,경기,고양시,고양,20.0,1.4,1.7,5,30,2.0,1796.0,2000.0,관측,2005,19.43,-0.57,적합,1476
감,경기,고양시,고양,20.0,1.4,1.7,5,30,2.0,1796.0,2000.0,ssp245,2028,20.83,0.83,경고,1280
감,경기,고양시,고양,20.0,1.4,1.7,5,30,2.0,1796.0,2000.0,ssp245,2038,21.2,1.2,경고,1233
감,경기,고양시,고양,20.0,1.4,1.7,5,30,2.0,1796.0,2000.0,ssp245,2048,21.54,1.54,주의,1187
감,경기,고양시,고양,20.0,1.4,1.7,5,30,2.0,1796.0,2000.0,ssp245,2058,21.88,1.88,위험,1151
감,경기,고양시,고양,20.0,1.4,1.7,5,30,2.0,1796.0,2000.0,ssp245,2068,22.14,2.14,위험,1121
감,경기,고양시,고양,20.0,1.4,1.7,5,30,2.0,1796.0,2000.0,ssp245,2078,22.44,2.44,위험,1074
감,경기,고양시,고양,20.0,1.4,1.7,5,30,2.0,1796.0,2000.0,ssp585,2028,20.94,0.94,경고,1280
감,경기,고양시,고양,20.0,1.4,1.7,5,30,2.0,1796.0,2000.0,ssp585,2038,21.48,1.48,주의,1206
감,경기,고양시,고양,20.0,1.4,1.7,5,30,2.0,1796.0,2000.0,ssp585,2048,22.05,2.05,위험,1122
감,경기,고양시,고양,20.0,1.4,1.7,5,30,2.0,1796.0,2000.0,ssp585,2058,22.73,2.73,위험,1042
감,경기,고양시,고양,20.0,1.4,1.7,5,30,2.0,1796.0,2000.0,ssp585,2068,23.46,3.46,위험,931
감,경기,고양시,고양,20.0,1.4,1.7,5,30,2.0,1796.0,2000.0,ssp585,2078,24.2,4.2,위험,840
감,경북,영양군,영양,20.0,1.4,1.7,5,30,0.3,10867.0,2000.0,관측,2005,17.99,-2.01,적합,1491
감,경북,영양군,영양,20.0,1.4,1.7,5,30,0.3,10867.0,2000.0,ssp245,2028,20.16,0.16,경고,1276
감,경북,영양군,영양,20.0,1.4,1.7,5,30,0.3,10867.0,2000.0,ssp245,2038,20.74,0.74,경고,1230
감,경북,영양군,영양,20.0,1.4,1.7,5,30,0.3,10867.0,2000.0,ssp245,2048,21.23,1.23,경고,1181
감,경북,영양군,영양,20.0,1.4,1.7,5,30,0.3,10867.0,2000.0,ssp245,2058,21.8,1.8,위험,1136
감,경북,영양군,영양,20.0,1.4,1.7,5,30,0.3,10867.0,2000.0,ssp245,2068,22.17,2.17,위험,1102
감,경북,영양군,영양,20.0,1.4,1.7,5,30,0.3,10867.0,2000.0,ssp245,2078,22.63,2.63,위험,1054
감,경북,영양군,영양,20.0,1.4,1.7,5,30,0.3,10867.0,2000.0,ssp585,2028,20.27,0.27,경고,1312
감,경북,영양군,영양,20.0,1.4,1.7,5,30,0.3,10867.0,2000.0,ssp585,2038,21.08,1.08,경고,1226
감,경북,영양군,영양,20.0,1.4,1.7,5,30,0.3,10867.0,2000.0,ssp585,2048,21.95,1.95,위험,1132
감,경북,영양군,영양,20.0,1.4,1.7,5,30,0.3,10867.0,2000.0,ssp585,2058,22.94,2.94,위험,1036
감,경북,영양군,영양,20.0,1.4,1.7,5,30,0.3,10867.0,2000.0,ssp585,2068,24.0,4.0,위험,903
감,경북,영양군,영양,20.0,1.4,1.7,5,30,0.3,10867.0,2000.0,ssp585,2078,25.0,5.0,위험,790
감,경북,봉화군,봉화,20.0,1.4,1.7,5,30,0.4,6837.0,1115.0,관측,2005,17.09,-2.91,적합,1755
감,경북,봉화군,봉화,20.0,1.4,1.7,5,30,0.4,6837.0,1115.0,ssp245,2028,19.04,-0.96,적합,1526
감,경북,봉화군,봉화,20.0,1.4,1.7,5,30,0.4,6837.0,1115.0,ssp245,2038,19.53,-0.47,적합,1477
감,경북,봉화군,봉화,20.0,1.4,1.7,5,30,0.4,6837.0,1115.0,ssp245,2048,19.97,-0.03,적합,1427
감,경북,봉화군,봉화,20.0,1.4,1.7,5,30,0.4,6837.0,1115.0,ssp245,2058,20.45,0.45,경고,1378
감,경북,봉화군,봉화,20.0,1.4,1.7,5,30,0.4,6837.0,1115.0,ssp245,2068,20.78,0.78,경고,1341
감,경북,봉화군,봉화,20.0,1.4,1.7,5,30,0.4,6837.0,1115.0,ssp245,2078,21.18,1.18,경고,1290
감,경북,봉화군,봉화,20.0,1.4,1.7,5,30,0.4,6837.0,1115.0,ssp585,2028,19.16,-0.84,적합,1546
감,경북,봉화군,봉화,20.0,1.4,1.7,5,30,0.4,6837.0,1115.0,ssp585,2038,19.87,-0.13,적합,1454
감,경북,봉화군,봉화,20.0,1.4,1.7,5,30,0.4,6837.0,1115.0,ssp585,2048,20.64,0.64,경고,1355
감,경북,봉화군,봉화,20.0,1.4,1.7,5,30,0.4,6837.0,1115.0,ssp585,2058,21.5,1.5,주의,1255
감,경북,봉화군,봉화,20.0,1.4,1.7,5,30,0.4,6837.0,1115.0,ssp585,2068,22.43,2.43,위험,1119
감,경북,봉화군,봉화,20.0,1.4,1.7,5,30,0.4,6837.0,1115.0,ssp585,2078,23.33,3.33,위험,1004
감,경기,부천시,부천,20.0,1.4,1.7,5,30,2.2,1066.0,1968.0,관측,2005,20.6,0.6,경고,1031
감,경기,부천시,부천,20.0,1.4,1.7,5,30,2.2,1066.0,1968.0,ssp245,2028,21.97,1.97,위험,847
감,경기,부천시,부천,20.0,1.4,1.7,5,30,2.2,1066.0,1968.0,ssp245,2038,22.34,2.34,위험,801
감,경기,부천시,부천,20.0,1.4,1.7,5,30,2.2,1066.0,1968.0,ssp245,2048,22.67,2.67,위험,758
감,경기,부천시,부천,20.0,1.4,1.7,5,30,2.2,1066.0,1968.0,ssp245,2058,23.0,3.0,위험,724
감,경기,부천시,부천,20.0,1.4,1.7,5,30,2.2,1066.0,1968.0,ssp245,2068,23.25,3.25,위험,694
감,경기,부천시,부천,20.0,1.4,1.7,5,30,2.2,1066.0,1968.0,ssp245,2078,23.55,3.55,위험,656
감,경기,부천시,부천,20.0,1.4,1.7,5,30,2.2,1066.0,1968.0,ssp585,2028,22.07,2.07,위험,851
감,경기,부천시,부천,20.0,1.4,1.7,5,30,2.2,1066.0,1968.0,ssp585,2038,22.6,2.6,위험,779
감,경기,부천시,부천,20.0,1.4,1.7,5,30,2.2,1066.0,1968.0,ssp585,2048,23.16,3.16,위험,697
감,경기,부천시,부천,20.0,1.4,1.7,5,30,2.2,1066.0,1968.0,ssp585,2058,23.82,3.82,위험,632
감,경기,부천시,부천,20.0,1.4,1.7,5,30,2.2,1066.0,1968.0,ssp585,2068,24.53,4.53,위험,546
감,경기,부천시,부천,20.0,1.4,1.7,5,30,2.2,1066.0,1968.0,ssp585,2078,25.25,5.25,위험,481
감,충북,제천시,제천,20.0,1.4,1.7,5,30,3.9,594.0,1300.0,관측,2005,17.83,-2.17,적합,1740
감,충북,제천시,제천,20.0,1.4,1.7,5,30,3.9,594.0,1300.0,ssp245,2028,19.41,-0.59,적합,1524
감,충북,제천시,제천,20.0,1.4,1.7,5,30,3.9,594.0,1300.0,ssp245,2038,19.81,-0.19,적합,1474
감,충북,제천시,제천,20.0,1.4,1.7,5,30,3.9,594.0,1300.0,ssp245,2048,20.2,0.2,경고,1425
감,충북,제천시,제천,20.0,1.4,1.7,5,30,3.9,594.0,1300.0,ssp245,2058,20.57,0.57,경고,1379
감,충북,제천시,제천,20.0,1.4,1.7,5,30,3.9,594.0,1300.0,ssp245,2068,20.85,0.85,경고,1342
감,충북,제천시,제천,20.0,1.4,1.7,5,30,3.9,594.0,1300.0,ssp245,2078,21.17,1.17,경고,1292
감,충북,제천시,제천,20.0,1.4,1.7,5,30,3.9,594.0,1300.0,ssp585,2028,19.57,-0.43,적합,1527
감,충북,제천시,제천,20.0,1.4,1.7,5,30,3.9,594.0,1300.0,ssp585,2038,20.13,0.13,경고,1439
감,충북,제천시,제천,20.0,1.4,1.7,5,30,3.9,594.0,1300.0,ssp585,2048,20.76,0.76,경고,1344
감,충북,제천시,제천,20.0,1.4,1.7,5,30,3.9,594.0,1300.0,ssp585,2058,21.47,1.47,주의,1252
감,충북,제천시,제천,20.0,1.4,1.7,5,30,3.9,594.0,1300.0,ssp585,2068,22.24,2.24,위험,1128
감,충북,제천시,제천,20.0,1.4,1.7,5,30,3.9,594.0,1300.0,ssp585,2078,23.01,3.01,위험,1027
감,경기,의정부시,의정부,20.0,1.4,1.7,5,30,0.8,2561.0,1968.0,관측,2005,19.24,-0.76,적합,1480
감,경기,의정부시,의정부,20.0,1.4,1.7,5,30,0.8,2561.0,1968.0,ssp245,2028,20.74,0.74,경고,1263
감,경기,의정부시,의정부,20.0,1.4,1.7,5,30,0.8,2561.0,1968.0,ssp245,2038,21.14,1.14,경고,1216
감,경기,의정부시,의정부,20.0,1.4,1.7,5,30,0.8,2561.0,1968.0,ssp245,2048,21.5,1.5,주의,1168
감,경기,의정부시,의정부,20.0,1.4,1.7,5,30,0.8,2561.0,1968.0,ssp245,2058,21.87,1.87,위험,1129
감,경기,의정부시,의정부,20.0,1.4,1.7,5,30,0.8,2561.0,1968.0,ssp245,2068,22.13,2.13,위험,1097
감,경기,의정부시,의정부,20.0,1.4,1.7,5,30,0.8,2561.0,1968.0,ssp245,2078,22.46,2.46,위험,1045
감,경기,의정부시,의정부,20.0,1.4,1.7,5,30,0.8,2561.0,1968.0,ssp585,2028,20.91,0.91,경고,1251
감,경기,의정부시,의정부,20.0,1.4,1.7,5,30,0.8,2561.0,1968.0,ssp585,2038,21.48,1.48,주의,1172
감,경기,의정부시,의정부,20.0,1.4,1.7,5,30,0.8,2561.0,1968.0,ssp585,2048,22.09,2.09,위험,1083
감,경기,의정부시,의정부,20.0,1.4,1.7,5,30,0.8,2561.0,1968.0,ssp585,2058,22.8,2.8,위험,996
감,경기,의정부시,의정부,20.0,1.4,1.7,5,30,0.8,2561.0,1968.0,ssp585,2068,23.57,3.57,위험,877
감,경기,의정부시,의정부,20.0,1.4,1.7,5,30,0.8,2561.0,1968.0,ssp585,2078,24.34,4.34,위험,783
감,충북,증평군,증평,20.0,1.4,1.7,5,30,0.6,1751.0,1169.0,관측,2005,19.29,-0.71,적합,1485
감,충북,증평군,증평,20.0,1.4,1.7,5,30,0.6,1751.0,1169.0,ssp245,2028,20.79,0.79,경고,1300
감,충북,증평군,증평,20.0,1.4,1.7,5,30,0.6,1751.0,1169.0,ssp245,2038,21.18,1.18,경고,1254
감,충북,증평군,증평,20.0,1.4,1.7,5,30,0.6,1751.0,1169.0,ssp245,2048,21.54,1.54,주의,1212
감,충북,증평군,증평,20.0,1.4,1.7,5,30,0.6,1751.0,1169.0,ssp245,2058,21.9,1.9,위험,1173
감,충북,증평군,증평,20.0,1.4,1.7,5,30,0.6,1751.0,1169.0,ssp245,2068,22.17,2.17,위험,1141
감,충북,증평군,증평,20.0,1.4,1.7,5,30,0.6,1751.0,1169.0,ssp245,2078,22.48,2.48,위험,1096
감,충북,증평군,증평,20.0,1.4,1.7,5,30,0.6,1751.0,1169.0,ssp585,2028,20.95,0.95,경고,1301
감,충북,증평군,증평,20.0,1.4,1.7,5,30,0.6,1751.0,1169.0,ssp585,2038,21.5,1.5,주의,1223
감,충북,증평군,증평,20.0,1.4,1.7,5,30,0.6,1751.0,1169.0,ssp585,2048,22.08,2.08,위험,1139
감,충북,증평군,증평,20.0,1.4,1.7,5,30,0.6,1751.0,1169.0,ssp585,2058,22.77,2.77,위험,1057
감,충북,증평군,증평,20.0,1.4,1.7,5,30,0.6,1751.0,1169.0,ssp585,2068,23.51,3.51,위험,946
감,충북,증평군,증평,20.0,1.4,1.7,5,30,0.6,1751.0,1169.0,ssp585,2078,24.26,4.26,위험,851
감,경기,수원시,수원,20.0,1.4,1.7,5,30,2.8,355.0,1968.0,관측,2005,19.87,-0.13,적합,1256
감,경기,수원시,수원,20.0,1.4,1.7,5,30,2.8,355.0,1968.0,ssp245,2028,21.54,1.54,주의,1056
감,경기,수원시,수원,20.0,1.4,1.7,5,30,2.8,355.0,1968.0,ssp245,2038,21.99,1.99,위험,1007
감,경기,수원시,수원,20.0,1.4,1.7,5,30,2.8,355.0,1968.0,ssp245,2048,22.39,2.39,위험,961
감,경기,수원시,수원,20.0,1.4,1.7,5,30,2.8,355.0,1968.0,ssp245,2058,22.79,2.79,위험,920
감,경기,수원시,수원,20.0,1.4,1.7,5,30,2.8,355.0,1968.0,ssp245,2068,23.08,3.08,위험,887
감,경기,수원시,수원,20.0,1.4,1.7,5,30,2.8,355.0,1968.0,ssp245,2078,23.43,3.43,위험,837
감,경기,수원시,수원,20.0,1.4,1.7,5,30,2.8,355.0,1968.0,ssp585,2028,21.73,1.73,위험,1046
감,경기,수원시,수원,20.0,1.4,1.7,5,30,2.8,355.0,1968.0,ssp585,2038,22.35,2.35,위험,963
감,경기,수원시,수원,20.0,1.4,1.7,5,30,2.8,355.0,1968.0,ssp585,2048,23.03,3.03,위험,871
감,경기,수원시,수원,20.0,1.4,1.7,5,30,2.8,355.0,1968.0,ssp585,2058,23.78,3.78,위험,788
감,경기,수원시,수원,20.0,1.4,1.7,5,30,2.8,355.0,1968.0,ssp585,2068,24.59,4.59,위험,666
감,경기,수원시,수원,20.0,1.4,1.7,5,30,2.8,355.0,1968.0,ssp585,2078,25.41,5.41,위험,577
감,충북,음성군,음성,20.0,1.4,1.7,5,30,0.5,1586.0,1169.0,관측,2005,18.56,-1.44,적합,1654
감,충북,음성군,음성,20.0,1.4,1.7,5,30,0.5,1586.0,1169.0,ssp245,2028,20.06,0.06,경고,1464
감,충북,음성군,음성,20.0,1.4,1.7,5,30,0.5,1586.0,1169.0,ssp245,2038,20.44,0.44,경고,1417
감,충북,음성군,음성,20.0,1.4,1.7,5,30,0.5,1586.0,1169.0,ssp245,2048,20.8,0.8,경고,1375
감,충북,음성군,음성,20.0,1.4,1.7,5,30,0.5,1586.0,1169.0,ssp245,2058,21.16,1.16,경고,1335
감,충북,음성군,음성,20.0,1.4,1.7,5,30,0.5,1586.0,1169.0,ssp245,2068,21.43,1.43,주의,1302
감,충북,음성군,음성,20.0,1.4,1.7,5,30,0.5,1586.0,1169.0,ssp245,2078,21.74,1.74,위험,1257
감,충북,음성군,음성,20.0,1.4,1.7,5,30,0.5,1586.0,1169.0,ssp585,2028,20.22,0.22,경고,1462
감,충북,음성군,음성,20.0,1.4,1.7,5,30,0.5,1586.0,1169.0,ssp585,2038,20.77,0.77,경고,1383
감,충북,음성군,음성,20.0,1.4,1.7,5,30,0.5,1586.0,1169.0,ssp585,2048,21.35,1.35,경고,1298
감,충북,음성군,음성,20.0,1.4,1.7,5,30,0.5,1586.0,1169.0,ssp585,2058,22.04,2.04,위험,1216
감,충북,음성군,음성,20.0,1.4,1.7,5,30,0.5,1586.0,1169.0,ssp585,2068,22.78,2.78,위험,1104
감,충북,음성군,음성,20.0,1.4,1.7,5,30,0.5,1586.0,1169.0,ssp585,2078,23.53,3.53,위험,1009
감,경기,하남시,하남,20.0,1.4,1.7,5,30,3.1,250.0,1968.0,관측,2005,19.96,-0.04,적합,1281
감,경기,하남시,하남,20.0,1.4,1.7,5,30,3.1,250.0,1968.0,ssp245,2028,21.49,1.49,주의,1068
감,경기,하남시,하남,20.0,1.4,1.7,5,30,3.1,250.0,1968.0,ssp245,2038,21.89,1.89,위험,1021
감,경기,하남시,하남,20.0,1.4,1.7,5,30,3.1,250.0,1968.0,ssp245,2048,22.26,2.26,위험,974
감,경기,하남시,하남,20.0,1.4,1.7,5,30,3.1,250.0,1968.0,ssp245,2058,22.63,2.63,위험,935
감,경기,하남시,하남,20.0,1.4,1.7,5,30,3.1,250.0,1968.0,ssp245,2068,22.89,2.89,위험,903
감,경기,하남시,하남,20.0,1.4,1.7,5,30,3.1,250.0,1968.0,ssp245,2078,23.22,3.22,위험,852
감,경기,하남시,하남,20.0,1.4,1.7,5,30,3.1,250.0,1968.0,ssp585,2028,21.66,1.66,주의,1058
감,경기,하남시,하남,20.0,1.4,1.7,5,30,3.1,250.0,1968.0,ssp585,2038,22.24,2.24,위험,978
감,경기,하남시,하남,20.0,1.4,1.7,5,30,3.1,250.0,1968.0,ssp585,2048,22.85,2.85,위험,889
감,경기,하남시,하남,20.0,1.4,1.7,5,30,3.1,250.0,1968.0,ssp585,2058,23.56,3.56,위험,802
감,경기,하남시,하남,20.0,1.4,1.7,5,30,3.1,250.0,1968.0,ssp585,2068,24.33,4.33,위험,683
감,경기,하남시,하남,20.0,1.4,1.7,5,30,3.1,250.0,1968.0,ssp585,2078,25.1,5.1,위험,600
감,경기,평택시,평택,20.0,1.4,1.7,5,30,0.7,1004.0,1969.0,관측,2005,20.3,0.3,경고,1268
감,경기,평택시,평택,20.0,1.4,1.7,5,30,0.7,1004.0,1969.0,ssp245,2028,21.78,1.78,위험,1093
감,경기,평택시,평택,20.0,1.4,1.7,5,30,0.7,1004.0,1969.0,ssp245,2038,22.17,2.17,위험,1049
감,경기,평택시,평택,20.0,1.4,1.7,5,30,0.7,1004.0,1969.0,ssp245,2048,22.53,2.53,위험,1008
감,경기,평택시,평택,20.0,1.4,1.7,5,30,0.7,1004.0,1969.0,ssp245,2058,22.88,2.88,위험,972
감,경기,평택시,평택,20.0,1.4,1.7,5,30,0.7,1004.0,1969.0,ssp245,2068,23.14,3.14,위험,941
감,경기,평택시,평택,20.0,1.4,1.7,5,30,0.7,1004.0,1969.0,ssp245,2078,23.45,3.45,위험,898
감,경기,평택시,평택,20.0,1.4,1.7,5,30,0.7,1004.0,1969.0,ssp585,2028,21.92,1.92,위험,1089
감,경기,평택시,평택,20.0,1.4,1.7,5,30,0.7,1004.0,1969.0,ssp585,2038,22.47,2.47,위험,1015
감,경기,평택시,평택,20.0,1.4,1.7,5,30,0.7,1004.0,1969.0,ssp585,2048,23.07,3.07,위험,934
감,경기,평택시,평택,20.0,1.4,1.7,5,30,0.7,1004.0,1969.0,ssp585,2058,23.73,3.73,위험,861
감,경기,평택시,평택,20.0,1.4,1.7,5,30,0.7,1004.0,1969.0,ssp585,2068,24.46,4.46,위험,753
감,경기,평택시,평택,20.0,1.4,1.7,5,30,0.7,1004.0,1969.0,ssp585,2078,25.2,5.2,위험,663
감,경기,양평군,양평,20.0,1.4,1.7,5,30,0.3,2117.0,1968.0,관측,2005,19.27,-0.73,적합,1473
감,경기,양평군,양평,20.0,1.4,1.7,5,30,0.3,2117.0,1968.0,ssp245,2028,20.86,0.86,경고,1238
감,경기,양평군,양평,20.0,1.4,1.7,5,30,0.3,2117.0,1968.0,ssp245,2038,21.27,1.27,경고,1184
감,경기,양평군,양평,20.0,1.4,1.7,5,30,0.3,2117.0,1968.0,ssp245,2048,21.65,1.65,주의,1134
감,경기,양평군,양평,20.0,1.4,1.7,5,30,0.3,2117.0,1968.0,ssp245,2058,22.02,2.02,위험,1090
감,경기,양평군,양평,20.0,1.4,1.7,5,30,0.3,2117.0,1968.0,ssp245,2068,22.29,2.29,위험,1055
감,경기,양평군,양평,20.0,1.4,1.7,5,30,0.3,2117.0,1968.0,ssp245,2078,22.61,2.61,위험,1002
감,경기,양평군,양평,20.0,1.4,1.7,5,30,0.3,2117.0,1968.0,ssp585,2028,21.01,1.01,경고,1239
감,경기,양평군,양평,20.0,1.4,1.7,5,30,0.3,2117.0,1968.0,ssp585,2038,21.59,1.59,주의,1151
감,경기,양평군,양평,20.0,1.4,1.7,5,30,0.3,2117.0,1968.0,ssp585,2048,22.21,2.21,위험,1054
감,경기,양평군,양평,20.0,1.4,1.7,5,30,0.3,2117.0,1968.0,ssp585,2058,22.94,2.94,위험,961
감,경기,양평군,양평,20.0,1.4,1.7,5,30,0.3,2117.0,1968.0,ssp585,2068,23.71,3.71,위험,837
감,경기,양평군,양평,20.0,1.4,1.7,5,30,0.3,2117.0,1968.0,ssp585,2078,24.49,4.49,위험,739
감,경기,광명시,광명,20.0,1.4,1.7,5,30,0.2,2521.0,1968.0,관측,2005,20.89,0.89,경고,977
감,경기,광명시,광명,20.0,1.4,1.7,5,30,0.2,2521.0,1968.0,ssp245,2028,22.33,2.33,위험,791
감,경기,광명시,광명,20.0,1.4,1.7,5,30,0.2,2521.0,1968.0,ssp245,2038,22.72,2.72,위험,745
감,경기,광명시,광명,20.0,1.4,1.7,5,30,0.2,2521.0,1968.0,ssp245,2048,23.07,3.07,위험,704
감,경기,광명시,광명,20.0,1.4,1.7,5,30,0.2,2521.0,1968.0,ssp245,2058,23.42,3.42,위험,675
감,경기,광명시,광명,20.0,1.4,1.7,5,30,0.2,2521.0,1968.0,ssp245,2068,23.66,3.66,위험,657
감,경기,광명시,광명,20.0,1.4,1.7,5,30,0.2,2521.0,1968.0,ssp245,2078,23.97,3.97,위험,624
감,경기,광명시,광명,20.0,1.4,1.7,5,30,0.2,2521.0,1968.0,ssp585,2028,22.44,2.44,위험,799
감,경기,광명시,광명,20.0,1.4,1.7,5,30,0.2,2521.0,1968.0,ssp585,2038,22.99,2.99,위험,723
감,경기,광명시,광명,20.0,1.4,1.7,5,30,0.2,2521.0,1968.0,ssp585,2048,23.57,3.57,위험,656
감,경기,광명시,광명,20.0,1.4,1.7,5,30,0.2,2521.0,1968.0,ssp585,2058,24.25,4.25,위험,599
감,경기,광명시,광명,20.0,1.4,1.7,5,30,0.2,2521.0,1968.0,ssp585,2068,24.97,4.97,위험,509
감,경기,광명시,광명,20.0,1.4,1.7,5,30,0.2,2521.0,1968.0,ssp585,2078,25.7,5.7,위험,441
감,경기,광주시,광주,20.0,1.4,1.7,5,30,0.6,611.0,1966.0,관측,2005,20.79,0.79,경고,867
감,경기,광주시,광주,20.0,1.4,1.7,5,30,0.6,611.0,1966.0,ssp245,2028,22.44,2.44,위험,645
감,경기,광주시,광주,20.0,1.4,1.7,5,30,0.6,611.0,1966.0,ssp245,2038,22.87,2.87,위험,594
감,경기,광주시,광주,20.0,1.4,1.7,5,30,0.6,611.0,1966.0,ssp245,2048,23.26,3.26,위험,547
감,경기,광주시,광주,20.0,1.4,1.7,5,30,0.6,611.0,1966.0,ssp245,2058,23.65,3.65,위험,507
감,경기,광주시,광주,20.0,1.4,1.7,5,30,0.6,611.0,1966.0,ssp245,2068,23.92,3.92,위험,486
감,경기,광주시,광주,20.0,1.4,1.7,5,30,0.6,611.0,1966.0,ssp245,2078,24.26,4.26,위험,447
감,경기,광주시,광주,20.0,1.4,1.7,5,30,0.6,611.0,1966.0,ssp585,2028,22.59,2.59,위험,646
감,경기,광주시,광주,20.0,1.4,1.7,5,30,0.6,611.0,1966.0,ssp585,2038,23.19,3.19,위험,560
감,경기,광주시,광주,20.0,1.4,1.7,5,30,0.6,611.0,1966.0,ssp585,2048,23.84,3.84,위험,482
감,경기,광주시,광주,20.0,1.4,1.7,5,30,0.6,611.0,1966.0,ssp585,2058,24.58,4.58,위험,412
감,경기,광주시,광주,20.0,1.4,1.7,5,30,0.6,611.0,1966.0,ssp585,2068,25.36,5.36,위험,317
감,경기,광주시,광주,20.0,1.4,1.7,5,30,0.6,611.0,1966.0,ssp585,2078,26.16,6.16,위험,246
감,경기,이천시,이천,20.0,1.4,1.7,5,30,0.4,472.0,1301.0,관측,2005,19.14,-0.86,적합,1491
감,경기,이천시,이천,20.0,1.4,1.7,5,30,0.4,472.0,1301.0,ssp245,2028,20.71,0.71,경고,1294
감,경기,이천시,이천,20.0,1.4,1.7,5,30,0.4,472.0,1301.0,ssp245,2038,21.12,1.12,경고,1247
감,경기,이천시,이천,20.0,1.4,1.7,5,30,0.4,472.0,1301.0,ssp245,2048,21.49,1.49,주의,1204
감,경기,이천시,이천,20.0,1.4,1.7,5,30,0.4,472.0,1301.0,ssp245,2058,21.86,1.86,위험,1162
감,경기,이천시,이천,20.0,1.4,1.7,5,30,0.4,472.0,1301.0,ssp245,2068,22.13,2.13,위험,1130
감,경기,이천시,이천,20.0,1.4,1.7,5,30,0.4,472.0,1301.0,ssp245,2078,22.44,2.44,위험,1084
감,경기,이천시,이천,20.0,1.4,1.7,5,30,0.4,472.0,1301.0,ssp585,2028,20.85,0.85,경고,1299
감,경기,이천시,이천,20.0,1.4,1.7,5,30,0.4,472.0,1301.0,ssp585,2038,21.42,1.42,주의,1218
감,경기,이천시,이천,20.0,1.4,1.7,5,30,0.4,472.0,1301.0,ssp585,2048,22.03,2.03,위험,1131
감,경기,이천시,이천,20.0,1.4,1.7,5,30,0.4,472.0,1301.0,ssp585,2058,22.73,2.73,위험,1048
감,경기,이천시,이천,20.0,1.4,1.7,5,30,0.4,472.0,1301.0,ssp585,2068,23.48,3.48,위험,933
감,경기,이천시,이천,20.0,1.4,1.7,5,30,0.4,472.0,1301.0,ssp585,2078,24.24,4.24,위험,838
감,경기,파주시,파주,20.0,1.4,1.7,5,30,7.8,11.0,1963.0,관측,2005,18.66,-1.34,적합,1661
감,경기,파주시,파주,20.0,1.4,1.7,5,30,7.8,11.0,1963.0,ssp245,2028,20.1,0.1,경고,1456
감,경기,파주시,파주,20.0,1.4,1.7,5,30,7.8,11.0,1963.0,ssp245,2038,20.48,0.48,경고,1408
감,경기,파주시,파주,20.0,1.4,1.7,5,30,7.8,11.0,1963.0,ssp245,2048,20.82,0.82,경고,1361
감,경기,파주시,파주,20.0,1.4,1.7,5,30,7.8,11.0,1963.0,ssp245,2058,21.16,1.16,경고,1324
감,경기,파주시,파주,20.0,1.4,1.7,5,30,7.8,11.0,1963.0,ssp245,2068,21.42,1.42,주의,1292
감,경기,파주시,파주,20.0,1.4,1.7,5,30,7.8,11.0,1963.0,ssp245,2078,21.72,1.72,위험,1244
감,경기,파주시,파주,20.0,1.4,1.7,5,30,7.8,11.0,1963.0,ssp585,2028,20.21,0.21,경고,1455
감,경기,파주시,파주,20.0,1.4,1.7,5,30,7.8,11.0,1963.0,ssp585,2038,20.75,0.75,경고,1380
감,경기,파주시,파주,20.0,1.4,1.7,5,30,7.8,11.0,1963.0,ssp585,2048,21.33,1.33,경고,1294
감,경기,파주시,파주,20.0,1.4,1.7,5,30,7.8,11.0,1963.0,ssp585,2058,22.01,2.01,위험,1211
감,경기,파주시,파주,20.0,1.4,1.7,5,30,7.8,11.0,1963.0,ssp585,2068,22.75,2.75,위험,1094
감,경기,파주시,파주,20.0,1.4,1.7,5,30,7.8,11.0,1963.0,ssp585,2078,23.5,3.5,위험,997
감,경기,군포시,군포,20.0,1.4,1.7,5,30,4.8,13.0,1968.0,관측,2005,20.51,0.51,경고,1019
감,경기,군포시,군포,20.0,1.4,1.7,5,30,4.8,13.0,1968.0,ssp245,2028,22.29,2.29,위험,810
감,경기,군포시,군포,20.0,1.4,1.7,5,30,4.8,13.0,1968.0,ssp245,2038,22.77,2.77,위험,757
감,경기,군포시,군포,20.0,1.4,1.7,5,30,4.8,13.0,1968.0,ssp245,2048,23.19,3.19,위험,708
감,경기,군포시,군포,20.0,1.4,1.7,5,30,4.8,13.0,1968.0,ssp245,2058,23.61,3.61,위험,667
감,경기,군포시,군포,20.0,1.4,1.7,5,30,4.8,13.0,1968.0,ssp245,2068,23.91,3.91,위험,647
감,경기,군포시,군포,20.0,1.4,1.7,5,30,4.8,13.0,1968.0,ssp245,2078,24.29,4.29,위험,609
감,경기,군포시,군포,20.0,1.4,1.7,5,30,4.8,13.0,1968.0,ssp585,2028,22.46,2.46,위험,804
감,경기,군포시,군포,20.0,1.4,1.7,5,30,4.8,13.0,1968.0,ssp585,2038,23.13,3.13,위험,716
감,경기,군포시,군포,20.0,1.4,1.7,5,30,4.8,13.0,1968.0,ssp585,2048,23.84,3.84,위험,636
감,경기,군포시,군포,20.0,1.4,1.7,5,30,4.8,13.0,1968.0,ssp585,2058,24.65,4.65,위험,572
감,경기,군포시,군포,20.0,1.4,1.7,5,30,4.8,13.0,1968.0,ssp585,2068,25.51,5.51,위험,469
감,경기,군포시,군포,20.0,1.4,1.7,5,30,4.8,13.0,1968.0,ssp585,2078,26.37,6.37,위험,388
감,경기,과천시,과천,20.0,1.4,1.7,5,30,0.1,570.0,1975.0,관측,2005,19.8,-0.2,적합,1299
감,경기,과천시,과천,20.0,1.4,1.7,5,30,0.1,570.0,1975.0,ssp245,2028,21.56,1.56,주의,1084
감,경기,과천시,과천,20.0,1.4,1.7,5,30,0.1,570.0,1975.0,ssp245,2038,22.02,2.02,위험,1032
감,경기,과천시,과천,20.0,1.4,1.7,5,30,0.1,570.0,1975.0,ssp245,2048,22.45,2.45,위험,985
감,경기,과천시,과천,20.0,1.4,1.7,5,30,0.1,570.0,1975.0,ssp245,2058,22.86,2.86,위험,944
감,경기,과천시,과천,20.0,1.4,1.7,5,30,0.1,570.0,1975.0,ssp245,2068,23.16,3.16,위험,910
감,경기,과천시,과천,20.0,1.4,1.7,5,30,0.1,570.0,1975.0,ssp245,2078,23.53,3.53,위험,858
감,경기,과천시,과천,20.0,1.4,1.7,5,30,0.1,570.0,1975.0,ssp585,2028,21.74,1.74,위험,1075
감,경기,과천시,과천,20.0,1.4,1.7,5,30,0.1,570.0,1975.0,ssp585,2038,22.4,2.4,위험,990
감,경기,과천시,과천,20.0,1.4,1.7,5,30,0.1,570.0,1975.0,ssp585,2048,23.1,3.1,위험,895
감,경기,과천시,과천,20.0,1.4,1.7,5,30,0.1,570.0,1975.0,ssp585,2058,23.91,3.91,위험,807
감,경기,과천시,과천,20.0,1.4,1.7,5,30,0.1,570.0,1975.0,ssp585,2068,24.76,4.76,위험,682
감,경기,과천시,과천,20.0,1.4,1.7,5,30,0.1,570.0,1975.0,ssp585,2078,25.62,5.62,위험,589
감,강원,인제군,인제,20.0,1.4,1.7,5,30,,,1654.0,관측,2005,17.71,-2.29,적합,1644
감,강원,인제군,인제,20.0,1.4,1.7,5,30,,,1654.0,ssp245,2028,19.66,-0.34,적합,1396
감,강원,인제군,인제,20.0,1.4,1.7,5,30,,,1654.0,ssp245,2038,20.16,0.16,경고,1341
감,강원,인제군,인제,20.0,1.4,1.7,5,30,,,1654.0,ssp245,2048,20.61,0.61,경고,1281
감,강원,인제군,인제,20.0,1.4,1.7,5,30,,,1654.0,ssp245,2058,21.05,1.05,경고,1234
감,강원,인제군,인제,20.0,1.4,1.7,5,30,,,1654.0,ssp245,2068,21.35,1.35,경고,1193
감,강원,인제군,인제,20.0,1.4,1.7,5,30,,,1654.0,ssp245,2078,21.73,1.73,위험,1132
감,강원,인제군,인제,20.0,1.4,1.7,5,30,,,1654.0,ssp585,2028,19.78,-0.22,적합,1410
감,강원,인제군,인제,20.0,1.4,1.7,5,30,,,1654.0,ssp585,2038,20.45,0.45,경고,1315
감,강원,인제군,인제,20.0,1.4,1.7,5,30,,,1654.0,ssp585,2048,21.22,1.22,경고,1206
감,강원,인제군,인제,20.0,1.4,1.7,5,30,,,1654.0,ssp585,2058,22.07,2.07,위험,1101
감,강원,인제군,인제,20.0,1.4,1.7,5,30,,,1654.0,ssp585,2068,22.99,2.99,위험,954
감,강원,인제군,인제,20.0,1.4,1.7,5,30,,,1654.0,ssp585,2078,23.91,3.91,위험,833
감,경기,여주시,여주,20.0,1.4,1.7,5,30,,,,관측,2005,19.23,-0.77,적합,1503
감,경기,여주시,여주,20.0,1.4,1.7,5,30,,,,ssp245,2028,20.75,0.75,경고,1305
감,경기,여주시,여주,20.0,1.4,1.7,5,30,,,,ssp245,2038,21.15,1.15,경고,1258
감,경기,여주시,여주,20.0,1.4,1.7,5,30,,,,ssp245,2048,21.51,1.51,주의,1215
감,경기,여주시,여주,20.0,1.4,1.7,5,30,,,,ssp245,2058,21.87,1.87,위험,1174
감,경기,여주시,여주,20.0,1.4,1.7,5,30,,,,ssp245,2068,22.13,2.13,위험,1142
감,경기,여주시,여주,20.0,1.4,1.7,5,30,,,,ssp245,2078,22.44,2.44,위험,1096
감,경기,여주시,여주,20.0,1.4,1.7,5,30,,,,ssp585,2028,20.91,0.91,경고,1306
감,경기,여주시,여주,20.0,1.4,1.7,5,30,,,,ssp585,2038,21.47,1.47,주의,1226
감,경기,여주시,여주,20.0,1.4,1.7,5,30,,,,ssp585,2048,22.06,2.06,위험,1139
감,경기,여주시,여주,20.0,1.4,1.7,5,30,,,,ssp585,2058,22.76,2.76,위험,1055
감,경기,여주시,여주,20.0,1.4,1.7,5,30,,,,ssp585,2068,23.5,3.5,위험,941
감,경기,여주시,여주,20.0,1.4,1.7,5,30,,,,ssp585,2078,24.26,4.26,위험,846
감,강원,원주시,원주,20.0,1.4,1.7,5,30,,,,관측,2005,19.49,-0.51,적합,1419
감,강원,원주시,원주,20.0,1.4,1.7,5,30,,,,ssp245,2028,21.02,1.02,경고,1201
감,강원,원주시,원주,20.0,1.4,1.7,5,30,,,,ssp245,2038,21.41,1.41,주의,1149
감,강원,원주시,원주,20.0,1.4,1.7,5,30,,,,ssp245,2048,21.78,1.78,위험,1102
감,강원,원주시,원주,20.0,1.4,1.7,5,30,,,,ssp245,2058,22.15,2.15,위험,1056
감,강원,원주시,원주,20.0,1.4,1.7,5,30,,,,ssp245,2068,22.42,2.42,위험,1021
감,강원,원주시,원주,20.0,1.4,1.7,5,30,,,,ssp245,2078,22.73,2.73,위험,970
감,강원,원주시,원주,20.0,1.4,1.7,5,30,,,,ssp585,2028,21.19,1.19,경고,1200
감,강원,원주시,원주,20.0,1.4,1.7,5,30,,,,ssp585,2038,21.75,1.75,위험,1112
감,강원,원주시,원주,20.0,1.4,1.7,5,30,,,,ssp585,2048,22.35,2.35,위험,1017
감,강원,원주시,원주,20.0,1.4,1.7,5,30,,,,ssp585,2058,23.06,3.06,위험,925
감,강원,원주시,원주,20.0,1.4,1.7,5,30,,,,ssp585,2068,23.81,3.81,위험,801
감,강원,원주시,원주,20.0,1.4,1.7,5,30,,,,ssp585,2078,24.58,4.58,위험,700
감,경기,포천시,포천,20.0,1.4,1.7,5,30,,,,관측,2005,19.2,-0.8,적합,1633
감,경기,포천시,포천,20.0,1.4,1.7,5,30,,,,ssp245,2028,20.74,0.74,경고,1400
감,경기,포천시,포천,20.0,1.4,1.7,5,30,,,,ssp245,2038,21.13,1.13,경고,1350
감,경기,포천시,포천,20.0,1.4,1.7,5,30,,,,ssp245,2048,21.49,1.49,주의,1300
감,경기,포천시,포천,20.0,1.4,1.7,5,30,,,,ssp245,2058,21.85,1.85,위험,1258
감,경기,포천시,포천,20.0,1.4,1.7,5,30,,,,ssp245,2068,22.11,2.11,위험,1223
감,경기,포천시,포천,20.0,1.4,1.7,5,30,,,,ssp245,2078,22.42,2.42,위험,1169
감,경기,포천시,포천,20.0,1.4,1.7,5,30,,,,ssp585,2028,20.88,0.88,경고,1394
감,경기,포천시,포천,20.0,1.4,1.7,5,30,,,,ssp585,2038,21.44,1.44,주의,1311
감,경기,포천시,포천,20.0,1.4,1.7,5,30,,,,ssp585,2048,22.05,2.05,위험,1218
감,경기,포천시,포천,20.0,1.4,1.7,5,30,,,,ssp585,2058,22.75,2.75,위험,1126
감,경기,포천시,포천,20.0,1.4,1.7,5,30,,,,ssp585,2068,23.52,3.52,위험,999
감,경기,포천시,포천,20.0,1.4,1.7,5,30,,,,ssp585,2078,24.29,4.29,위험,901
감,강원,홍천군,홍천,20.0,1.4,1.7,5,30,,,,관측,2005,18.59,-1.41,적합,1662
감,강원,홍천군,홍천,20.0,1.4,1.7,5,30,,,,ssp245,2028,20.29,0.29,경고,1421
감,강원,홍천군,홍천,20.0,1.4,1.7,5,30,,,,ssp245,2038,20.73,0.73,경고,1364
감,강원,홍천군,홍천,20.0,1.4,1.7,5,30,,,,ssp245,2048,21.13,1.13,경고,1306
감,강원,홍천군,홍천,20.0,1.4,1.7,5,30,,,,ssp245,2058,21.53,1.53,주의,1260
감,강원,홍천군,홍천,20.0,1.4,1.7,5,30,,,,ssp245,2068,21.8,1.8,위험,1223
감,강원,홍천군,홍천,20.0,1.4,1.7,5,30,,,,ssp245,2078,22.14,2.14,위험,1163
감,강원,홍천군,홍천,20.0,1.4,1.7,5,30,,,,ssp585,2028,20.44,0.44,경고,1426
감,강원,홍천군,홍천,20.0,1.4,1.7,5,30,,,,ssp585,2038,21.05,1.05,경고,1332
감,강원,홍천군,홍천,20.0,1.4,1.7,5,30,,,,ssp585,2048,21.71,1.71,위험,1228
감,강원,홍천군,홍천,20.0,1.4,1.7,5,30,,,,ssp585,2058,22.47,2.47,위험,1126
감,강원,홍천군,홍천,20.0,1.4,1.7,5,30,,,,ssp585,2068,23.28,3.28,위험,987
감,강원,홍천군,홍천,20.0,1.4,1.7,5,30,,,,ssp585,2078,24.1,4.1,위험,876
감,강원,영월군,영월,20.0,1.4,1.7,5,30,,,,관측,2005,18.54,-1.46,적합,1563
감,강원,영월군,영월,20.0,1.4,1.7,5,30,,,,ssp245,2028,20.24,0.24,경고,1331
감,강원,영월군,영월,20.0,1.4,1.7,5,30,,,,ssp245,2038,20.66,0.66,경고,1280
감,강원,영월군,영월,20.0,1.4,1.7,5,30,,,,ssp245,2048,21.06,1.06,경고,1229
감,강원,영월군,영월,20.0,1.4,1.7,5,30,,,,ssp245,2058,21.46,1.46,주의,1179
감,강원,영월군,영월,20.0,1.4,1.7,5,30,,,,ssp245,2068,21.75,1.75,위험,1141
감,강원,영월군,영월,20.0,1.4,1.7,5,30,,,,ssp245,2078,22.09,2.09,위험,1087
감,강원,영월군,영월,20.0,1.4,1.7,5,30,,,,ssp585,2028,20.37,0.37,경고,1344
감,강원,영월군,영월,20.0,1.4,1.7,5,30,,,,ssp585,2038,20.97,0.97,경고,1250
감,강원,영월군,영월,20.0,1.4,1.7,5,30,,,,ssp585,2048,21.63,1.63,주의,1151
감,강원,영월군,영월,20.0,1.4,1.7,5,30,,,,ssp585,2058,22.38,2.38,위험,1053
감,강원,영월군,영월,20.0,1.4,1.7,5,30,,,,ssp585,2068,23.19,3.19,위험,921
감,강원,영월군,영월,20.0,1.4,1.7,5,30,,,,ssp585,2078,24.0,4.0,위험,814
감,강원,춘천시,춘천,20.0,1.4,1.7,5,30,,,,관측,2005,19.13,-0.87,적합,1536
감,강원,춘천시,춘천,20.0,1.4,1.7,5,30,,,,ssp245,2028,20.77,0.77,경고,1304
감,강원,춘천시,춘천,20.0,1.4,1.7,5,30,,,,ssp245,2038,21.18,1.18,경고,1251
감,강원,춘천시,춘천,20.0,1.4,1.7,5,30,,,,ssp245,2048,21.57,1.57,주의,1197
감,강원,춘천시,춘천,20.0,1.4,1.7,5,30,,,,ssp245,2058,21.95,1.95,위험,1154
감,강원,춘천시,춘천,20.0,1.4,1.7,5,30,,,,ssp245,2068,22.21,2.21,위험,1118
감,강원,춘천시,춘천,20.0,1.4,1.7,5,30,,,,ssp245,2078,22.54,2.54,위험,1064
감,강원,춘천시,춘천,20.0,1.4,1.7,5,30,,,,ssp585,2028,20.9,0.9,경고,1305
감,강원,춘천시,춘천,20.0,1.4,1.7,5,30,,,,ssp585,2038,21.49,1.49,주의,1217
감,강원,춘천시,춘천,20.0,1.4,1.7,5,30,,,,ssp585,2048,22.13,2.13,위험,1119
감,강원,춘천시,춘천,20.0,1.4,1.7,5,30,,,,ssp585,2058,22.86,2.86,위험,1024
감,강원,춘천시,춘천,20.0,1.4,1.7,5,30,,,,ssp585,2068,23.65,3.65,위험,893
감,강원,춘천시,춘천,20.0,1.4,1.7,5,30,,,,ssp585,2078,24.44,4.44,위험,789
감,경기,양주시,양주,20.0,1.4,1.7,5,30,,,,관측,2005,19.07,-0.93,적합,1678
감,경기,양주시,양주,20.0,1.4,1.7,5,30,,,,ssp245,2028,20.59,0.59,경고,1456
감,경기,양주시,양주,20.0,1.4,1.7,5,30,,,,ssp245,2038,20.99,0.99,경고,1406
감,경기,양주시,양주,20.0,1.4,1.7,5,30,,,,ssp245,2048,21.36,1.36,경고,1356
감,경기,양주시,양주,20.0,1.4,1.7,5,30,,,,ssp245,2058,21.72,1.72,위험,1317
감,경기,양주시,양주,20.0,1.4,1.7,5,30,,,,ssp245,2068,21.98,1.98,위험,1284
감,경기,양주시,양주,20.0,1.4,1.7,5,30,,,,ssp245,2078,22.31,2.31,위험,1232
감,경기,양주시,양주,20.0,1.4,1.7,5,30,,,,ssp585,2028,20.76,0.76,경고,1441
감,경기,양주시,양주,20.0,1.4,1.7,5,30,,,,ssp585,2038,21.33,1.33,경고,1362
감,경기,양주시,양주,20.0,1.4,1.7,5,30,,,,ssp585,2048,21.94,1.94,위험,1271
감,경기,양주시,양주,20.0,1.4,1.7,5,30,,,,ssp585,2058,22.65,2.65,위험,1183
감,경기,양주시,양주,20.0,1.4,1.7,5,30,,,,ssp585,2068,23.43,3.43,위험,1063
감,경기,양주시,양주,20.0,1.4,1.7,5,30,,,,ssp585,2078,24.21,4.21,위험,967
감,강원,화천군,화천,20.0,1.4,1.7,5,30,,,,관측,2005,18.24,-1.76,적합,1726
감,강원,화천군,화천,20.0,1.4,1.7,5,30,,,,ssp245,2028,19.97,-0.03,적합,1466
감,강원,화천군,화천,20.0,1.4,1.7,5,30,,,,ssp245,2038,20.41,0.41,경고,1409
감,강원,화천군,화천,20.0,1.4,1.7,5,30,,,,ssp245,2048,20.81,0.81,경고,1350
감,강원,화천군,화천,20.0,1.4,1.7,5,30,,,,ssp245,2058,21.21,1.21,경고,1303
감,강원,화천군,화천,20.0,1.4,1.7,5,30,,,,ssp245,2068,21.47,1.47,주의,1263
감,강원,화천군,화천,20.0,1.4,1.7,5,30,,,,ssp245,2078,21.82,1.82,위험,1202
감,강원,화천군,화천,20.0,1.4,1.7,5,30,,,,ssp585,2028,20.08,0.08,경고,1472
감,강원,화천군,화천,20.0,1.4,1.7,5,30,,,,ssp585,2038,20.69,0.69,경고,1375
감,강원,화천군,화천,20.0,1.4,1.7,5,30,,,,ssp585,2048,21.38,1.38,경고,1266
감,강원,화천군,화천,20.0,1.4,1.7,5,30,,,,ssp585,2058,22.15,2.15,위험,1161
감,강원,화천군,화천,20.0,1.4,1.7,5,30,,,,ssp585,2068,22.98,2.98,위험,1018
감,강원,화천군,화천,20.0,1.4,1.7,5,30,,,,ssp585,2078,23.83,3.83,위험,905
감,경기,동두천시,동두천,20.0,1.4,1.7,5,30,,,,관측,2005,19.03,-0.97,적합,1519
감,경기,동두천시,동두천,20.0,1.4,1.7,5,30,,,,ssp245,2028,20.55,0.55,경고,1290
감,경기,동두천시,동두천,20.0,1.4,1.7,5,30,,,,ssp245,2038,20.94,0.94,경고,1240
감,경기,동두천시,동두천,20.0,1.4,1.7,5,30,,,,ssp245,2048,21.3,1.3,경고,1191
감,경기,동두천시,동두천,20.0,1.4,1.7,5,30,,,,ssp245,2058,21.66,1.66,주의,1149
감,경기,동두천시,동두천,20.0,1.4,1.7,5,30,,,,ssp245,2068,21.92,1.92,위험,1116
감,경기,동두천시,동두천,20.0,1.4,1.7,5,30,,,,ssp245,2078,22.23,2.23,위험,1063
감,경기,동두천시,동두천,20.0,1.4,1.7,5,30,,,,ssp585,2028,20.7,0.7,경고,1281
감,경기,동두천시,동두천,20.0,1.4,1.7,5,30,,,,ssp585,2038,21.27,1.27,경고,1200
감,경기,동두천시,동두천,20.0,1.4,1.7,5,30,,,,ssp585,2048,21.87,1.87,위험,1109
감,경기,동두천시,동두천,20.0,1.4,1.7,5,30,,,,ssp585,2058,22.56,2.56,위험,1017
감,경기,동두천시,동두천,20.0,1.4,1.7,5,30,,,,ssp585,2068,23.33,3.33,위험,893
감,경기,동두천시,동두천,20.0,1.4,1.7,5,30,,,,ssp585,2078,24.1,4.1,위험,796
감,강원,정선군,정선,20.0,1.4,1.7,5,30,,,,관측,2005,18.06,-1.94,적합,1533
감,강원,정선군,정선,20.0,1.4,1.7,5,30,,,,ssp245,2028,19.97,-0.03,적합,1290
감,강원,정선군,정선,20.0,1.4,1.7,5,30,,,,ssp245,2038,20.43,0.43,경고,1236
감,강원,정선군,정선,20.0,1.4,1.7,5,30,,,,ssp245,2048,20.88,0.88,경고,1183
감,강원,정선군,정선,20.0,1.4,1.7,5,30,,,,ssp245,2058,21.32,1.32,경고,1133
감,강원,정선군,정선,20.0,1.4,1.7,5,30,,,,ssp245,2068,21.63,1.63,주의,1096
감,강원,정선군,정선,20.0,1.4,1.7,5,30,,,,ssp245,2078,22.02,2.02,위험,1040
감,강원,정선군,정선,20.0,1.4,1.7,5,30,,,,ssp585,2028,20.08,0.08,경고,1311
감,강원,정선군,정선,20.0,1.4,1.7,5,30,,,,ssp585,2038,20.76,0.76,경고,1213
감,강원,정선군,정선,20.0,1.4,1.7,5,30,,,,ssp585,2048,21.5,1.5,주의,1110
감,강원,정선군,정선,20.0,1.4,1.7,5,30,,,,ssp585,2058,22.34,2.34,위험,1006
감,강원,정선군,정선,20.0,1.4,1.7,5,30,,,,ssp585,2068,23.24,3.24,위험,866
감,강원,정선군,정선,20.0,1.4,1.7,5,30,,,,ssp585,2078,24.13,4.13,위험,750
감,강원,평창군,평창,20.0,1.4,1.7,5,30,,,,관측,2005,17.59,-2.41,적합,1696
감,강원,평창군,평창,20.0,1.4,1.7,5,30,,,,ssp245,2028,19.39,-0.61,적합,1451
감,강원,평창군,평창,20.0,1.4,1.7,5,30,,,,ssp245,2038,19.84,-0.16,적합,1393
감,강원,평창군,평창,20.0,1.4,1.7,5,30,,,,ssp245,2048,20.28,0.28,경고,1336
감,강원,평창군,평창,20.0,1.4,1.7,5,30,,,,ssp245,2058,20.7,0.7,경고,1287
감,강원,평창군,평창,20.0,1.4,1.7,5,30,,,,ssp245,2068,20.99,0.99,경고,1248
감,강원,평창군,평창,20.0,1.4,1.7,5,30,,,,ssp245,2078,21.36,1.36,경고,1188
감,강원,평창군,평창,20.0,1.4,1.7,5,30,,,,ssp585,2028,19.49,-0.51,적합,1478
감,강원,평창군,평창,20.0,1.4,1.7,5,30,,,,ssp585,2038,20.14,0.14,경고,1380
감,강원,평창군,평창,20.0,1.4,1.7,5,30,,,,ssp585,2048,20.83,0.83,경고,1276
감,강원,평창군,평창,20.0,1.4,1.7,5,30,,,,ssp585,2058,21.63,1.63,주의,1170
감,강원,평창군,평창,20.0,1.4,1.7,5,30,,,,ssp585,2068,22.5,2.5,위험,1027
감,강원,평창군,평창,20.0,1.4,1.7,5,30,,,,ssp585,2078,23.36,3.36,위험,911
감,강원,태백시,태백,20.0,1.4,1.7,5,30,,,,관측,2005,15.84,-4.16,적합,1631
감,강원,태백시,태백,20.0,1.4,1.7,5,30,,,,ssp245,2028,18.09,-1.91,적합,1350
감,강원,태백시,태백,20.0,1.4,1.7,5,30,,,,ssp245,2038,18.67,-1.33,적합,1290
감,강원,태백시,태백,20.0,1.4,1.7,5,30,,,,ssp245,2048,19.16,-0.84,적합,1232
감,강원,태백시,태백,20.0,1.4,1.7,5,30,,,,ssp245,2058,19.72,-0.28,적합,1171
감,강원,태백시,태백,20.0,1.4,1.7,5,30,,,,ssp245,2068,20.09,0.09,경고,1130
감,강원,태백시,태백,20.0,1.4,1.7,5,30,,,,ssp245,2078,20.56,0.56,경고,1067
감,강원,태백시,태백,20.0,1.4,1.7,5,30,,,,ssp585,2028,18.23,-1.77,적합,1374
감,강원,태백시,태백,20.0,1.4,1.7,5,30,,,,ssp585,2038,19.05,-0.95,적합,1261
감,강원,태백시,태백,20.0,1.4,1.7,5,30,,,,ssp585,2048,19.94,-0.06,적합,1141
감,강원,태백시,태백,20.0,1.4,1.7,5,30,,,,ssp585,2058,20.94,0.94,경고,1020
감,강원,태백시,태백,20.0,1.4,1.7,5,30,,,,ssp585,2068,21.99,1.99,위험,857
감,강원,태백시,태백,20.0,1.4,1.7,5,30,,,,ssp585,2078,23.02,3.02,위험,722
감,경기,구리시,구리,20.0,1.4,1.7,5,30,,,,관측,2005,20.19,0.19,경고,1278
감,경기,구리시,구리,20.0,1.4,1.7,5,30,,,,ssp245,2028,21.65,1.65,주의,1076
감,경기,구리시,구리,20.0,1.4,1.7,5,30,,,,ssp245,2038,22.04,2.04,위험,1031
감,경기,구리시,구리,20.0,1.4,1.7,5,30,,,,ssp245,2048,22.4,2.4,위험,985
감,경기,구리시,구리,20.0,1.4,1.7,5,30,,,,ssp245,2058,22.75,2.75,위험,948
감,경기,구리시,구리,20.0,1.4,1.7,5,30,,,,ssp245,2068,23.02,3.02,위험,918
감,경기,구리시,구리,20.0,1.4,1.7,5,30,,,,ssp245,2078,23.33,3.33,위험,868
감,경기,구리시,구리,20.0,1.4,1.7,5,30,,,,ssp585,2028,21.82,1.82,위험,1065
감,경기,구리시,구리,20.0,1.4,1.7,5,30,,,,ssp585,2038,22.38,2.38,위험,989
감,경기,구리시,구리,20.0,1.4,1.7,5,30,,,,ssp585,2048,22.97,2.97,위험,903
감,경기,구리시,구리,20.0,1.4,1.7,5,30,,,,ssp585,2058,23.67,3.67,위험,820
감,경기,구리시,구리,20.0,1.4,1.7,5,30,,,,ssp585,2068,24.43,4.43,위험,703
감,경기,구리시,구리,20.0,1.4,1.7,5,30,,,,ssp585,2078,25.18,5.18,위험,613
감,경기,성남시,성남,20.0,1.4,1.7,5,30,,,,관측,2005,20.51,0.51,경고,1170
감,경기,성남시,성남,20.0,1.4,1.7,5,30,,,,ssp245,2028,22.17,2.17,위험,963
감,경기,성남시,성남,20.0,1.4,1.7,5,30,,,,ssp245,2038,22.61,2.61,위험,914
감,경기,성남시,성남,20.0,1.4,1.7,5,30,,,,ssp245,2048,23.01,3.01,위험,869
감,경기,성남시,성남,20.0,1.4,1.7,5,30,,,,ssp245,2058,23.4,3.4,위험,828
감,경기,성남시,성남,20.0,1.4,1.7,5,30,,,,ssp245,2068,23.68,3.68,위험,795
감,경기,성남시,성남,20.0,1.4,1.7,5,30,,,,ssp245,2078,24.03,4.03,위험,744
감,경기,성남시,성남,20.0,1.4,1.7,5,30,,,,ssp585,2028,22.35,2.35,위험,954
감,경기,성남시,성남,20.0,1.4,1.7,5,30,,,,ssp585,2038,22.98,2.98,위험,872
감,경기,성남시,성남,20.0,1.4,1.7,5,30,,,,ssp585,2048,23.64,3.64,위험,780
감,경기,성남시,성남,20.0,1.4,1.7,5,30,,,,ssp585,2058,24.39,4.39,위험,692
감,경기,성남시,성남,20.0,1.4,1.7,5,30,,,,ssp585,2068,25.19,5.19,위험,583
감,경기,성남시,성남,20.0,1.4,1.7,5,30,,,,ssp585,2078,26.0,6.0,위험,509
감,제주,서귀포시,서귀포,20.0,1.4,1.7,5,30,,,,관측,2005,21.74,1.74,위험,195
감,제주,서귀포시,서귀포,20.0,1.4,1.7,5,30,,,,ssp245,2028,23.88,3.88,위험,80
감,제주,서귀포시,서귀포,20.0,1.4,1.7,5,30,,,,ssp245,2038,24.46,4.46,위험,54
감,제주,서귀포시,서귀포,20.0,1.4,1.7,5,30,,,,ssp245,2048,24.89,4.89,위험,35
감,제주,서귀포시,서귀포,20.0,1.4,1.7,5,30,,,,ssp245,2058,25.4,5.4,위험,19
감,제주,서귀포시,서귀포,20.0,1.4,1.7,5,30,,,,ssp245,2068,25.8,5.8,위험,15
감,제주,서귀포시,서귀포,20.0,1.4,1.7,5,30,,,,ssp245,2078,26.17,6.17,위험,2
감,제주,서귀포시,서귀포,20.0,1.4,1.7,5,30,,,,ssp585,2028,23.98,3.98,위험,79
감,제주,서귀포시,서귀포,20.0,1.4,1.7,5,30,,,,ssp585,2038,24.81,4.81,위험,42
감,제주,서귀포시,서귀포,20.0,1.4,1.7,5,30,,,,ssp585,2048,25.61,5.61,위험,14
감,제주,서귀포시,서귀포,20.0,1.4,1.7,5,30,,,,ssp585,2058,26.49,6.49,위험,0
감,제주,서귀포시,서귀포,20.0,1.4,1.7,5,30,,,,ssp585,2068,27.39,7.39,위험,0
감,제주,서귀포시,서귀포,20.0,1.4,1.7,5,30,,,,ssp585,2078,28.23,8.23,위험,0
감,강원,횡성군,횡성,20.0,1.4,1.7,5,30,,,,관측,2005,18.74,-1.26,적합,1648
감,강원,횡성군,횡성,20.0,1.4,1.7,5,30,,,,ssp245,2028,20.35,0.35,경고,1408
감,강원,횡성군,횡성,20.0,1.4,1.7,5,30,,,,ssp245,2038,20.77,0.77,경고,1351
감,강원,횡성군,횡성,20.0,1.4,1.7,5,30,,,,ssp245,2048,21.15,1.15,경고,1297
감,강원,횡성군,횡성,20.0,1.4,1.7,5,30,,,,ssp245,2058,21.52,1.52,주의,1249
감,강원,횡성군,횡성,20.0,1.4,1.7,5,30,,,,ssp245,2068,21.79,1.79,위험,1212
감,강원,횡성군,횡성,20.0,1.4,1.7,5,30,,,,ssp245,2078,22.11,2.11,위험,1154
감,강원,횡성군,횡성,20.0,1.4,1.7,5,30,,,,ssp585,2028,20.51,0.51,경고,1410
감,강원,횡성군,횡성,20.0,1.4,1.7,5,30,,,,ssp585,2038,21.08,1.08,경고,1315
감,강원,횡성군,횡성,20.0,1.4,1.7,5,30,,,,ssp585,2048,21.71,1.71,위험,1212
감,강원,횡성군,횡성,20.0,1.4,1.7,5,30,,,,ssp585,2058,22.43,2.43,위험,1112
감,강원,횡성군,횡성,20.0,1.4,1.7,5,30,,,,ssp585,2068,23.2,3.2,위험,976
감,강원,횡성군,횡성,20.0,1.4,1.7,5,30,,,,ssp585,2078,23.99,3.99,위험,867
